pair_id,cluster_id,genre,direction,flag_ko_nfc_changed,flag_ko_empty,flag_ko_control_chars,n_chars_ko,n_bytes_utf8_ko,flag_en_nfc_changed,flag_en_empty,flag_en_control_chars,n_chars_en,n_bytes_utf8_en,flag_ko_no_hangul,flag_en_has_hangul,flag_duplicate_pair_id,flag_missing_meta,bits_ko,bits_en,n_targets_ko,n_targets_en,est_tokens_ko,est_tokens_en,n_chunks_ko,n_chunks_en,tokens_ko_baseline,tokens_en_baseline,tokens_ko_koreanfit,tokens_en_koreanfit
globalvoices-v2018q4-d0001-a0001,globalvoices-v2018q4-doc-5de2aa4b26dcb9cf,news,unknown,False,False,False,23,57,False,False,False,63,64,False,False,False,False,89.12160571082495,109.64760971069336,18,12,18,12,1,1,15,12,8,30
globalvoices-v2018q4-d0001-a0002,globalvoices-v2018q4-doc-5de2aa4b26dcb9cf,news,unknown,False,False,False,46,104,False,False,False,85,85,False,False,False,False,127.9609974778723,70.02197896063444,34,21,34,21,1,1,27,18,20,39
globalvoices-v2018q4-d0001-a0003,globalvoices-v2018q4-doc-5de2aa4b26dcb9cf,news,unknown,False,False,False,88,210,False,False,False,177,177,False,False,False,False,316.64159812033176,162.8792914263904,67,39,67,39,1,1,55,37,42,87
globalvoices-v2018q4-d0001-a0004,globalvoices-v2018q4-doc-5de2aa4b26dcb9cf,news,unknown,False,False,False,182,420,False,False,False,260,262,False,False,False,False,379.4344442260626,259.0988948410377,144,60,144,60,1,1,118,56,83,137
globalvoices-v2018q4-d0001-a0005,globalvoices-v2018q4-doc-5de2aa4b26dcb9cf,news,unknown,False,False,False,122,276,False,False,False,127,127,False,False,False,False,301.80855228891596,117.5503688894969,89,31,89,31,1,1,68,27,58,60
globalvoices-v2018q4-d0001-a0006,globalvoices-v2018q4-doc-5de2aa4b26dcb9cf,news,unknown,False,False,False,37,75,False,False,False,126,126,False,False,False,False,140.15875132381916,159.3493792731315,27,28,27,28,1,1,25,25,19,66
globalvoices-v2018q4-d0001-a0007,globalvoices-v2018q4-doc-5de2aa4b26dcb9cf,news,unknown,False,False,False,61,139,False,False,False,225,225,False,False,False,False,171.56328159026452,217.6060130186379,36,45,36,45,1,1,31,44,30,101
globalvoices-v2018q4-d0001-a0008,globalvoices-v2018q4-doc-5de2aa4b26dcb9cf,news,unknown,False,False,False,51,113,False,False,False,107,107,False,False,False,False,103.84260300872847,67.37425134563819,35,27,35,27,1,1,29,24,24,48
globalvoices-v2018q4-d0001-a0009,globalvoices-v2018q4-doc-5de2aa4b26dcb9cf,news,unknown,False,False,False,113,283,False,False,False,236,236,False,False,False,False,332.4449408921646,247.95714050158855,83,42,83,42,1,1,67,42,54,114
globalvoices-v2018q4-d0001-a0010,globalvoices-v2018q4-doc-5de2aa4b26dcb9cf,news,unknown,False,False,False,126,292,False,False,False,261,261,False,False,False,False,380.0674313305644,359.6157583221793,87,55,87,55,1,1,69,55,65,131
globalvoices-v2018q4-d0001-a0011,globalvoices-v2018q4-doc-5de2aa4b26dcb9cf,news,unknown,False,False,False,67,135,False,False,False,254,254,False,False,False,False,211.55863902531564,270.418228469789,46,45,46,45,1,1,36,44,37,114
globalvoices-v2018q4-d0001-a0012,globalvoices-v2018q4-doc-5de2aa4b26dcb9cf,news,unknown,False,False,False,54,132,False,False,False,242,242,False,False,False,False,177.6017711700406,206.4595533274114,42,42,42,42,1,1,35,43,25,111
globalvoices-v2018q4-d0001-a0013,globalvoices-v2018q4-doc-5de2aa4b26dcb9cf,news,unknown,False,False,False,61,151,False,False,False,95,96,False,False,False,False,167.21694323886186,150.08801436051726,41,19,41,19,1,1,31,19,28,50
globalvoices-v2018q4-d0001-a0014,globalvoices-v2018q4-doc-5de2aa4b26dcb9cf,news,unknown,False,False,False,108,258,False,False,False,283,284,False,False,False,False,262.78393353382125,256.3363835886121,78,49,78,49,1,1,58,49,53,144
globalvoices-v2018q4-d0001-a0015,globalvoices-v2018q4-doc-5de2aa4b26dcb9cf,news,unknown,False,False,False,88,226,False,False,False,195,197,False,False,False,False,288.06702995859087,210.74148804694417,62,33,62,33,1,1,57,33,47,90
globalvoices-v2018q4-d0001-a0016,globalvoices-v2018q4-doc-5de2aa4b26dcb9cf,news,unknown,False,False,False,79,175,False,False,False,201,201,False,False,False,False,243.11893635866,200.983780301176,48,38,48,38,1,1,40,37,39,94
globalvoices-v2018q4-d0001-a0017,globalvoices-v2018q4-doc-5de2aa4b26dcb9cf,news,unknown,False,False,False,50,120,False,False,False,102,102,False,False,False,False,148.94267804780975,118.35754358768465,29,17,29,17,1,1,26,17,25,52
globalvoices-v2018q4-d0001-a0018,globalvoices-v2018q4-doc-5de2aa4b26dcb9cf,news,unknown,False,False,False,69,173,False,False,False,151,151,False,False,False,False,207.83919612318277,166.88856026530266,40,30,40,30,1,1,38,30,34,74
globalvoices-v2018q4-d0004-a0001,globalvoices-v2018q4-doc-c4bfb68982a2a2cb,news,unknown,False,False,False,17,41,False,False,False,60,61,False,False,False,False,91.33313670009376,82.27583073079586,16,13,16,13,1,1,15,13,8,32
globalvoices-v2018q4-d0004-a0002,globalvoices-v2018q4-doc-c4bfb68982a2a2cb,news,unknown,False,False,False,104,250,False,False,False,196,196,False,False,False,False,256.28996004196233,104.60445414623246,70,42,70,42,1,1,68,40,48,95
globalvoices-v2018q4-d0004-a0003,globalvoices-v2018q4-doc-c4bfb68982a2a2cb,news,unknown,False,False,False,58,128,False,False,False,196,196,False,False,False,False,140.46752617880702,172.40030521899462,35,33,35,33,1,1,31,32,36,92
globalvoices-v2018q4-d0004-a0004,globalvoices-v2018q4-doc-c4bfb68982a2a2cb,news,unknown,False,False,False,65,143,False,False,False,195,195,False,False,False,False,266.4836339626927,164.09031174704432,49,46,49,46,1,1,40,42,38,92
globalvoices-v2018q4-d0004-a0005,globalvoices-v2018q4-doc-c4bfb68982a2a2cb,news,unknown,False,False,False,12,30,False,False,False,36,36,False,False,False,False,68.27855747938156,58.819669246673584,10,7,10,7,1,1,7,7,7,17
globalvoices-v2018q4-d0004-a0006,globalvoices-v2018q4-doc-c4bfb68982a2a2cb,news,unknown,False,False,False,158,356,False,False,False,239,239,False,False,False,False,518.9693300612271,178.97174983099103,110,46,110,46,1,1,93,46,86,118
globalvoices-v2018q4-d0004-a0007,globalvoices-v2018q4-doc-c4bfb68982a2a2cb,news,unknown,False,False,False,38,94,False,False,False,103,103,False,False,False,False,167.75781136751175,140.852068901062,21,20,21,20,1,1,22,19,24,49
globalvoices-v2018q4-d0007-a0001,globalvoices-v2018q4-doc-7998d5d4c3b586a8,news,unknown,False,False,False,16,36,False,False,False,63,64,False,False,False,False,109.19969767332076,84.95020770584233,13,15,13,15,1,1,12,15,9,28
globalvoices-v2018q4-d0007-a0002,globalvoices-v2018q4-doc-7998d5d4c3b586a8,news,unknown,False,False,False,45,105,False,False,False,168,168,False,False,False,False,124.56129872240126,125.53723516967148,35,32,35,32,1,1,31,32,25,76
globalvoices-v2018q4-d0007-a0003,globalvoices-v2018q4-doc-7998d5d4c3b586a8,news,unknown,False,False,False,30,72,False,False,False,98,98,False,False,False,False,153.45392601005733,107.39838728308678,27,17,27,17,1,1,24,17,19,43
globalvoices-v2018q4-d0007-a0004,globalvoices-v2018q4-doc-7998d5d4c3b586a8,news,unknown,False,False,False,32,82,False,False,False,145,145,False,False,False,False,136.12590461969376,193.50472816545516,23,34,23,34,1,1,19,32,18,77
globalvoices-v2018q4-d0007-a0005,globalvoices-v2018q4-doc-7998d5d4c3b586a8,news,unknown,False,False,False,64,158,False,False,False,175,175,False,False,False,False,212.2155892387236,264.7882573604584,52,45,52,45,1,1,43,45,34,90
globalvoices-v2018q4-d0007-a0006,globalvoices-v2018q4-doc-7998d5d4c3b586a8,news,unknown,False,False,False,65,159,False,False,False,102,102,False,False,False,False,267.0998457968235,124.75168254971504,50,17,50,17,1,1,42,17,34,52
globalvoices-v2018q4-d0007-a0007,globalvoices-v2018q4-doc-7998d5d4c3b586a8,news,unknown,False,False,False,51,129,False,False,False,202,202,False,False,False,False,140.22233953280374,298.4484658129513,32,50,32,50,1,1,30,45,24,106
globalvoices-v2018q4-d0007-a0008,globalvoices-v2018q4-doc-7998d5d4c3b586a8,news,unknown,False,False,False,90,196,False,False,False,320,324,False,False,False,False,274.39538925513625,278.2275002691895,56,61,56,61,1,1,51,61,53,160
globalvoices-v2018q4-d0007-a0009,globalvoices-v2018q4-doc-7998d5d4c3b586a8,news,unknown,False,False,False,61,153,False,False,False,140,140,False,False,False,False,200.9919058298692,152.97885344922545,46,26,46,26,1,1,39,24,30,68
globalvoices-v2018q4-d0007-a0010,globalvoices-v2018q4-doc-7998d5d4c3b586a8,news,unknown,False,False,False,89,189,False,False,False,96,96,False,False,False,False,327.42296920344234,158.964441716671,60,21,60,21,1,1,52,20,52,45
globalvoices-v2018q4-d0008-a0001,globalvoices-v2018q4-doc-d776f124238bf8cd,news,unknown,False,False,False,13,33,False,False,False,46,47,False,False,False,False,90.7683920841664,77.10392451286316,12,8,12,8,1,1,11,8,7,21
globalvoices-v2018q4-d0008-a0002,globalvoices-v2018q4-doc-d776f124238bf8cd,news,unknown,False,False,False,44,74,False,False,False,329,331,False,False,False,False,158.2296894788742,305.80746151227504,23,64,23,64,1,1,19,63,26,161
globalvoices-v2018q4-d0008-a0003,globalvoices-v2018q4-doc-d776f124238bf8cd,news,unknown,False,False,False,24,60,False,False,False,104,104,False,False,False,False,113.5435390251223,127.30462845042348,18,19,18,19,1,1,15,18,13,47
globalvoices-v2018q4-d0008-a0004,globalvoices-v2018q4-doc-d776f124238bf8cd,news,unknown,False,False,False,67,167,False,False,False,348,348,False,False,False,False,171.44446180126397,355.59676290722564,45,66,45,66,1,1,39,66,33,164
globalvoices-v2018q4-d0008-a0005,globalvoices-v2018q4-doc-d776f124238bf8cd,news,unknown,False,False,False,63,131,False,False,False,509,513,False,False,False,False,226.73537214868705,465.8000633697957,41,98,41,98,1,1,37,98,37,242
globalvoices-v2018q4-d0022-a0001,globalvoices-v2018q4-doc-0d6da9c9ad8fa042,news,unknown,False,False,False,64,127,False,False,False,190,193,False,False,False,False,196.54161538509652,229.56816022656855,40,45,40,45,1,1,39,44,41,98
globalvoices-v2018q4-d0022-a0002,globalvoices-v2018q4-doc-0d6da9c9ad8fa042,news,unknown,False,False,False,116,236,False,False,False,106,106,False,False,False,False,338.95070101926103,122.0005243048072,81,20,81,20,1,1,73,20,72,49
globalvoices-v2018q4-d0022-a0003,globalvoices-v2018q4-doc-0d6da9c9ad8fa042,news,unknown,False,False,False,63,157,False,False,False,161,161,False,False,False,False,234.16960617993027,151.5359605550766,50,25,50,25,1,1,39,25,34,77
globalvoices-v2018q4-d0022-a0004,globalvoices-v2018q4-doc-0d6da9c9ad8fa042,news,unknown,False,False,False,132,270,False,False,False,211,211,False,False,False,False,393.3667323887348,236.04658695869148,100,51,100,51,1,1,91,50,77,113
globalvoices-v2018q4-d0022-a0005,globalvoices-v2018q4-doc-0d6da9c9ad8fa042,news,unknown,False,False,False,38,90,False,False,False,90,91,False,False,False,False,128.25888716010377,98.34643692884129,29,21,29,21,1,1,25,19,22,48
globalvoices-v2018q4-d0022-a0006,globalvoices-v2018q4-doc-0d6da9c9ad8fa042,news,unknown,False,False,False,72,154,False,False,False,125,125,False,False,False,False,284.0906868050806,175.69300612993538,48,30,48,30,1,1,44,30,42,60
globalvoices-v2018q4-d0022-a0007,globalvoices-v2018q4-doc-0d6da9c9ad8fa042,news,unknown,False,False,False,55,137,False,False,False,85,85,False,False,False,False,157.3137206749525,112.19978230074048,41,17,41,17,1,1,37,17,26,43
globalvoices-v2018q4-d0022-a0008,globalvoices-v2018q4-doc-0d6da9c9ad8fa042,news,unknown,False,False,False,33,33,False,False,False,33,33,True,False,False,False,86.33004820346832,86.33004820346832,12,12,12,12,1,1,12,12,22,22
globalvoices-v2018q4-d0022-a0009,globalvoices-v2018q4-doc-0d6da9c9ad8fa042,news,unknown,False,False,False,115,115,False,False,False,116,116,True,False,False,False,157.49986817501485,157.55955226905644,25,26,25,26,1,1,25,26,56,57
globalvoices-v2018q4-d0022-a0010,globalvoices-v2018q4-doc-0d6da9c9ad8fa042,news,unknown,False,False,False,106,214,False,False,False,160,160,False,False,False,False,343.97248038172256,276.64890722185373,67,36,67,36,1,1,62,34,60,85
globalvoices-v2018q4-d0024-a0001,globalvoices-v2018q4-doc-9aea8c79fafbc165,news,unknown,False,False,False,11,27,False,False,False,34,35,False,False,False,False,70.33994618058205,85.17497301101685,9,8,9,8,1,1,9,7,5,17
globalvoices-v2018q4-d0024-a0002,globalvoices-v2018q4-doc-9aea8c79fafbc165,news,unknown,False,False,False,80,188,False,False,False,156,156,False,False,False,False,190.0911131228786,138.27913181111217,55,36,55,36,1,1,47,36,41,73
globalvoices-v2018q4-d0024-a0003,globalvoices-v2018q4-doc-9aea8c79fafbc165,news,unknown,False,False,False,44,110,False,False,False,117,117,False,False,False,False,151.89178106025793,153.9799591526389,26,26,26,26,1,1,27,25,20,56
globalvoices-v2018q4-d0024-a0004,globalvoices-v2018q4-doc-9aea8c79fafbc165,news,unknown,False,False,False,67,137,False,False,False,98,98,False,False,False,False,239.90306872874496,170.63540142774582,41,20,41,20,1,1,35,20,31,46
globalvoices-v2018q4-d0024-a0005,globalvoices-v2018q4-doc-9aea8c79fafbc165,news,unknown,False,False,False,45,45,False,False,False,45,45,True,False,False,False,79.69928884506226,79.69928884506226,8,8,8,8,1,1,8,8,21,21
globalvoices-v2018q4-d0024-a0006,globalvoices-v2018q4-doc-9aea8c79fafbc165,news,unknown,False,False,False,30,30,False,False,False,30,30,True,False,False,False,54.805896162986755,54.805896162986755,7,7,7,7,1,1,7,7,17,17
globalvoices-v2018q4-d0024-a0007,globalvoices-v2018q4-doc-9aea8c79fafbc165,news,unknown,False,False,False,8,8,False,False,False,8,8,True,False,False,False,36.43052041530609,36.43052041530609,4,4,4,4,1,1,4,4,5,5
globalvoices-v2018q4-d0024-a0008,globalvoices-v2018q4-doc-9aea8c79fafbc165,news,unknown,False,False,False,60,144,False,False,False,125,135,False,False,False,False,213.85210282099433,146.36671436578035,52,38,52,38,1,1,47,35,37,76
globalvoices-v2018q4-d0024-a0009,globalvoices-v2018q4-doc-9aea8c79fafbc165,news,unknown,False,False,False,95,219,False,False,False,236,238,False,False,False,False,293.7190719351638,230.26060551498085,61,49,61,49,1,1,51,47,52,119
globalvoices-v2018q4-d0024-a0010,globalvoices-v2018q4-doc-9aea8c79fafbc165,news,unknown,False,False,False,36,90,False,False,False,91,91,False,False,False,False,121.7410738945473,108.48121011257172,27,19,27,19,1,1,25,19,19,44
globalvoices-v2018q4-d0024-a0011,globalvoices-v2018q4-doc-9aea8c79fafbc165,news,unknown,False,False,False,63,155,False,False,False,147,147,False,False,False,False,162.7315273348795,172.17318069934845,41,31,41,31,1,1,35,31,31,74
globalvoices-v2018q4-d0024-a0012,globalvoices-v2018q4-doc-9aea8c79fafbc165,news,unknown,False,False,False,94,170,False,False,False,77,79,False,False,False,False,250.50056747719648,114.4536797851324,48,20,48,20,1,1,43,20,45,40
globalvoices-v2018q4-d0024-a0013,globalvoices-v2018q4-doc-9aea8c79fafbc165,news,unknown,False,False,False,63,157,False,False,False,58,58,False,False,False,False,200.9417552137747,88.84927940368652,41,11,41,11,1,1,36,11,30,26
globalvoices-v2018q4-d0024-a0014,globalvoices-v2018q4-doc-9aea8c79fafbc165,news,unknown,False,False,False,48,122,False,False,False,32,32,False,False,False,False,153.38471581041813,63.06966769695282,28,8,28,8,1,1,25,8,21,17
globalvoices-v2018q4-d0024-a0015,globalvoices-v2018q4-doc-9aea8c79fafbc165,news,unknown,False,False,False,33,85,False,False,False,90,90,False,False,False,False,142.34935708343983,122.9965298846364,21,17,21,17,1,1,21,15,15,43
globalvoices-v2018q4-d0024-a0016,globalvoices-v2018q4-doc-9aea8c79fafbc165,news,unknown,False,False,False,55,137,False,False,False,110,110,False,False,False,False,207.41215174272656,158.7632938819006,39,23,39,23,1,1,29,23,26,53
globalvoices-v2018q4-d0024-a0017,globalvoices-v2018q4-doc-9aea8c79fafbc165,news,unknown,False,False,False,78,172,False,False,False,132,132,False,False,False,False,257.4188626045361,157.70228592306376,50,31,50,31,1,1,48,30,40,70
globalvoices-v2018q4-d0024-a0018,globalvoices-v2018q4-doc-9aea8c79fafbc165,news,unknown,False,False,False,92,230,False,False,False,163,163,False,False,False,False,263.73625223874114,221.5708689689636,55,30,55,30,1,1,49,30,44,81
globalvoices-v2018q4-d0024-a0019,globalvoices-v2018q4-doc-9aea8c79fafbc165,news,unknown,False,False,False,39,99,False,False,False,162,162,False,False,False,False,121.31922216410749,230.57527795434,24,35,24,35,1,1,24,33,18,88
globalvoices-v2018q4-d0024-a0020,globalvoices-v2018q4-doc-9aea8c79fafbc165,news,unknown,False,False,False,64,136,False,False,False,252,256,False,False,False,False,182.3771467673232,218.04966777563095,43,49,43,49,1,1,36,49,39,123
globalvoices-v2018q4-d0024-a0021,globalvoices-v2018q4-doc-9aea8c79fafbc165,news,unknown,False,False,False,60,156,False,False,False,96,96,False,False,False,False,165.92312768218108,150.56594038009644,40,17,40,17,1,1,36,17,31,45
globalvoices-v2018q4-d0024-a0022,globalvoices-v2018q4-doc-9aea8c79fafbc165,news,unknown,False,False,False,46,118,False,False,False,98,100,False,False,False,False,161.38544881343842,152.60976898670197,30,18,30,18,1,1,25,19,25,49
globalvoices-v2018q4-d0024-a0023,globalvoices-v2018q4-doc-9aea8c79fafbc165,news,unknown,False,False,False,57,147,False,False,False,107,107,False,False,False,False,222.17593296361156,194.5923651456833,43,22,43,22,1,1,39,22,27,55
globalvoices-v2018q4-d0024-a0024,globalvoices-v2018q4-doc-9aea8c79fafbc165,news,unknown,False,False,False,34,34,False,False,False,34,34,True,False,False,False,85.51686501502991,85.51686501502991,9,9,9,9,1,1,8,8,19,19
globalvoices-v2018q4-d0024-a0025,globalvoices-v2018q4-doc-9aea8c79fafbc165,news,unknown,False,False,False,34,34,False,False,False,34,34,True,False,False,False,89.9016797542572,89.9016797542572,11,11,11,11,1,1,11,11,21,21
globalvoices-v2018q4-d0024-a0026,globalvoices-v2018q4-doc-9aea8c79fafbc165,news,unknown,False,False,False,21,53,False,False,False,54,54,False,False,False,False,80.24746127426624,69.85281944274902,16,10,16,10,1,1,15,10,11,25
globalvoices-v2018q4-d0024-a0027,globalvoices-v2018q4-doc-9aea8c79fafbc165,news,unknown,False,False,False,37,71,False,False,False,30,30,False,False,False,False,167.7502212114632,135.32000279426575,26,14,26,14,1,1,24,12,22,21
globalvoices-v2018q4-d0024-a0028,globalvoices-v2018q4-doc-9aea8c79fafbc165,news,unknown,False,False,False,36,78,False,False,False,96,96,False,False,False,False,155.73939786478877,230.1509640216827,27,26,27,26,1,1,23,26,20,54
globalvoices-v2018q4-d0024-a0029,globalvoices-v2018q4-doc-9aea8c79fafbc165,news,unknown,False,False,False,11,13,False,False,False,15,15,False,False,False,False,81.299336373806,74.14829301834106,7,6,7,6,1,1,5,6,8,10
globalvoices-v2018q4-d0024-a0030,globalvoices-v2018q4-doc-9aea8c79fafbc165,news,unknown,False,False,False,16,40,False,False,False,36,36,False,False,False,False,91.09012896940112,72.81477791070938,14,9,14,9,1,1,12,8,8,19
globalvoices-v2018q4-d0024-a0031,globalvoices-v2018q4-doc-9aea8c79fafbc165,news,unknown,False,False,False,73,127,False,False,False,147,149,False,False,False,False,283.6399487257004,253.12393210455775,46,40,46,40,1,1,43,38,46,82
globalvoices-v2018q4-d0024-a0032,globalvoices-v2018q4-doc-9aea8c79fafbc165,news,unknown,False,False,False,14,34,False,False,False,38,38,False,False,False,False,65.48186504840851,96.29806184768675,10,11,10,11,1,1,11,10,8,22
globalvoices-v2018q4-d0024-a0033,globalvoices-v2018q4-doc-9aea8c79fafbc165,news,unknown,False,False,False,46,100,False,False,False,50,50,False,False,False,False,159.61037832312286,107.82216095924376,29,12,29,12,1,1,26,11,26,26
globalvoices-v2018q4-d0024-a0034,globalvoices-v2018q4-doc-9aea8c79fafbc165,news,unknown,False,False,False,39,97,False,False,False,138,140,False,False,False,False,94.56896265596151,139.8103472366929,19,30,19,30,1,1,19,30,16,68
globalvoices-v2018q4-d0024-a0035,globalvoices-v2018q4-doc-9aea8c79fafbc165,news,unknown,False,False,False,40,102,False,False,False,20,20,False,False,False,False,115.9795616492629,35.006696820259094,23,5,23,5,1,1,19,5,20,11
globalvoices-v2018q4-d0024-a0036,globalvoices-v2018q4-doc-9aea8c79fafbc165,news,unknown,False,False,False,45,111,False,False,False,27,27,False,False,False,False,134.93816460948435,47.9737868309021,27,6,27,6,1,1,25,5,21,16
globalvoices-v2018q4-d0025-a0001,globalvoices-v2018q4-doc-f720b9e234ae9517,news,unknown,False,False,False,20,52,False,False,False,58,59,False,False,False,False,83.65413983538747,84.51724249124527,17,11,17,11,1,1,15,10,12,29
globalvoices-v2018q4-d0025-a0002,globalvoices-v2018q4-doc-f720b9e234ae9517,news,unknown,False,False,False,77,189,False,False,False,171,171,False,False,False,False,281.42733794549713,156.08075115922838,55,33,55,33,1,1,48,33,40,87
globalvoices-v2018q4-d0025-a0003,globalvoices-v2018q4-doc-f720b9e234ae9517,news,unknown,False,False,False,15,15,False,False,False,15,15,True,False,False,False,43.69154500961304,43.69154500961304,4,4,4,4,1,1,4,4,9,9
globalvoices-v2018q4-d0025-a0004,globalvoices-v2018q4-doc-f720b9e234ae9517,news,unknown,False,False,False,127,128,False,False,False,126,127,True,False,False,False,105.01870303007308,91.81125490943668,31,30,31,30,1,1,29,28,73,73
globalvoices-v2018q4-d0025-a0005,globalvoices-v2018q4-doc-f720b9e234ae9517,news,unknown,False,False,False,54,130,False,False,False,121,121,False,False,False,False,216.18171078898013,101.71844877768308,37,23,37,23,1,1,31,23,28,56
globalvoices-v2018q4-d0025-a0006,globalvoices-v2018q4-doc-f720b9e234ae9517,news,unknown,False,False,False,46,110,False,False,False,58,58,False,False,False,False,192.5117839127779,74.75029631704092,27,13,27,13,1,1,25,13,25,29
globalvoices-v2018q4-d0025-a0007,globalvoices-v2018q4-doc-f720b9e234ae9517,news,unknown,False,False,False,85,209,False,False,False,175,175,False,False,False,False,267.903375977854,168.09092965722084,61,31,61,31,1,1,51,31,44,80
globalvoices-v2018q4-d0025-a0008,globalvoices-v2018q4-doc-f720b9e234ae9517,news,unknown,False,False,False,64,162,False,False,False,178,178,False,False,False,False,186.24712571967393,153.8098411001265,39,34,39,34,1,1,35,34,36,85
globalvoices-v2018q4-d0025-a0009,globalvoices-v2018q4-doc-f720b9e234ae9517,news,unknown,False,False,False,70,147,False,False,False,134,135,False,False,False,False,268.7451301398687,146.5403967218008,48,28,48,28,1,1,40,28,38,71
globalvoices-v2018q4-d0028-a0001,globalvoices-v2018q4-doc-b19e62c6738d707d,news,unknown,False,False,False,28,68,False,False,False,79,80,False,False,False,False,116.91581529378892,94.57222652435304,18,11,18,11,1,1,16,11,12,34
globalvoices-v2018q4-d0028-a0002,globalvoices-v2018q4-doc-b19e62c6738d707d,news,unknown,False,False,False,13,33,False,False,False,30,30,False,False,False,False,73.77190291881561,43.89349555969238,9,7,9,7,1,1,9,7,8,13
globalvoices-v2018q4-d0028-a0003,globalvoices-v2018q4-doc-b19e62c6738d707d,news,unknown,False,False,False,56,134,False,False,False,122,122,False,False,False,False,182.0351719132159,85.3147979080677,41,19,41,19,1,1,37,19,27,59
globalvoices-v2018q4-d0028-a0004,globalvoices-v2018q4-doc-b19e62c6738d707d,news,unknown,False,False,False,81,195,False,False,False,166,166,False,False,False,False,267.18945416249335,130.95883062959183,54,29,54,29,1,1,48,27,37,76
globalvoices-v2018q4-d0028-a0005,globalvoices-v2018q4-doc-b19e62c6738d707d,news,unknown,False,False,False,77,189,False,False,False,166,166,False,False,False,False,190.10957817127928,156.30429938435557,46,30,46,30,1,1,44,30,39,80
globalvoices-v2018q4-d0028-a0006,globalvoices-v2018q4-doc-b19e62c6738d707d,news,unknown,False,False,False,106,258,False,False,False,346,346,False,False,False,False,299.4489085241221,287.2342880833894,72,55,72,55,1,1,61,55,51,162
globalvoices-v2018q4-d0028-a0007,globalvoices-v2018q4-doc-b19e62c6738d707d,news,unknown,False,False,False,59,145,False,False,False,90,90,False,False,False,False,158.799240491644,92.07746766135097,40,18,40,18,1,1,32,18,33,41
globalvoices-v2018q4-d0028-a0008,globalvoices-v2018q4-doc-b19e62c6738d707d,news,unknown,False,False,False,44,110,False,False,False,125,125,False,False,False,False,148.50551123265177,132.72324699163437,28,19,28,19,1,1,26,19,22,57
globalvoices-v2018q4-d0028-a0009,globalvoices-v2018q4-doc-b19e62c6738d707d,news,unknown,False,False,False,71,173,False,False,False,196,196,False,False,False,False,271.5162227845285,154.07868794165552,50,34,50,34,1,1,40,34,35,91
globalvoices-v2018q4-d0028-a0010,globalvoices-v2018q4-doc-b19e62c6738d707d,news,unknown,False,False,False,50,124,False,False,False,121,121,False,False,False,False,118.981331725372,120.23340354580432,31,21,31,21,1,1,29,21,26,55
globalvoices-v2018q4-d0028-a0011,globalvoices-v2018q4-doc-b19e62c6738d707d,news,unknown,False,False,False,55,137,False,False,False,133,133,False,False,False,False,159.52052823273698,112.04139175638556,37,26,37,26,1,1,33,26,26,69
globalvoices-v2018q4-d0028-a0012,globalvoices-v2018q4-doc-b19e62c6738d707d,news,unknown,False,False,False,108,258,False,False,False,211,211,False,False,False,False,370.95969346538186,179.66264462377876,66,43,66,43,1,1,59,43,55,103
globalvoices-v2018q4-d0028-a0013,globalvoices-v2018q4-doc-b19e62c6738d707d,news,unknown,False,False,False,18,44,False,False,False,25,27,False,False,False,False,85.35130000114441,64.07928943634033,12,5,12,5,1,1,8,5,8,14
globalvoices-v2018q4-d0028-a0014,globalvoices-v2018q4-doc-b19e62c6738d707d,news,unknown,False,False,False,48,118,False,False,False,100,100,False,False,False,False,156.31715423986316,104.95934841781856,30,19,30,19,1,1,25,19,25,40
globalvoices-v2018q4-d0028-a0015,globalvoices-v2018q4-doc-b19e62c6738d707d,news,unknown,False,False,False,83,159,False,False,False,214,214,False,False,False,False,204.8886072819296,201.4900366757065,44,38,44,38,1,1,36,38,42,100
globalvoices-v2018q4-d0028-a0016,globalvoices-v2018q4-doc-b19e62c6738d707d,news,unknown,False,False,False,68,150,False,False,False,94,94,False,False,False,False,211.49230757076293,126.220494389534,47,18,47,18,1,1,32,16,34,49
globalvoices-v2018q4-d0028-a0017,globalvoices-v2018q4-doc-b19e62c6738d707d,news,unknown,False,False,False,58,142,False,False,False,80,80,False,False,False,False,178.7381802976888,88.49374911189079,36,14,36,14,1,1,31,14,31,37
globalvoices-v2018q4-d0028-a0018,globalvoices-v2018q4-doc-b19e62c6738d707d,news,unknown,False,False,False,25,61,False,False,False,23,23,False,False,False,False,61.49889767169952,30.688785552978516,11,7,11,7,1,1,11,7,11,14
globalvoices-v2018q4-d0028-a0019,globalvoices-v2018q4-doc-b19e62c6738d707d,news,unknown,False,False,False,136,332,False,False,False,244,246,False,False,False,False,346.4277691002353,188.82552758604288,88,45,88,45,1,1,69,45,70,104
globalvoices-v2018q4-d0028-a0020,globalvoices-v2018q4-doc-b19e62c6738d707d,news,unknown,False,False,False,38,92,False,False,False,51,51,False,False,False,False,129.8600277081132,69.65719196200371,24,11,24,11,1,1,19,11,19,25
globalvoices-v2018q4-d0028-a0021,globalvoices-v2018q4-doc-b19e62c6738d707d,news,unknown,False,False,False,41,63,False,False,False,49,49,False,False,False,False,153.04025304317474,105.76386097818612,16,12,16,12,1,1,14,11,20,22
globalvoices-v2018q4-d0028-a0022,globalvoices-v2018q4-doc-b19e62c6738d707d,news,unknown,False,False,False,40,98,False,False,False,80,80,False,False,False,False,122.06362121831626,84.89714252948761,28,15,28,15,1,1,22,15,20,35
globalvoices-v2018q4-d0028-a0023,globalvoices-v2018q4-doc-b19e62c6738d707d,news,unknown,False,False,False,58,142,False,False,False,111,111,False,False,False,False,178.73170224111527,119.12875413894652,39,16,39,16,1,1,30,16,27,48
globalvoices-v2018q4-d0031-a0001,globalvoices-v2018q4-doc-1b45b539fe75d81a,news,unknown,False,False,False,17,43,False,False,False,48,49,False,False,False,False,108.10109879542142,78.7231867806986,16,14,16,14,1,1,16,13,9,26
globalvoices-v2018q4-d0031-a0002,globalvoices-v2018q4-doc-1b45b539fe75d81a,news,unknown,False,False,False,46,104,False,False,False,86,86,False,False,False,False,172.15165334939957,89.71449384093285,32,26,32,26,1,1,30,24,24,40
globalvoices-v2018q4-d0031-a0003,globalvoices-v2018q4-doc-1b45b539fe75d81a,news,unknown,False,False,False,90,220,False,False,False,262,262,False,False,False,False,314.84798893071275,185.9205779414624,71,49,71,49,1,1,56,49,47,130
globalvoices-v2018q4-d0031-a0004,globalvoices-v2018q4-doc-1b45b539fe75d81a,news,unknown,False,False,False,64,116,False,False,False,88,88,False,False,False,False,196.99999990686777,107.75304312631488,34,17,34,17,1,1,28,17,37,41
globalvoices-v2018q4-d0031-a0005,globalvoices-v2018q4-doc-1b45b539fe75d81a,news,unknown,False,False,False,52,130,False,False,False,77,77,False,False,False,False,190.0145608047023,103.71791957691312,39,18,39,18,1,1,33,18,25,40
globalvoices-v2018q4-d0031-a0006,globalvoices-v2018q4-doc-1b45b539fe75d81a,news,unknown,False,False,False,42,72,False,False,False,54,54,False,False,False,False,193.4047850202769,131.02917730808258,22,17,22,17,1,1,21,16,22,33
globalvoices-v2018q4-d0031-a0007,globalvoices-v2018q4-doc-1b45b539fe75d81a,news,unknown,False,False,False,63,153,False,False,False,125,125,False,False,False,False,223.6377596561797,164.5991426371038,43,26,43,26,1,1,35,26,29,60
globalvoices-v2018q4-d0031-a0008,globalvoices-v2018q4-doc-1b45b539fe75d81a,news,unknown,False,False,False,45,109,False,False,False,86,86,False,False,False,False,166.8305278585758,112.47612583637238,30,21,30,21,1,1,26,20,22,39
globalvoices-v2018q4-d0031-a0009,globalvoices-v2018q4-doc-1b45b539fe75d81a,news,unknown,False,False,False,88,168,False,False,False,159,159,False,False,False,False,260.5196111300029,185.1773075676756,47,34,47,34,1,1,43,34,43,77
globalvoices-v2018q4-d0031-a0010,globalvoices-v2018q4-doc-1b45b539fe75d81a,news,unknown,False,False,False,62,144,False,False,False,136,136,False,False,False,False,215.7799953743815,182.2069400330074,41,39,41,39,1,1,33,36,30,67
globalvoices-v2018q4-d0031-a0011,globalvoices-v2018q4-doc-1b45b539fe75d81a,news,unknown,False,False,False,42,102,False,False,False,77,77,False,False,False,False,172.8630962446332,103.702209697105,32,17,32,17,1,1,30,16,23,37
globalvoices-v2018q4-d0031-a0012,globalvoices-v2018q4-doc-1b45b539fe75d81a,news,unknown,False,False,False,57,139,False,False,False,113,113,False,False,False,False,191.4312142396811,144.51856380328536,44,25,44,25,1,1,36,23,29,56
globalvoices-v2018q4-d0031-a0013,globalvoices-v2018q4-doc-1b45b539fe75d81a,news,unknown,False,False,False,94,232,False,False,False,199,199,False,False,False,False,320.1314428156984,228.06479622077313,69,40,69,40,1,1,58,39,47,105
globalvoices-v2018q4-d0031-a0014,globalvoices-v2018q4-doc-1b45b539fe75d81a,news,unknown,False,False,False,53,113,False,False,False,100,100,False,False,False,False,196.20526924729347,145.41934439633042,35,24,35,24,1,1,31,24,27,56
globalvoices-v2018q4-d0031-a0015,globalvoices-v2018q4-doc-1b45b539fe75d81a,news,unknown,False,False,False,83,191,False,False,False,137,137,False,False,False,False,245.6310511250049,164.33078536437824,54,32,54,32,1,1,44,32,39,71
globalvoices-v2018q4-d0031-a0016,globalvoices-v2018q4-doc-1b45b539fe75d81a,news,unknown,False,False,False,40,98,False,False,False,89,89,False,False,False,False,129.1964305192232,76.76638841442764,28,22,28,22,1,1,27,22,20,48
globalvoices-v2018q4-d0031-a0017,globalvoices-v2018q4-doc-1b45b539fe75d81a,news,unknown,False,False,False,65,143,False,False,False,118,118,False,False,False,False,245.72614780301228,179.26191243203357,42,27,42,27,1,1,37,26,36,64
globalvoices-v2018q4-d0044-a0001,globalvoices-v2018q4-doc-015f90b224c9ddd9,news,unknown,False,False,False,12,28,False,False,False,35,36,False,False,False,False,103.77997782826424,79.40811133384705,11,10,11,10,1,1,8,10,8,20
globalvoices-v2018q4-d0044-a0002,globalvoices-v2018q4-doc-015f90b224c9ddd9,news,unknown,False,False,False,47,105,False,False,False,128,128,False,False,False,False,158.9716944017564,160.08584390673786,36,29,36,29,1,1,31,26,24,68
globalvoices-v2018q4-d0044-a0003,globalvoices-v2018q4-doc-015f90b224c9ddd9,news,unknown,False,False,False,39,95,False,False,False,85,85,False,False,False,False,151.70112400176004,72.46146807447076,31,18,31,18,1,1,27,18,22,37
globalvoices-v2018q4-d0044-a0004,globalvoices-v2018q4-doc-015f90b224c9ddd9,news,unknown,False,False,False,45,109,False,False,False,89,89,False,False,False,False,135.98642323788954,110.19418513774872,34,16,34,16,1,1,28,16,24,45
globalvoices-v2018q4-d0044-a0005,globalvoices-v2018q4-doc-015f90b224c9ddd9,news,unknown,False,False,False,40,82,False,False,False,56,56,False,False,False,False,150.56867402791977,107.41659820079803,23,15,23,15,1,1,20,14,22,30
globalvoices-v2018q4-d0044-a0006,globalvoices-v2018q4-doc-015f90b224c9ddd9,news,unknown,False,False,False,52,124,False,False,False,120,120,False,False,False,False,229.8402126195724,153.40634137377492,42,34,42,34,1,1,39,32,29,56
globalvoices-v2018q4-d0044-a0007,globalvoices-v2018q4-doc-015f90b224c9ddd9,news,unknown,False,False,False,47,107,False,False,False,108,110,False,False,False,False,159.28024507313967,134.11531982384622,33,27,33,27,1,1,29,26,23,51
globalvoices-v2018q4-d0044-a0008,globalvoices-v2018q4-doc-015f90b224c9ddd9,news,unknown,False,False,False,85,205,False,False,False,152,156,False,False,False,False,224.72549901435195,192.8528293184936,50,35,50,35,1,1,44,34,43,79
globalvoices-v2018q4-d0044-a0009,globalvoices-v2018q4-doc-015f90b224c9ddd9,news,unknown,False,False,False,104,198,False,False,False,287,287,False,False,False,False,313.5329059921205,308.9645597115159,52,67,52,67,1,1,46,64,52,137
globalvoices-v2018q4-d0044-a0010,globalvoices-v2018q4-doc-015f90b224c9ddd9,news,unknown,False,False,False,13,13,False,False,False,41,41,True,False,False,False,41.31783509254456,98.85190126299858,4,11,4,11,1,1,4,10,9,22
globalvoices-v2018q4-d0044-a0011,globalvoices-v2018q4-doc-015f90b224c9ddd9,news,unknown,False,False,False,44,114,False,False,False,83,83,False,False,False,False,188.0247610360384,135.8603208558634,36,17,36,17,1,1,34,17,28,47
globalvoices-v2018q4-d0044-a0012,globalvoices-v2018q4-doc-015f90b224c9ddd9,news,unknown,False,False,False,35,87,False,False,False,74,74,False,False,False,False,116.1158181160572,87.85386115964502,34,17,34,17,1,1,25,17,19,40
globalvoices-v2018q4-d0044-a0013,globalvoices-v2018q4-doc-015f90b224c9ddd9,news,unknown,False,False,False,51,127,False,False,False,105,105,False,False,False,False,171.45611882116646,128.5864576511085,39,23,39,23,1,1,34,23,26,53
globalvoices-v2018q4-d0044-a0014,globalvoices-v2018q4-doc-015f90b224c9ddd9,news,unknown,False,False,False,19,47,False,False,False,41,41,False,False,False,False,80.70367177948356,33.50067317485809,14,7,14,7,1,1,11,7,9,21
globalvoices-v2018q4-d0044-a0015,globalvoices-v2018q4-doc-015f90b224c9ddd9,news,unknown,False,False,False,61,147,False,False,False,109,109,False,False,False,False,212.19269649963823,99.5385593995452,43,26,43,26,1,1,36,26,34,53
globalvoices-v2018q4-d0044-a0016,globalvoices-v2018q4-doc-015f90b224c9ddd9,news,unknown,False,False,False,21,53,False,False,False,41,41,False,False,False,False,71.96464507274504,59.79381116479635,17,9,17,9,1,1,14,9,11,22
globalvoices-v2018q4-d0044-a0017,globalvoices-v2018q4-doc-015f90b224c9ddd9,news,unknown,False,False,False,38,86,False,False,False,65,69,False,False,False,False,149.1385897397995,83.2694262843579,29,17,29,17,1,1,25,17,21,32
globalvoices-v2018q4-d0044-a0018,globalvoices-v2018q4-doc-015f90b224c9ddd9,news,unknown,False,False,False,18,44,False,False,False,25,25,False,False,False,False,75.49334624409676,39.002686999738216,13,7,13,7,1,1,11,7,9,13
globalvoices-v2018q4-d0044-a0019,globalvoices-v2018q4-doc-015f90b224c9ddd9,news,unknown,False,False,False,30,30,False,False,False,30,30,True,False,False,False,86.73818838596344,86.73818838596344,7,7,7,7,1,1,7,7,20,20
globalvoices-v2018q4-d0044-a0020,globalvoices-v2018q4-doc-015f90b224c9ddd9,news,unknown,False,False,False,68,164,False,False,False,224,224,False,False,False,False,223.09366779774427,292.3677453994751,43,49,43,49,1,1,35,48,34,112
globalvoices-v2018q4-d0044-a0021,globalvoices-v2018q4-doc-015f90b224c9ddd9,news,unknown,False,False,False,52,52,False,False,False,52,52,True,False,False,False,112.22743427753448,112.22743427753448,13,13,13,13,1,1,13,13,28,28
globalvoices-v2018q4-d0046-a0001,globalvoices-v2018q4-doc-095d92d6934b2ca5,news,unknown,False,False,False,19,47,False,False,False,63,64,False,False,False,False,96.75968160387129,102.87771196849644,18,15,18,15,1,1,13,14,7,32
globalvoices-v2018q4-d0046-a0002,globalvoices-v2018q4-doc-095d92d6934b2ca5,news,unknown,False,False,False,85,171,False,False,False,127,127,False,False,False,False,216.56114935316145,137.9598495454411,58,30,58,30,1,1,48,28,43,64
globalvoices-v2018q4-d0046-a0003,globalvoices-v2018q4-doc-095d92d6934b2ca5,news,unknown,False,False,False,103,253,False,False,False,184,184,False,False,False,False,329.41434803709853,196.61946818232536,72,34,72,34,1,1,61,35,49,95
globalvoices-v2018q4-d0046-a0004,globalvoices-v2018q4-doc-095d92d6934b2ca5,news,unknown,False,False,False,14,36,False,False,False,19,19,False,False,False,False,86.76812374638394,38.22868537902832,13,3,13,3,1,1,10,4,9,11
globalvoices-v2018q4-d0046-a0005,globalvoices-v2018q4-doc-095d92d6934b2ca5,news,unknown,False,False,False,57,139,False,False,False,96,96,False,False,False,False,219.12988146045245,113.80708742095158,46,19,46,19,1,1,39,20,33,50
globalvoices-v2018q4-d0046-a0006,globalvoices-v2018q4-doc-095d92d6934b2ca5,news,unknown,False,False,False,10,26,False,False,False,27,27,False,False,False,False,61.88626380264759,53.14919137954712,9,5,9,5,1,1,7,5,5,12
globalvoices-v2018q4-d0046-a0007,globalvoices-v2018q4-doc-095d92d6934b2ca5,news,unknown,False,False,False,95,167,False,False,False,124,124,False,False,False,False,234.41812145418953,165.76975559815764,64,34,64,34,1,1,52,32,54,64
globalvoices-v2018q4-d0046-a0008,globalvoices-v2018q4-doc-095d92d6934b2ca5,news,unknown,False,False,False,7,19,False,False,False,14,14,False,False,False,False,42.132470563054085,47.99959373474121,6,3,6,3,1,1,5,3,4,7
globalvoices-v2018q4-d0046-a0009,globalvoices-v2018q4-doc-095d92d6934b2ca5,news,unknown,False,False,False,55,133,False,False,False,89,89,False,False,False,False,189.63734043342993,132.70252799987793,39,19,39,19,1,1,32,19,30,48
globalvoices-v2018q4-d0046-a0010,globalvoices-v2018q4-doc-095d92d6934b2ca5,news,unknown,False,False,False,27,27,False,False,False,49,49,True,False,False,False,63.227276384830475,95.94495830498636,10,15,10,15,1,1,10,15,18,30
globalvoices-v2018q4-d0046-a0011,globalvoices-v2018q4-doc-095d92d6934b2ca5,news,unknown,False,False,False,34,78,False,False,False,75,75,False,False,False,False,124.6874405760318,93.78068420290948,20,16,20,16,1,1,19,16,18,41
globalvoices-v2018q4-d0058-a0001,globalvoices-v2018q4-doc-3119d6a9c521d715,news,unknown,False,False,False,15,37,False,False,False,46,47,False,False,False,False,79.0887713432312,92.44483292102814,11,11,11,11,1,1,10,10,7,20
globalvoices-v2018q4-d0058-a0002,globalvoices-v2018q4-doc-3119d6a9c521d715,news,unknown,False,False,False,33,51,False,False,False,29,29,False,False,False,False,139.77583602070808,94.11914420127869,17,8,17,8,1,1,17,8,19,17
globalvoices-v2018q4-d0058-a0003,globalvoices-v2018q4-doc-3119d6a9c521d715,news,unknown,False,False,False,42,104,False,False,False,81,81,False,False,False,False,139.99590404774062,101.98780271783473,27,16,27,16,1,1,23,15,22,39
globalvoices-v2018q4-d0058-a0004,globalvoices-v2018q4-doc-3119d6a9c521d715,news,unknown,False,False,False,51,125,False,False,False,94,94,False,False,False,False,176.26354804635048,122.67535309493542,31,22,31,22,1,1,30,20,26,50
globalvoices-v2018q4-d0058-a0005,globalvoices-v2018q4-doc-3119d6a9c521d715,news,unknown,False,False,False,19,49,False,False,False,33,33,False,False,False,False,92.0228858590126,44.37565088272095,15,7,15,7,1,1,15,7,10,17
globalvoices-v2018q4-d0058-a0006,globalvoices-v2018q4-doc-3119d6a9c521d715,news,unknown,False,False,False,155,326,False,False,False,247,248,False,False,False,False,426.64825047686463,290.00220903381705,104,57,104,57,1,1,88,57,93,122
globalvoices-v2018q4-d0059-a0001,globalvoices-v2018q4-doc-816203a49cdea3f3,news,unknown,False,False,False,12,28,False,False,False,65,66,False,False,False,False,77.30145153403282,108.06411337852478,11,11,11,11,1,1,10,12,6,34
globalvoices-v2018q4-d0059-a0002,globalvoices-v2018q4-doc-816203a49cdea3f3,news,unknown,False,False,False,65,161,False,False,False,258,258,False,False,False,False,229.6010222536279,289.0909505765885,52,47,52,47,1,1,40,46,32,123
globalvoices-v2018q4-d0059-a0003,globalvoices-v2018q4-doc-816203a49cdea3f3,news,unknown,False,False,False,46,116,False,False,False,92,92,False,False,False,False,156.41960138455033,111.24185952544212,36,19,36,19,1,1,27,19,22,42
globalvoices-v2018q4-d0059-a0004,globalvoices-v2018q4-doc-816203a49cdea3f3,news,unknown,False,False,False,80,192,False,False,False,177,177,False,False,False,False,281.08263091929257,173.18234988115728,57,40,57,40,1,1,45,38,38,90
globalvoices-v2018q4-d0059-a0005,globalvoices-v2018q4-doc-816203a49cdea3f3,news,unknown,False,False,False,65,163,False,False,False,171,171,False,False,False,False,183.6315187907312,155.87353119254112,45,31,45,31,1,1,38,31,31,89
globalvoices-v2018q4-d0059-a0006,globalvoices-v2018q4-doc-816203a49cdea3f3,news,unknown,False,False,False,81,199,False,False,False,169,169,False,False,False,False,232.29890025302305,159.14032769948244,51,32,51,32,1,1,42,32,40,84
globalvoices-v2018q4-d0059-a0007,globalvoices-v2018q4-doc-816203a49cdea3f3,news,unknown,False,False,False,79,189,False,False,False,209,209,False,False,False,False,310.7710366100073,210.45938117057085,58,43,58,43,1,1,49,44,39,99
globalvoices-v2018q4-d0059-a0008,globalvoices-v2018q4-doc-816203a49cdea3f3,news,unknown,False,False,False,55,137,False,False,False,102,102,False,False,False,False,194.34348379820585,171.55991405248642,39,24,39,24,1,1,35,23,33,51
globalvoices-v2018q4-d0059-a0009,globalvoices-v2018q4-doc-816203a49cdea3f3,news,unknown,False,False,False,32,82,False,False,False,77,77,False,False,False,False,117.6199934668839,152.73549699783325,22,17,22,17,1,1,18,16,17,38
globalvoices-v2018q4-d0059-a0010,globalvoices-v2018q4-doc-816203a49cdea3f3,news,unknown,False,False,False,13,33,False,False,False,22,22,False,False,False,False,63.370106779038906,63.7913932800293,10,8,10,8,1,1,8,8,7,16
globalvoices-v2018q4-d0059-a0011,globalvoices-v2018q4-doc-816203a49cdea3f3,news,unknown,False,False,False,8,20,False,False,False,34,34,False,False,False,False,61.31170058250427,85.28641573805362,7,13,7,13,1,1,8,12,5,22
globalvoices-v2018q4-d0059-a0012,globalvoices-v2018q4-doc-816203a49cdea3f3,news,unknown,False,False,False,15,39,False,False,False,44,44,False,False,False,False,81.00494858622551,83.96086860261858,14,14,14,14,1,1,11,14,7,26
globalvoices-v2018q4-d0059-a0013,globalvoices-v2018q4-doc-816203a49cdea3f3,news,unknown,False,False,False,38,90,False,False,False,139,139,False,False,False,False,144.36419829539955,216.14051500247297,27,33,27,33,1,1,25,35,17,76
globalvoices-v2018q4-d0059-a0014,globalvoices-v2018q4-doc-816203a49cdea3f3,news,unknown,False,False,False,17,43,False,False,False,50,50,False,False,False,False,97.58366486430168,120.1498692035675,13,13,13,13,1,1,13,13,10,28
globalvoices-v2018q4-d0059-a0015,globalvoices-v2018q4-doc-816203a49cdea3f3,news,unknown,False,False,False,110,264,False,False,False,115,115,False,False,False,False,388.4338605646335,212.73430145252496,75,30,75,30,1,1,69,28,58,60
globalvoices-v2018q4-d0059-a0016,globalvoices-v2018q4-doc-816203a49cdea3f3,news,unknown,False,False,False,16,38,False,False,False,34,34,False,False,False,False,85.0364761352539,67.22177913784981,10,9,10,9,1,1,10,9,9,19
globalvoices-v2018q4-d0059-a0017,globalvoices-v2018q4-doc-816203a49cdea3f3,news,unknown,False,False,False,24,56,False,False,False,44,44,False,False,False,False,100.97710950672626,109.9858500957489,15,13,15,13,1,1,14,12,14,25
globalvoices-v2018q4-d0059-a0018,globalvoices-v2018q4-doc-816203a49cdea3f3,news,unknown,False,False,False,26,66,False,False,False,68,68,False,False,False,False,115.81146401166916,153.0645935535431,18,16,18,16,1,1,17,16,14,32
globalvoices-v2018q4-d0059-a0019,globalvoices-v2018q4-doc-816203a49cdea3f3,news,unknown,False,False,False,33,75,False,False,False,68,68,False,False,False,False,157.38988129794598,173.48466968536377,27,17,27,17,1,1,21,16,18,36
globalvoices-v2018q4-d0059-a0020,globalvoices-v2018q4-doc-816203a49cdea3f3,news,unknown,False,False,False,43,107,False,False,False,84,84,False,False,False,False,137.8353196901735,112.2034476995468,32,17,32,17,1,1,22,17,23,43
globalvoices-v2018q4-d0059-a0021,globalvoices-v2018q4-doc-816203a49cdea3f3,news,unknown,False,False,False,7,7,False,False,False,23,23,True,False,False,False,37.47175884246826,81.33621644973755,4,6,4,6,1,1,4,6,4,12
globalvoices-v2018q4-d0059-a0022,globalvoices-v2018q4-doc-816203a49cdea3f3,news,unknown,False,False,False,74,148,False,False,False,115,115,False,False,False,False,280.17019827693,221.05863142758608,47,32,47,32,1,1,40,30,40,57
globalvoices-v2018q4-d0059-a0023,globalvoices-v2018q4-doc-816203a49cdea3f3,news,unknown,False,False,False,15,39,False,False,False,24,24,False,False,False,False,111.2141706943512,72.6935424208641,12,9,12,9,1,1,12,8,10,16
globalvoices-v2018q4-d0059-a0024,globalvoices-v2018q4-doc-816203a49cdea3f3,news,unknown,False,False,False,46,114,False,False,False,71,71,False,False,False,False,183.5616752579808,129.37439301796255,32,21,32,21,1,1,29,18,26,39
globalvoices-v2018q4-d0059-a0025,globalvoices-v2018q4-doc-816203a49cdea3f3,news,unknown,False,False,False,38,82,False,False,False,59,59,False,False,False,False,166.01601276360452,113.7789032459259,21,13,21,13,1,1,18,12,17,34
globalvoices-v2018q4-d0059-a0026,globalvoices-v2018q4-doc-816203a49cdea3f3,news,unknown,False,False,False,47,107,False,False,False,130,130,False,False,False,False,157.95851958543062,140.04202287644148,31,33,31,33,1,1,27,30,24,59
globalvoices-v2018q4-d0064-a0001,globalvoices-v2018q4-doc-a895016aa8c993bb,news,unknown,False,False,False,35,87,False,False,False,76,77,False,False,False,False,129.2540543167852,125.50011932849884,29,15,29,15,1,1,25,14,13,36
globalvoices-v2018q4-d0064-a0002,globalvoices-v2018q4-doc-a895016aa8c993bb,news,unknown,False,False,False,50,124,False,False,False,74,74,False,False,False,False,152.50806463509798,97.24593321233988,35,13,35,13,1,1,34,13,23,37
globalvoices-v2018q4-d0064-a0003,globalvoices-v2018q4-doc-a895016aa8c993bb,news,unknown,False,False,False,52,130,False,False,False,79,79,False,False,False,False,143.2351528070867,112.6840717792511,33,14,33,14,1,1,32,13,25,39
globalvoices-v2018q4-d0064-a0004,globalvoices-v2018q4-doc-a895016aa8c993bb,news,unknown,False,False,False,111,275,False,False,False,217,217,False,False,False,False,273.34873064313433,198.28158465586603,80,40,80,40,1,1,65,39,49,97
globalvoices-v2018q4-d0064-a0005,globalvoices-v2018q4-doc-a895016aa8c993bb,news,unknown,False,False,False,48,122,False,False,False,74,74,False,False,False,False,117.33633714495228,98.178712785244,34,15,34,15,1,1,28,15,22,37
globalvoices-v2018q4-d0064-a0006,globalvoices-v2018q4-doc-a895016aa8c993bb,news,unknown,False,False,False,24,60,False,False,False,39,39,False,False,False,False,93.75670206546783,47.0828942656517,13,9,13,9,1,1,13,9,16,21
globalvoices-v2018q4-d0064-a0007,globalvoices-v2018q4-doc-a895016aa8c993bb,news,unknown,False,False,False,127,305,False,False,False,231,231,False,False,False,False,277.5152555613022,191.38860201835632,78,45,78,45,1,1,65,45,59,113
globalvoices-v2018q4-d0064-a0008,globalvoices-v2018q4-doc-a895016aa8c993bb,news,unknown,False,False,False,99,217,False,False,False,228,228,False,False,False,False,282.0769465449266,264.81603945605457,67,56,67,56,1,1,51,51,51,111
globalvoices-v2018q4-d0064-a0009,globalvoices-v2018q4-doc-a895016aa8c993bb,news,unknown,False,False,False,64,146,False,False,False,144,144,False,False,False,False,174.58972900838123,178.19185187667608,47,33,47,33,1,1,37,32,31,69
globalvoices-v2018q4-d0064-a0010,globalvoices-v2018q4-doc-a895016aa8c993bb,news,unknown,False,False,False,59,143,False,False,False,78,78,False,False,False,False,171.84444388051634,121.17024576663972,39,19,39,19,1,1,33,17,31,37
globalvoices-v2018q4-d0064-a0011,globalvoices-v2018q4-doc-a895016aa8c993bb,news,unknown,False,False,False,54,120,False,False,False,87,87,False,False,False,False,151.08124619629234,111.3968848735094,33,18,33,18,1,1,28,18,26,43
globalvoices-v2018q4-d0064-a0012,globalvoices-v2018q4-doc-a895016aa8c993bb,news,unknown,False,False,False,48,120,False,False,False,90,90,False,False,False,False,147.53457337617874,131.12124083563685,29,19,29,19,1,1,26,19,24,42
globalvoices-v2018q4-d0064-a0013,globalvoices-v2018q4-doc-a895016aa8c993bb,news,unknown,False,False,False,64,128,False,False,False,78,78,False,False,False,False,210.30799821205437,123.2501818537712,42,19,42,19,1,1,36,17,38,42
globalvoices-v2018q4-d0064-a0014,globalvoices-v2018q4-doc-a895016aa8c993bb,news,unknown,False,False,False,64,154,False,False,False,119,119,False,False,False,False,194.81617594510317,187.16166617022827,47,35,47,35,1,1,40,31,29,60
globalvoices-v2018q4-d0064-a0015,globalvoices-v2018q4-doc-a895016aa8c993bb,news,unknown,False,False,False,98,214,False,False,False,160,160,False,False,False,False,314.40969785209745,196.59558365121484,65,37,65,37,1,1,57,34,48,78
globalvoices-v2018q4-d0064-a0016,globalvoices-v2018q4-doc-a895016aa8c993bb,news,unknown,False,False,False,67,167,False,False,False,146,146,False,False,False,False,198.99185223458335,167.52160562574863,44,30,44,30,1,1,43,29,33,68
globalvoices-v2018q4-d0064-a0017,globalvoices-v2018q4-doc-a895016aa8c993bb,news,unknown,False,False,False,54,130,False,False,False,93,93,False,False,False,False,144.58170133561362,120.34619723260404,40,22,40,22,1,1,33,22,25,45
globalvoices-v2018q4-d0064-a0018,globalvoices-v2018q4-doc-a895016aa8c993bb,news,unknown,False,False,False,32,74,False,False,False,47,47,False,False,False,False,108.28502281010152,80.80843162536621,22,13,22,13,1,1,20,11,14,22
globalvoices-v2018q4-d0064-a0019,globalvoices-v2018q4-doc-a895016aa8c993bb,news,unknown,False,False,False,45,101,False,False,False,64,64,False,False,False,False,144.89818581100553,120.05521482229231,25,15,25,15,1,1,22,14,23,36
globalvoices-v2018q4-d0064-a0020,globalvoices-v2018q4-doc-a895016aa8c993bb,news,unknown,False,False,False,37,91,False,False,False,38,38,False,False,False,False,180.21528400480747,76.76242780685425,28,10,28,10,1,1,23,9,20,22
globalvoices-v2018q4-d0064-a0021,globalvoices-v2018q4-doc-a895016aa8c993bb,news,unknown,False,False,False,29,75,False,False,False,55,55,False,False,False,False,106.67839124420424,79.91364288330078,21,9,21,9,1,1,18,9,16,25
globalvoices-v2018q4-d0064-a0022,globalvoices-v2018q4-doc-a895016aa8c993bb,news,unknown,False,False,False,62,132,False,False,False,99,99,False,False,False,False,156.9967441682238,132.75451627373695,40,25,40,25,1,1,34,25,29,48
globalvoices-v2018q4-d0064-a0023,globalvoices-v2018q4-doc-a895016aa8c993bb,news,unknown,False,False,False,45,93,False,False,False,69,69,False,False,False,False,156.73743471922353,96.59628769755363,29,17,29,17,1,1,23,17,22,35
globalvoices-v2018q4-d0064-a0024,globalvoices-v2018q4-doc-a895016aa8c993bb,news,unknown,False,False,False,48,68,False,False,False,82,82,False,False,False,False,202.71823243424296,165.19333004951477,26,22,26,22,1,1,22,21,28,43
globalvoices-v2018q4-d0064-a0025,globalvoices-v2018q4-doc-a895016aa8c993bb,news,unknown,False,False,False,56,140,False,False,False,55,55,False,False,False,False,171.56731926789507,111.68347215652466,40,10,40,10,1,1,32,10,24,28
globalvoices-v2018q4-d0064-a0026,globalvoices-v2018q4-doc-a895016aa8c993bb,news,unknown,False,False,False,46,106,False,False,False,76,76,False,False,False,False,142.94930766522884,112.79750895500185,31,18,31,18,1,1,25,17,23,40
globalvoices-v2018q4-d0064-a0027,globalvoices-v2018q4-doc-a895016aa8c993bb,news,unknown,False,False,False,77,149,False,False,False,132,132,False,False,False,False,280.48867908283137,201.45621151849627,48,38,48,38,1,1,38,35,40,66
globalvoices-v2018q4-d0064-a0028,globalvoices-v2018q4-doc-a895016aa8c993bb,news,unknown,False,False,False,22,52,False,False,False,45,45,False,False,False,False,93.61936722695827,71.6292073726654,15,8,15,8,1,1,12,8,12,24
globalvoices-v2018q4-d0064-a0029,globalvoices-v2018q4-doc-a895016aa8c993bb,news,unknown,False,False,False,24,54,False,False,False,45,45,False,False,False,False,92.56164115667345,73.68312299251556,17,11,17,11,1,1,13,9,12,18
globalvoices-v2018q4-d0064-a0030,globalvoices-v2018q4-doc-a895016aa8c993bb,news,unknown,False,False,False,55,137,False,False,False,77,77,False,False,False,False,145.0289395272266,108.57244753837584,31,16,31,16,1,1,29,15,27,40
globalvoices-v2018q4-d0064-a0031,globalvoices-v2018q4-doc-a895016aa8c993bb,news,unknown,False,False,False,53,133,False,False,False,94,94,False,False,False,False,130.72575356182642,105.34831808507442,33,17,33,17,1,1,29,17,23,44
globalvoices-v2018q4-d0064-a0032,globalvoices-v2018q4-doc-a895016aa8c993bb,news,unknown,False,False,False,59,147,False,False,False,133,133,False,False,False,False,199.12134254723787,155.0268126577139,40,23,40,23,1,1,35,23,26,65
globalvoices-v2018q4-d0064-a0033,globalvoices-v2018q4-doc-a895016aa8c993bb,news,unknown,False,False,False,16,40,False,False,False,15,15,False,False,False,False,94.423565864563,59.639336824417114,14,5,14,5,1,1,11,5,9,9
globalvoices-v2018q4-d0064-a0034,globalvoices-v2018q4-doc-a895016aa8c993bb,news,unknown,False,False,False,46,116,False,False,False,124,124,False,False,False,False,159.6727827534778,139.2252917289734,35,22,35,22,1,1,28,21,21,60
globalvoices-v2018q4-d0064-a0035,globalvoices-v2018q4-doc-a895016aa8c993bb,news,unknown,False,False,False,52,134,False,False,False,124,128,False,False,False,False,200.4143118839711,171.49749332852662,35,26,35,26,1,1,29,25,25,61
globalvoices-v2018q4-d0064-a0036,globalvoices-v2018q4-doc-a895016aa8c993bb,news,unknown,False,False,False,77,189,False,False,False,121,121,False,False,False,False,238.4407346304506,184.92873322963715,47,30,47,30,1,1,45,27,38,61
globalvoices-v2018q4-d0064-a0037,globalvoices-v2018q4-doc-a895016aa8c993bb,news,unknown,False,False,False,11,27,False,False,False,17,17,False,False,False,False,79.68649709224701,49.38276553153992,9,6,9,6,1,1,8,5,8,11
globalvoices-v2018q4-d0064-a0038,globalvoices-v2018q4-doc-a895016aa8c993bb,news,unknown,False,False,False,19,49,False,False,False,65,65,False,False,False,False,64.36709676217288,86.5115964114666,15,10,15,10,1,1,13,10,9,32
globalvoices-v2018q4-d0064-a0039,globalvoices-v2018q4-doc-a895016aa8c993bb,news,unknown,False,False,False,25,59,False,False,False,90,90,False,False,False,False,100.73405385589284,137.31845593452454,19,19,19,19,1,1,17,19,14,41
globalvoices-v2018q4-d0064-a0040,globalvoices-v2018q4-doc-a895016aa8c993bb,news,unknown,False,False,False,62,146,False,False,False,132,132,False,False,False,False,194.91850148991216,189.35265208780768,40,35,40,35,1,1,34,31,33,70
globalvoices-v2018q4-d0064-a0041,globalvoices-v2018q4-doc-a895016aa8c993bb,news,unknown,False,False,False,32,80,False,False,False,39,39,False,False,False,False,110.28960809949784,73.68856453895569,22,10,22,10,1,1,18,9,19,21
globalvoices-v2018q4-d0064-a0042,globalvoices-v2018q4-doc-a895016aa8c993bb,news,unknown,False,False,False,43,107,False,False,False,73,73,False,False,False,False,122.7510144636035,89.39064839482307,28,15,28,15,1,1,29,15,22,34
globalvoices-v2018q4-d0064-a0043,globalvoices-v2018q4-doc-a895016aa8c993bb,news,unknown,False,False,False,54,98,False,False,False,94,94,False,False,False,False,207.03365559875965,208.65002915076911,42,40,42,40,1,1,33,30,28,46
globalvoices-v2018q4-d0064-a0044,globalvoices-v2018q4-doc-a895016aa8c993bb,news,unknown,False,False,False,30,78,False,False,False,55,55,False,False,False,False,99.543447682634,82.99209856241941,26,11,26,11,1,1,20,11,14,27
globalvoices-v2018q4-d0064-a0045,globalvoices-v2018q4-doc-a895016aa8c993bb,news,unknown,False,False,False,52,126,False,False,False,101,101,False,False,False,False,153.65367425605655,113.42898060381413,37,20,37,20,1,1,28,20,23,44
globalvoices-v2018q4-d0064-a0046,globalvoices-v2018q4-doc-a895016aa8c993bb,news,unknown,False,False,False,64,162,False,False,False,164,166,False,False,False,False,225.28613019082695,159.7397118806839,46,25,46,25,1,1,40,25,32,70
globalvoices-v2018q4-d0064-a0047,globalvoices-v2018q4-doc-a895016aa8c993bb,news,unknown,False,False,False,86,194,False,False,False,149,149,False,False,False,False,260.542182725505,179.31576802022755,61,29,61,29,1,1,52,29,43,69
globalvoices-v2018q4-d0064-a0048,globalvoices-v2018q4-doc-a895016aa8c993bb,news,unknown,False,False,False,10,24,False,False,False,26,26,False,False,False,False,71.89018774032593,64.40830969810486,9,7,9,7,1,1,7,7,8,15
globalvoices-v2018q4-d0064-a0049,globalvoices-v2018q4-doc-a895016aa8c993bb,news,unknown,False,False,False,21,53,False,False,False,39,39,False,False,False,False,72.55545979109593,67.64026963710785,17,11,17,11,1,1,16,10,10,21
globalvoices-v2018q4-d0064-a0050,globalvoices-v2018q4-doc-a895016aa8c993bb,news,unknown,False,False,False,47,111,False,False,False,105,105,False,False,False,False,163.63600559451152,114.8088438808918,40,25,40,25,1,1,31,23,26,47
globalvoices-v2018q4-d0065-a0001,globalvoices-v2018q4-doc-d3e015c0aea10e49,news,unknown,False,False,False,25,63,False,False,False,72,73,False,False,False,False,116.5951116681099,118.53515846841036,26,18,26,18,1,1,20,17,14,36
globalvoices-v2018q4-d0065-a0002,globalvoices-v2018q4-doc-d3e015c0aea10e49,news,unknown,False,False,False,43,109,False,False,False,149,149,False,False,False,False,152.63937131734565,143.22884953115135,32,33,32,33,1,1,30,30,23,72
globalvoices-v2018q4-d0065-a0003,globalvoices-v2018q4-doc-d3e015c0aea10e49,news,unknown,False,False,False,65,141,False,False,False,96,96,False,False,False,False,187.9711095469538,132.97279423102736,41,21,41,21,1,1,40,21,37,51
globalvoices-v2018q4-d0065-a0004,globalvoices-v2018q4-doc-d3e015c0aea10e49,news,unknown,False,False,False,36,88,False,False,False,65,65,False,False,False,False,130.65847225487232,96.42860758304596,27,12,27,12,1,1,26,12,20,35
globalvoices-v2018q4-d0065-a0005,globalvoices-v2018q4-doc-d3e015c0aea10e49,news,unknown,False,False,False,43,101,False,False,False,66,66,False,False,False,False,170.92326207831502,86.77276891469955,35,16,35,16,1,1,33,16,30,31
globalvoices-v2018q4-d0065-a0006,globalvoices-v2018q4-doc-d3e015c0aea10e49,news,unknown,False,False,False,58,138,False,False,False,110,110,False,False,False,False,173.6353243328631,123.3840697016567,39,26,39,26,1,1,37,26,35,60
globalvoices-v2018q4-d0065-a0007,globalvoices-v2018q4-doc-d3e015c0aea10e49,news,unknown,False,False,False,19,45,False,False,False,36,36,False,False,False,False,93.2647754251957,69.30245757102966,17,10,17,10,1,1,13,9,12,19
globalvoices-v2018q4-d0065-a0008,globalvoices-v2018q4-doc-d3e015c0aea10e49,news,unknown,False,False,False,33,81,False,False,False,77,77,False,False,False,False,123.60725370491856,116.93630212545396,25,17,25,17,1,1,23,17,19,39
globalvoices-v2018q4-d0065-a0009,globalvoices-v2018q4-doc-d3e015c0aea10e49,news,unknown,False,False,False,79,197,False,False,False,199,199,False,False,False,False,243.70733659830876,211.52974208071828,57,36,57,36,1,1,49,35,38,102
globalvoices-v2018q4-d0065-a0010,globalvoices-v2018q4-doc-d3e015c0aea10e49,news,unknown,False,False,False,40,102,False,False,False,67,67,False,False,False,False,188.91298401355743,146.5996214747429,31,15,31,15,1,1,29,14,23,34
globalvoices-v2018q4-d0065-a0011,globalvoices-v2018q4-doc-d3e015c0aea10e49,news,unknown,False,False,False,48,122,False,False,False,82,82,False,False,False,False,172.77221213281155,110.0397216975689,34,18,34,18,1,1,30,16,24,43
globalvoices-v2018q4-d0065-a0012,globalvoices-v2018q4-doc-d3e015c0aea10e49,news,unknown,False,False,False,58,142,False,False,False,111,111,False,False,False,False,189.56290123146027,148.87536931037903,39,20,39,20,1,1,38,19,30,57
globalvoices-v2018q4-d0065-a0013,globalvoices-v2018q4-doc-d3e015c0aea10e49,news,unknown,False,False,False,36,88,False,False,False,71,71,False,False,False,False,106.09852866455913,91.29410234093666,26,14,26,14,1,1,23,14,18,36
globalvoices-v2018q4-d0065-a0014,globalvoices-v2018q4-doc-d3e015c0aea10e49,news,unknown,False,False,False,40,100,False,False,False,66,66,False,False,False,False,122.71494166366756,78.42340814881027,29,16,29,16,1,1,22,16,20,32
globalvoices-v2018q4-d0065-a0015,globalvoices-v2018q4-doc-d3e015c0aea10e49,news,unknown,False,False,False,40,98,False,False,False,67,67,False,False,False,False,158.48071967018768,131.55348467826843,27,15,27,15,1,1,25,15,21,36
globalvoices-v2018q4-d0065-a0016,globalvoices-v2018q4-doc-d3e015c0aea10e49,news,unknown,False,False,False,72,162,False,False,False,99,99,False,False,False,False,234.05383286834697,150.3233363814652,41,24,41,24,1,1,39,22,41,49
globalvoices-v2018q4-d0065-a0017,globalvoices-v2018q4-doc-d3e015c0aea10e49,news,unknown,False,False,False,24,52,False,False,False,53,53,False,False,False,False,123.21313905715942,117.10984325408936,18,14,18,14,1,1,14,13,10,24
globalvoices-v2018q4-d0065-a0018,globalvoices-v2018q4-doc-d3e015c0aea10e49,news,unknown,False,False,False,69,163,False,False,False,134,134,False,False,False,False,229.02542335167527,178.31476939469576,52,35,52,35,1,1,38,33,34,68
globalvoices-v2018q4-d0065-a0019,globalvoices-v2018q4-doc-d3e015c0aea10e49,news,unknown,False,False,False,33,85,False,False,False,195,195,False,False,False,False,133.10486959456466,259.11677279882133,24,42,24,42,1,1,24,41,21,90
globalvoices-v2018q4-d0065-a0020,globalvoices-v2018q4-doc-d3e015c0aea10e49,news,unknown,False,False,False,62,136,False,False,False,58,58,False,False,False,False,175.08105405943934,70.98897036164999,45,11,45,11,1,1,36,11,32,29
globalvoices-v2018q4-d0065-a0021,globalvoices-v2018q4-doc-d3e015c0aea10e49,news,unknown,False,False,False,35,87,False,False,False,80,80,False,False,False,False,119.50014151632786,169.55593461543322,23,18,23,18,1,1,22,18,20,40
globalvoices-v2018q4-d0065-a0022,globalvoices-v2018q4-doc-d3e015c0aea10e49,news,unknown,False,False,False,17,41,False,False,False,62,62,False,False,False,False,75.33492930978537,78.84402176737785,11,16,11,16,1,1,9,16,10,31
globalvoices-v2018q4-d0065-a0023,globalvoices-v2018q4-doc-d3e015c0aea10e49,news,unknown,False,False,False,49,111,False,False,False,150,150,False,False,False,False,126.86345114311553,163.80527230538428,32,29,32,29,1,1,30,29,34,71
globalvoices-v2018q4-d0065-a0024,globalvoices-v2018q4-doc-d3e015c0aea10e49,news,unknown,False,False,False,39,97,False,False,False,58,58,False,False,False,False,128.671123143984,97.81449913978577,26,13,26,13,1,1,23,14,17,31
globalvoices-v2018q4-d0065-a0025,globalvoices-v2018q4-doc-d3e015c0aea10e49,news,unknown,False,False,False,45,111,False,False,False,113,115,False,False,False,False,156.60982705652714,131.88572177663443,29,24,29,24,1,1,27,24,25,51
globalvoices-v2018q4-d0065-a0026,globalvoices-v2018q4-doc-d3e015c0aea10e49,news,unknown,False,False,False,60,142,False,False,False,89,89,False,False,False,False,228.70935370586812,156.47321921028197,43,20,43,20,1,1,37,19,39,47
globalvoices-v2018q4-d0065-a0027,globalvoices-v2018q4-doc-d3e015c0aea10e49,news,unknown,False,False,False,40,102,False,False,False,73,73,False,False,False,False,152.89805030822754,108.4723145365715,31,15,31,15,1,1,27,14,24,36
globalvoices-v2018q4-d0065-a0028,globalvoices-v2018q4-doc-d3e015c0aea10e49,news,unknown,False,False,False,81,205,False,False,False,176,176,False,False,False,False,302.7077386174351,225.27287624403832,59,36,59,36,1,1,55,35,46,86
globalvoices-v2018q4-d0065-a0029,globalvoices-v2018q4-doc-d3e015c0aea10e49,news,unknown,False,False,False,52,116,False,False,False,83,83,False,False,False,False,199.07850758894347,127.270778298378,34,18,34,18,1,1,30,17,30,44
globalvoices-v2018q4-d0065-a0030,globalvoices-v2018q4-doc-d3e015c0aea10e49,news,unknown,False,False,False,46,114,False,False,False,77,77,False,False,False,False,162.21217237506062,107.93468761444092,30,12,30,12,1,1,28,13,28,39
globalvoices-v2018q4-d0065-a0031,globalvoices-v2018q4-doc-d3e015c0aea10e49,news,unknown,False,False,False,34,74,False,False,False,62,62,False,False,False,False,166.29358503222466,92.79893517494202,29,14,29,14,1,1,23,15,21,32
globalvoices-v2018q4-d0065-a0032,globalvoices-v2018q4-doc-d3e015c0aea10e49,news,unknown,False,False,False,62,136,False,False,False,148,148,False,False,False,False,175.08105405943934,201.29240986704824,45,30,45,30,1,1,36,31,32,74
globalvoices-v2018q4-d0065-a0033,globalvoices-v2018q4-doc-d3e015c0aea10e49,news,unknown,False,False,False,29,73,False,False,False,58,58,False,False,False,False,93.7609092798084,138.59872436523438,18,15,18,15,1,1,15,14,14,32
globalvoices-v2018q4-d0065-a0034,globalvoices-v2018q4-doc-d3e015c0aea10e49,news,unknown,False,False,False,43,107,False,False,False,81,81,False,False,False,False,147.09721335582435,112.33379578590392,27,17,27,17,1,1,23,17,21,40
globalvoices-v2018q4-d0065-a0035,globalvoices-v2018q4-doc-d3e015c0aea10e49,news,unknown,False,False,False,49,117,False,False,False,130,130,False,False,False,False,188.09400814771652,206.3454130589962,34,29,34,29,1,1,31,30,25,61
globalvoices-v2018q4-d0065-a0036,globalvoices-v2018q4-doc-d3e015c0aea10e49,news,unknown,False,False,False,38,94,False,False,False,69,69,False,False,False,False,166.77953654527664,116.2106511592865,30,14,30,14,1,1,25,15,21,35
globalvoices-v2018q4-d0065-a0037,globalvoices-v2018q4-doc-d3e015c0aea10e49,news,unknown,False,False,False,37,93,False,False,False,85,85,False,False,False,False,131.91324515268207,109.15373262763023,24,20,24,20,1,1,23,20,19,42
globalvoices-v2018q4-d0065-a0038,globalvoices-v2018q4-doc-d3e015c0aea10e49,news,unknown,False,False,False,49,123,False,False,False,71,71,False,False,False,False,178.87967002211371,104.69888001680374,34,17,34,17,1,1,31,15,28,39
globalvoices-v2018q4-d0065-a0039,globalvoices-v2018q4-doc-d3e015c0aea10e49,news,unknown,False,False,False,27,67,False,False,False,74,74,False,False,False,False,141.8236033320427,131.85328352451324,20,17,20,17,1,1,18,16,18,41
globalvoices-v2018q4-d0065-a0040,globalvoices-v2018q4-doc-d3e015c0aea10e49,news,unknown,False,False,False,50,118,False,False,False,139,139,False,False,False,False,204.80711944866923,152.84638339281082,37,29,37,29,1,1,33,28,28,71
globalvoices-v2018q4-d0065-a0041,globalvoices-v2018q4-doc-d3e015c0aea10e49,news,unknown,False,False,False,41,97,False,False,False,106,106,False,False,False,False,135.20604833960533,162.76810447499156,27,24,27,24,1,1,25,24,23,52
globalvoices-v2018q4-d0065-a0042,globalvoices-v2018q4-doc-d3e015c0aea10e49,news,unknown,False,False,False,45,113,False,False,False,100,100,False,False,False,False,177.18875217437744,108.49026844277978,31,21,31,21,1,1,28,21,25,49
globalvoices-v2018q4-d0066-a0001,globalvoices-v2018q4-doc-cea788de2263cf30,news,unknown,False,False,False,19,49,False,False,False,53,54,False,False,False,False,106.96350026130676,98.08228239230812,20,14,20,14,1,1,18,14,13,27
globalvoices-v2018q4-d0066-a0002,globalvoices-v2018q4-doc-cea788de2263cf30,news,unknown,False,False,False,90,91,False,False,False,90,91,True,False,False,False,162.9210400339216,162.9210400339216,31,31,31,31,1,1,28,28,49,49
globalvoices-v2018q4-d0066-a0003,globalvoices-v2018q4-doc-cea788de2263cf30,news,unknown,False,False,False,94,232,False,False,False,216,216,False,False,False,False,320.0918090902269,159.6202789233066,68,46,68,46,1,1,60,44,49,103
globalvoices-v2018q4-d0066-a0004,globalvoices-v2018q4-doc-cea788de2263cf30,news,unknown,False,False,False,43,105,False,False,False,92,92,False,False,False,False,154.97331044496968,135.05988160520792,36,25,36,25,1,1,29,22,27,49
globalvoices-v2018q4-d0066-a0005,globalvoices-v2018q4-doc-cea788de2263cf30,news,unknown,False,False,False,58,144,False,False,False,107,107,False,False,False,False,181.20474830269816,131.03749267943203,39,23,39,23,1,1,38,23,37,54
globalvoices-v2018q4-d0066-a0006,globalvoices-v2018q4-doc-cea788de2263cf30,news,unknown,False,False,False,28,68,False,False,False,63,63,False,False,False,False,91.1823490524548,72.53920913860202,16,15,16,15,1,1,13,15,15,32
globalvoices-v2018q4-d0066-a0007,globalvoices-v2018q4-doc-cea788de2263cf30,news,unknown,False,False,False,21,53,False,False,False,26,26,False,False,False,False,81.53048846125603,43.06869196891785,13,6,13,6,1,1,12,6,13,13
globalvoices-v2018q4-d0066-a0008,globalvoices-v2018q4-doc-cea788de2263cf30,news,unknown,False,False,False,13,33,False,False,False,17,17,False,False,False,False,66.72506332397461,29.812193155288696,8,5,8,5,1,1,8,5,8,9
globalvoices-v2018q4-d0066-a0009,globalvoices-v2018q4-doc-cea788de2263cf30,news,unknown,False,False,False,24,60,False,False,False,76,76,False,False,False,False,80.13452416658401,85.11278323829174,12,17,12,17,1,1,12,17,14,36
globalvoices-v2018q4-d0066-a0010,globalvoices-v2018q4-doc-cea788de2263cf30,news,unknown,False,False,False,26,62,False,False,False,29,29,False,False,False,False,92.67626690119504,54.42560362815857,21,7,21,7,1,1,15,7,16,16
globalvoices-v2018q4-d0066-a0011,globalvoices-v2018q4-doc-cea788de2263cf30,news,unknown,False,False,False,17,41,False,False,False,98,98,False,False,False,False,89.5393203496933,150.75215171277523,12,21,12,21,1,1,10,21,10,48
globalvoices-v2018q4-d0066-a0012,globalvoices-v2018q4-doc-cea788de2263cf30,news,unknown,False,False,False,4,10,False,False,False,7,7,False,False,False,False,42.282111406326294,34.955392837524414,4,2,4,2,1,1,3,2,3,4
globalvoices-v2018q4-d0066-a0013,globalvoices-v2018q4-doc-cea788de2263cf30,news,unknown,False,False,False,78,158,False,False,False,152,152,False,False,False,False,242.93835047632456,189.458529740572,46,31,46,31,1,1,40,31,47,74
globalvoices-v2018q4-d0066-a0014,globalvoices-v2018q4-doc-cea788de2263cf30,news,unknown,False,False,False,55,139,False,False,False,98,98,False,False,False,False,169.89284510631114,102.47642162302508,40,21,40,21,1,1,34,21,28,48
globalvoices-v2018q4-d0066-a0015,globalvoices-v2018q4-doc-cea788de2263cf30,news,unknown,False,False,False,64,158,False,False,False,140,142,False,False,False,False,223.5881274938583,180.08135682344437,51,26,51,26,1,1,44,26,39,68
globalvoices-v2018q4-d0066-a0016,globalvoices-v2018q4-doc-cea788de2263cf30,news,unknown,False,False,False,51,111,False,False,False,285,285,False,False,False,False,182.56725516472943,348.3443924363237,39,66,39,66,1,1,32,64,27,155
globalvoices-v2018q4-d0066-a0017,globalvoices-v2018q4-doc-cea788de2263cf30,news,unknown,False,False,False,52,102,False,False,False,249,249,False,False,False,False,154.69009405805264,290.5644509587437,33,60,33,60,1,1,30,60,32,132
globalvoices-v2018q4-d0066-a0018,globalvoices-v2018q4-doc-cea788de2263cf30,news,unknown,False,False,False,66,164,False,False,False,304,304,False,False,False,False,206.3385140170867,401.3564003352076,49,61,49,61,1,1,43,62,35,140
globalvoices-v2018q4-d0066-a0019,globalvoices-v2018q4-doc-cea788de2263cf30,news,unknown,False,False,False,109,227,False,False,False,295,295,False,False,False,False,361.6779342109803,272.8147155245533,68,71,68,71,1,1,58,67,62,145
globalvoices-v2018q4-d0066-a0020,globalvoices-v2018q4-doc-cea788de2263cf30,news,unknown,False,False,False,73,157,False,False,False,172,172,False,False,False,False,226.9008556562476,241.86193929892033,46,47,46,47,1,1,43,45,41,97
globalvoices-v2018q4-d0066-a0021,globalvoices-v2018q4-doc-cea788de2263cf30,news,unknown,False,False,False,127,257,False,False,False,312,314,False,False,False,False,360.05922726291465,481.9223700091243,81,77,81,77,1,1,77,75,73,169
globalvoices-v2018q4-d0071-a0001,globalvoices-v2018q4-doc-57fc39a2b484f989,news,unknown,False,False,False,20,52,False,False,False,63,64,False,False,False,False,89.453080996871,112.10912744700909,16,16,16,16,1,1,15,18,10,32
globalvoices-v2018q4-d0071-a0002,globalvoices-v2018q4-doc-57fc39a2b484f989,news,unknown,False,False,False,69,149,False,False,False,194,194,False,False,False,False,221.16678301244977,175.53748728334904,49,46,49,46,1,1,42,43,40,98
globalvoices-v2018q4-d0071-a0003,globalvoices-v2018q4-doc-57fc39a2b484f989,news,unknown,False,False,False,48,92,False,False,False,138,138,False,False,False,False,184.26283982768655,189.0845704509411,31,32,31,32,1,1,30,31,33,64
globalvoices-v2018q4-d0071-a0004,globalvoices-v2018q4-doc-57fc39a2b484f989,news,unknown,False,False,False,79,191,False,False,False,147,147,False,False,False,False,254.3856902634725,186.31664251885377,59,40,59,40,1,1,50,37,38,76
globalvoices-v2018q4-d0071-a0005,globalvoices-v2018q4-doc-57fc39a2b484f989,news,unknown,False,False,False,66,142,False,False,False,219,219,False,False,False,False,177.250074300915,230.21513359155503,36,47,36,47,1,1,32,44,36,99
globalvoices-v2018q4-d0071-a0006,globalvoices-v2018q4-doc-57fc39a2b484f989,news,unknown,False,False,False,38,76,False,False,False,109,109,False,False,False,False,130.76362705230713,181.4682895243168,22,29,22,29,1,1,21,29,22,58
globalvoices-v2018q4-d0071-a0007,globalvoices-v2018q4-doc-57fc39a2b484f989,news,unknown,False,False,False,54,114,False,False,False,92,92,False,False,False,False,151.00671544088982,152.19348632730544,30,25,30,25,1,1,28,26,30,51
globalvoices-v2018q4-d0071-a0008,globalvoices-v2018q4-doc-57fc39a2b484f989,news,unknown,False,False,False,85,185,False,False,False,104,104,False,False,False,False,292.86944674141705,185.12210562825203,54,28,54,28,1,1,48,28,44,56
globalvoices-v2018q4-d0071-a0009,globalvoices-v2018q4-doc-57fc39a2b484f989,news,unknown,False,False,False,62,128,False,False,False,154,154,False,False,False,False,238.3527519442141,246.78967653214931,38,39,38,39,1,1,34,37,31,83
globalvoices-v2018q4-d0071-a0010,globalvoices-v2018q4-doc-57fc39a2b484f989,news,unknown,False,False,False,93,197,False,False,False,253,253,False,False,False,False,298.8424371480942,350.3752384893596,53,66,53,66,1,1,50,65,51,136
globalvoices-v2018q4-d0071-a0011,globalvoices-v2018q4-doc-57fc39a2b484f989,news,unknown,False,False,False,162,324,False,False,False,232,232,False,False,False,False,449.2859646352008,335.0096213631332,98,53,98,53,1,1,91,52,91,122
globalvoices-v2018q4-d0071-a0012,globalvoices-v2018q4-doc-57fc39a2b484f989,news,unknown,False,False,False,57,113,False,False,False,125,125,False,False,False,False,240.3201932385564,238.50278574600816,35,29,35,29,1,1,27,29,23,63
globalvoices-v2018q4-d0071-a0013,globalvoices-v2018q4-doc-57fc39a2b484f989,news,unknown,False,False,False,110,180,False,False,False,180,180,False,False,False,False,392.73269782960415,352.4254575371742,54,44,54,44,1,1,46,45,58,97
globalvoices-v2018q4-d0071-a0014,globalvoices-v2018q4-doc-57fc39a2b484f989,news,unknown,False,False,False,158,304,False,False,False,181,181,False,False,False,False,453.60106037526566,334.2754605785012,96,51,96,51,1,1,90,47,81,87
globalvoices-v2018q4-d0071-a0015,globalvoices-v2018q4-doc-57fc39a2b484f989,news,unknown,False,False,False,52,94,False,False,False,99,99,False,False,False,False,257.3554174900055,200.38845720887184,34,30,34,30,1,1,31,29,28,47
globalvoices-v2018q4-d0071-a0016,globalvoices-v2018q4-doc-57fc39a2b484f989,news,unknown,False,False,False,72,144,False,False,False,141,141,False,False,False,False,285.813632665202,225.1867343187332,50,42,50,42,1,1,46,40,35,64
globalvoices-v2018q4-d0071-a0017,globalvoices-v2018q4-doc-57fc39a2b484f989,news,unknown,False,False,False,157,303,False,False,False,243,243,False,False,False,False,486.2381559415953,391.6039687941666,106,76,106,76,1,1,91,71,84,127
globalvoices-v2018q4-d0080-a0001,globalvoices-v2018q4-doc-0c33cad69b2d1f18,news,unknown,False,False,False,26,64,False,False,False,60,61,False,False,False,False,131.6922612041235,110.07817780971529,18,14,18,14,1,1,16,15,13,31
globalvoices-v2018q4-d0080-a0002,globalvoices-v2018q4-doc-0c33cad69b2d1f18,news,unknown,False,False,False,164,380,False,False,False,234,234,False,False,False,False,365.8680913860954,238.02615537145175,119,47,119,47,1,1,105,48,79,122
globalvoices-v2018q4-d0080-a0003,globalvoices-v2018q4-doc-0c33cad69b2d1f18,news,unknown,False,False,False,86,212,False,False,False,165,165,False,False,False,False,327.582486897707,175.27375632617623,63,36,63,36,1,1,59,35,46,81
globalvoices-v2018q4-d0080-a0004,globalvoices-v2018q4-doc-0c33cad69b2d1f18,news,unknown,False,False,False,142,340,False,False,False,286,286,False,False,False,False,486.5829562395811,260.9562631063163,93,55,93,55,1,1,81,55,78,129
globalvoices-v2018q4-d0080-a0005,globalvoices-v2018q4-doc-0c33cad69b2d1f18,news,unknown,False,False,False,83,203,False,False,False,226,226,False,False,False,False,326.9687554715201,266.5065759073477,61,46,61,46,1,1,57,45,44,116
globalvoices-v2018q4-d0080-a0006,globalvoices-v2018q4-doc-0c33cad69b2d1f18,news,unknown,False,False,False,108,272,False,False,False,236,236,False,False,False,False,323.9292854415253,263.2272005826235,81,44,81,44,1,1,68,45,55,118
globalvoices-v2018q4-d0080-a0007,globalvoices-v2018q4-doc-0c33cad69b2d1f18,news,unknown,False,False,False,58,140,False,False,False,96,96,False,False,False,False,205.95490338059608,154.3979412317276,38,21,38,21,1,1,34,21,31,51
globalvoices-v2018q4-d0080-a0008,globalvoices-v2018q4-doc-0c33cad69b2d1f18,news,unknown,False,False,False,83,207,False,False,False,34,34,False,False,False,False,291.9534665197134,57.01330637931824,56,9,56,9,1,1,51,9,47,19
globalvoices-v2018q4-d0080-a0009,globalvoices-v2018q4-doc-0c33cad69b2d1f18,news,unknown,False,False,False,91,225,False,False,False,114,114,False,False,False,False,280.26582361513283,169.73295117542148,67,24,67,24,1,1,57,24,50,59
globalvoices-v2018q4-d0080-a0010,globalvoices-v2018q4-doc-0c33cad69b2d1f18,news,unknown,False,False,False,52,110,False,False,False,78,78,False,False,False,False,214.81537019764073,158.2395715713501,41,19,41,19,1,1,30,19,27,40
globalvoices-v2018q4-d0080-a0011,globalvoices-v2018q4-doc-0c33cad69b2d1f18,news,unknown,False,False,False,45,101,False,False,False,77,77,False,False,False,False,214.1055627465248,164.362454097718,31,20,31,20,1,1,29,20,25,39
globalvoices-v2018q4-d0080-a0012,globalvoices-v2018q4-doc-0c33cad69b2d1f18,news,unknown,False,False,False,21,53,False,False,False,43,43,False,False,False,False,103.2518579363823,65.7976324558258,12,11,12,11,1,1,11,10,12,20
globalvoices-v2018q4-d0080-a0013,globalvoices-v2018q4-doc-0c33cad69b2d1f18,news,unknown,False,False,False,63,137,False,False,False,150,150,False,False,False,False,226.7896124441177,212.25455902144313,41,34,41,34,1,1,38,35,35,86
globalvoices-v2018q4-d0080-a0014,globalvoices-v2018q4-doc-0c33cad69b2d1f18,news,unknown,False,False,False,38,96,False,False,False,102,102,False,False,False,False,138.40355944633484,187.92965146899223,24,22,24,22,1,1,24,23,17,54
globalvoices-v2018q4-d0080-a0015,globalvoices-v2018q4-doc-0c33cad69b2d1f18,news,unknown,False,False,False,66,152,False,False,False,74,74,False,False,False,False,250.5234221443534,138.71956384181976,35,18,35,18,1,1,32,18,34,36
globalvoices-v2018q4-d0080-a0016,globalvoices-v2018q4-doc-0c33cad69b2d1f18,news,unknown,False,False,False,49,109,False,False,False,138,138,False,False,False,False,218.39699836913496,215.46926436573267,36,35,36,35,1,1,32,35,26,67
globalvoices-v2018q4-d0080-a0017,globalvoices-v2018q4-doc-0c33cad69b2d1f18,news,unknown,False,False,False,18,46,False,False,False,40,40,False,False,False,False,79.60734748840332,91.66843783855438,11,13,11,13,1,1,10,12,11,24
globalvoices-v2018q4-d0080-a0018,globalvoices-v2018q4-doc-0c33cad69b2d1f18,news,unknown,False,False,False,75,169,False,False,False,90,90,False,False,False,False,281.63952251616865,158.3541103042662,54,25,54,25,1,1,47,24,38,49
globalvoices-v2018q4-d0080-a0019,globalvoices-v2018q4-doc-0c33cad69b2d1f18,news,unknown,False,False,False,33,57,False,False,False,67,67,False,False,False,False,121.9755987636745,161.8110916018486,17,19,17,19,1,1,15,19,22,32
globalvoices-v2018q4-d0080-a0020,globalvoices-v2018q4-doc-0c33cad69b2d1f18,news,unknown,False,False,False,29,73,False,False,False,59,59,False,False,False,False,134.7894014120102,107.4465622957796,17,21,17,21,1,1,18,20,15,35
globalvoices-v2018q4-d0080-a0021,globalvoices-v2018q4-doc-0c33cad69b2d1f18,news,unknown,False,False,False,70,154,False,False,False,120,120,False,False,False,False,308.66154567035846,267.422872829251,44,34,44,34,1,1,41,34,36,68
globalvoices-v2018q4-d0080-a0022,globalvoices-v2018q4-doc-0c33cad69b2d1f18,news,unknown,False,False,False,18,24,False,False,False,47,47,False,False,False,False,87.50229550898075,128.3072216808796,9,17,9,17,1,1,9,16,12,29
globalvoices-v2018q4-d0080-a0023,globalvoices-v2018q4-doc-0c33cad69b2d1f18,news,unknown,False,False,False,10,10,False,False,False,23,23,True,False,False,False,65.38918876647949,34.21271216869354,5,6,5,6,1,1,5,6,8,12
globalvoices-v2018q4-d0080-a0024,globalvoices-v2018q4-doc-0c33cad69b2d1f18,news,unknown,False,False,False,39,81,False,False,False,113,113,False,False,False,False,169.69586405158043,221.46900817751884,22,29,22,29,1,1,21,27,22,62
globalvoices-v2018q4-d0080-a0025,globalvoices-v2018q4-doc-0c33cad69b2d1f18,news,unknown,False,False,False,13,33,False,False,False,28,28,False,False,False,False,56.9943258613348,96.5069704055786,10,10,10,10,1,1,9,11,6,15
globalvoices-v2018q4-d0080-a0026,globalvoices-v2018q4-doc-0c33cad69b2d1f18,news,unknown,False,False,False,42,86,False,False,False,33,33,False,False,False,False,196.49195571197197,58.50006580352783,31,8,31,8,1,1,28,8,26,17
globalvoices-v2018q4-d0080-a0027,globalvoices-v2018q4-doc-0c33cad69b2d1f18,news,unknown,False,False,False,63,137,False,False,False,41,41,False,False,False,False,275.0705384016037,84.27575898170471,38,9,38,9,1,1,40,9,36,18
globalvoices-v2018q4-d0080-a0028,globalvoices-v2018q4-doc-0c33cad69b2d1f18,news,unknown,False,False,False,19,43,False,False,False,24,24,False,False,False,False,94.335780242458,67.98703861236572,13,6,13,6,1,1,11,6,8,13
globalvoices-v2018q4-d0080-a0029,globalvoices-v2018q4-doc-0c33cad69b2d1f18,news,unknown,False,False,False,77,173,False,False,False,135,135,False,False,False,False,254.96933805197477,222.68026070296764,44,33,44,33,1,1,41,35,39,69
globalvoices-v2018q4-d0080-a0030,globalvoices-v2018q4-doc-0c33cad69b2d1f18,news,unknown,False,False,False,38,70,False,False,False,94,94,False,False,False,False,183.19213265180588,202.084655970335,22,28,22,28,1,1,22,30,21,53
globalvoices-v2018q4-d0080-a0031,globalvoices-v2018q4-doc-0c33cad69b2d1f18,news,unknown,False,False,False,81,181,False,False,False,152,152,False,False,False,False,333.12085415422916,258.0352699160576,49,41,49,41,1,1,47,42,46,81
globalvoices-v2018q4-d0080-a0032,globalvoices-v2018q4-doc-0c33cad69b2d1f18,news,unknown,False,False,False,86,200,False,False,False,120,120,False,False,False,False,232.09291964769363,200.75120926648376,43,30,43,30,1,1,39,30,43,65
globalvoices-v2018q4-d0080-a0033,globalvoices-v2018q4-doc-0c33cad69b2d1f18,news,unknown,False,False,False,60,134,False,False,False,98,98,False,False,False,False,256.9256046116352,169.85166001331527,35,26,35,26,1,1,34,27,33,52
globalvoices-v2018q4-d0080-a0034,globalvoices-v2018q4-doc-0c33cad69b2d1f18,news,unknown,False,False,False,42,90,False,False,False,133,133,False,False,False,False,176.93423091620207,233.97695207595825,25,34,25,34,1,1,23,33,21,68
globalvoices-v2018q4-d0080-a0035,globalvoices-v2018q4-doc-0c33cad69b2d1f18,news,unknown,False,False,False,57,123,False,False,False,104,104,False,False,False,False,282.40397818386555,207.34239852428436,40,25,40,25,1,1,36,25,35,58
globalvoices-v2018q4-d0080-a0036,globalvoices-v2018q4-doc-0c33cad69b2d1f18,news,unknown,False,False,False,38,80,False,False,False,67,67,False,False,False,False,169.68415611982346,128.4397190511227,20,17,20,17,1,1,18,16,21,35
globalvoices-v2018q4-d0080-a0037,globalvoices-v2018q4-doc-0c33cad69b2d1f18,news,unknown,False,False,False,42,104,False,False,False,78,78,False,False,False,False,184.412288505584,111.50428920984268,30,16,30,16,1,1,28,17,22,38
globalvoices-v2018q4-d0080-a0038,globalvoices-v2018q4-doc-0c33cad69b2d1f18,news,unknown,False,False,False,38,74,False,False,False,46,46,False,False,False,False,189.8137559890747,139.27161130309105,24,17,24,17,1,1,23,17,24,29
globalvoices-v2018q4-d0080-a0039,globalvoices-v2018q4-doc-0c33cad69b2d1f18,news,unknown,False,False,False,50,118,False,False,False,73,73,False,False,False,False,155.18544793128967,212.9696442335844,28,23,28,23,1,1,28,20,24,40
globalvoices-v2018q4-d0080-a0040,globalvoices-v2018q4-doc-0c33cad69b2d1f18,news,unknown,False,False,False,55,109,False,False,False,95,95,False,False,False,False,220.43280401825905,181.85411083698273,34,26,34,26,1,1,31,26,33,48
globalvoices-v2018q4-d0080-a0041,globalvoices-v2018q4-doc-0c33cad69b2d1f18,news,unknown,False,False,False,31,73,False,False,False,51,51,False,False,False,False,123.48367546871305,149.94020581245422,25,14,25,14,1,1,20,14,16,28
globalvoices-v2018q4-d0080-a0042,globalvoices-v2018q4-doc-0c33cad69b2d1f18,news,unknown,False,False,False,34,68,False,False,False,60,60,False,False,False,False,156.5217107515782,117.39108550548552,20,16,20,16,1,1,18,16,18,32
globalvoices-v2018q4-d0080-a0043,globalvoices-v2018q4-doc-0c33cad69b2d1f18,news,unknown,False,False,False,37,77,False,False,False,59,59,False,False,False,False,168.11520636081696,147.83073449134827,22,17,22,17,1,1,20,17,20,33
globalvoices-v2018q4-d0080-a0044,globalvoices-v2018q4-doc-0c33cad69b2d1f18,news,unknown,False,False,False,30,72,False,False,False,41,41,False,False,False,False,109.2483102940023,68.50530609488487,20,9,20,9,1,1,17,9,14,23
globalvoices-v2018q4-d0080-a0045,globalvoices-v2018q4-doc-0c33cad69b2d1f18,news,unknown,False,False,False,44,84,False,False,False,58,58,False,False,False,False,179.6066041737795,143.13644930906594,29,24,29,24,1,1,24,22,25,32
globalvoices-v2018q4-d0080-a0046,globalvoices-v2018q4-doc-0c33cad69b2d1f18,news,unknown,False,False,False,62,132,False,False,False,86,86,False,False,False,False,251.69806765881367,142.2722624093294,40,19,40,19,1,1,38,18,34,44
globalvoices-v2018q4-d0080-a0047,globalvoices-v2018q4-doc-0c33cad69b2d1f18,news,unknown,False,False,False,63,133,False,False,False,106,106,False,False,False,False,244.67727455496788,223.07957852631807,43,30,43,30,1,1,37,29,33,58
globalvoices-v2018q4-d0080-a0048,globalvoices-v2018q4-doc-0c33cad69b2d1f18,news,unknown,False,False,False,52,114,False,False,False,118,118,False,False,False,False,197.082378375344,170.7056017969735,31,33,31,33,1,1,31,33,27,59
globalvoices-v2018q4-d0080-a0049,globalvoices-v2018q4-doc-0c33cad69b2d1f18,news,unknown,False,False,False,45,107,False,False,False,118,118,False,False,False,False,140.94412270188332,194.15144407749176,29,31,29,31,1,1,26,32,26,62
globalvoices-v2018q4-d0080-a0050,globalvoices-v2018q4-doc-0c33cad69b2d1f18,news,unknown,False,False,False,14,34,False,False,False,22,22,False,False,False,False,57.86491143703461,56.91216516494751,8,7,8,7,1,1,8,7,8,13
globalvoices-v2018q4-d0080-a0051,globalvoices-v2018q4-doc-0c33cad69b2d1f18,news,unknown,False,False,False,42,88,False,False,False,68,68,False,False,False,False,178.9645674303174,140.80717611312866,28,20,28,20,1,1,26,20,22,36
globalvoices-v2018q4-d0080-a0052,globalvoices-v2018q4-doc-0c33cad69b2d1f18,news,unknown,False,False,False,16,40,False,False,False,32,32,False,False,False,False,54.834564089775085,56.45697283744812,8,7,8,7,1,1,8,9,8,16
globalvoices-v2018q4-d0080-a0053,globalvoices-v2018q4-doc-0c33cad69b2d1f18,news,unknown,False,False,False,17,41,False,False,False,28,28,False,False,False,False,61.85259819030762,43.64276421070099,12,7,12,7,1,1,12,7,8,15
globalvoices-v2018q4-d0080-a0054,globalvoices-v2018q4-doc-0c33cad69b2d1f18,news,unknown,False,False,False,46,102,False,False,False,72,72,False,False,False,False,180.08123111724854,139.52693700790405,24,17,24,17,1,1,20,18,24,43
globalvoices-v2018q4-d0080-a0055,globalvoices-v2018q4-doc-0c33cad69b2d1f18,news,unknown,False,False,False,69,145,False,False,False,98,98,False,False,False,False,256.7096019089222,167.1531597673893,47,29,47,29,1,1,45,26,39,53
globalvoices-v2018q4-d0080-a0056,globalvoices-v2018q4-doc-0c33cad69b2d1f18,news,unknown,False,False,False,57,121,False,False,False,123,123,False,False,False,False,229.9131703171879,290.9406226761639,34,35,34,35,1,1,30,35,31,68
globalvoices-v2018q4-d0080-a0057,globalvoices-v2018q4-doc-0c33cad69b2d1f18,news,unknown,False,False,False,61,133,False,False,False,119,119,False,False,False,False,279.1072208281839,198.85290409997103,46,34,46,34,1,1,38,32,34,63
globalvoices-v2018q4-d0080-a0058,globalvoices-v2018q4-doc-0c33cad69b2d1f18,news,unknown,False,False,False,45,107,False,False,False,139,139,False,False,False,False,189.30688256025311,256.3066391274333,26,36,26,36,1,1,25,38,23,71
globalvoices-v2018q4-d0080-a0059,globalvoices-v2018q4-doc-0c33cad69b2d1f18,news,unknown,False,False,False,83,181,False,False,False,148,148,False,False,False,False,311.17209700203966,320.6014060626039,54,46,54,46,1,1,46,45,39,86
globalvoices-v2018q4-d0080-a0060,globalvoices-v2018q4-doc-0c33cad69b2d1f18,news,unknown,False,False,False,23,23,False,False,False,42,42,True,False,False,False,83.73071081005037,99.61486721038818,10,12,10,12,1,1,10,10,16,27
globalvoices-v2018q4-d0080-a0061,globalvoices-v2018q4-doc-0c33cad69b2d1f18,news,unknown,False,False,False,90,200,False,False,False,139,139,False,False,False,False,399.4257797775499,295.2134340633638,69,46,69,46,1,1,58,41,51,77
globalvoices-v2018q4-d0080-a0062,globalvoices-v2018q4-doc-0c33cad69b2d1f18,news,unknown,False,False,False,12,22,False,False,False,31,31,False,False,False,False,63.62561993300915,82.93423461914062,11,12,11,12,1,1,10,11,7,19
globalvoices-v2018q4-d0080-a0063,globalvoices-v2018q4-doc-0c33cad69b2d1f18,news,unknown,False,False,False,67,141,False,False,False,119,119,False,False,False,False,238.21992471069095,206.429020376876,39,31,39,31,1,1,37,27,39,64
globalvoices-v2018q4-d0080-a0064,globalvoices-v2018q4-doc-0c33cad69b2d1f18,news,unknown,False,False,False,49,97,False,False,False,81,81,False,False,False,False,194.13039423152804,167.2285442352295,31,19,31,19,1,1,31,20,31,46
globalvoices-v2018q4-d0080-a0065,globalvoices-v2018q4-doc-0c33cad69b2d1f18,news,unknown,False,False,False,73,155,False,False,False,111,111,False,False,False,False,303.3349478542805,226.22246016329152,47,33,47,33,1,1,41,32,39,60
globalvoices-v2018q4-d0080-a0066,globalvoices-v2018q4-doc-0c33cad69b2d1f18,news,unknown,False,False,False,28,50,False,False,False,69,69,False,False,False,False,109.7334468960762,133.5732669495046,14,20,14,20,1,1,13,19,18,35
globalvoices-v2018q4-d0080-a0067,globalvoices-v2018q4-doc-0c33cad69b2d1f18,news,unknown,False,False,False,56,122,False,False,False,64,64,False,False,False,False,218.66834902763367,120.84467899799348,29,18,29,18,1,1,31,17,33,37
globalvoices-v2018q4-d0080-a0068,globalvoices-v2018q4-doc-0c33cad69b2d1f18,news,unknown,False,False,False,38,94,False,False,False,91,91,False,False,False,False,93.6114414036274,213.34658500365913,18,30,18,30,1,1,17,28,17,55
globalvoices-v2018q4-d0080-a0069,globalvoices-v2018q4-doc-0c33cad69b2d1f18,news,unknown,False,False,False,15,37,False,False,False,13,13,False,False,False,False,101.24582952260972,28.13479471206665,11,4,11,4,1,1,9,4,7,10
globalvoices-v2018q4-d0080-a0070,globalvoices-v2018q4-doc-0c33cad69b2d1f18,news,unknown,False,False,False,1,1,False,False,False,15,15,True,False,False,False,17.22235679626465,75.60266017913818,1,5,1,5,1,1,1,5,1,9
globalvoices-v2018q4-d0080-a0071,globalvoices-v2018q4-doc-0c33cad69b2d1f18,news,unknown,False,False,False,34,74,False,False,False,54,54,False,False,False,False,135.23834916297346,114.76357996463776,22,14,22,14,1,1,21,13,17,29
globalvoices-v2018q4-d0080-a0072,globalvoices-v2018q4-doc-0c33cad69b2d1f18,news,unknown,False,False,False,39,89,False,False,False,94,94,False,False,False,False,144.2252709909808,155.0989914536476,29,21,29,21,1,1,26,21,21,47
globalvoices-v2018q4-d0080-a0073,globalvoices-v2018q4-doc-0c33cad69b2d1f18,news,unknown,False,False,False,43,103,False,False,False,80,80,False,False,False,False,151.93244564533234,146.74450689554214,27,19,27,19,1,1,25,18,24,45
globalvoices-v2018q4-d0080-a0074,globalvoices-v2018q4-doc-0c33cad69b2d1f18,news,unknown,False,False,False,26,52,False,False,False,40,40,False,False,False,False,114.49689054489136,60.832082867622375,14,11,14,11,1,1,13,10,14,21
globalvoices-v2018q4-d0080-a0075,globalvoices-v2018q4-doc-0c33cad69b2d1f18,news,unknown,False,False,False,25,63,False,False,False,25,25,False,False,False,False,106.10374884307384,69.26659631729126,21,6,21,6,1,1,17,6,12,11
globalvoices-v2018q4-d0080-a0076,globalvoices-v2018q4-doc-0c33cad69b2d1f18,news,unknown,False,False,False,26,66,False,False,False,70,70,False,False,False,False,99.97604125738144,146.88062285631895,14,18,14,18,1,1,13,19,14,43
globalvoices-v2018q4-d0080-a0077,globalvoices-v2018q4-doc-0c33cad69b2d1f18,news,unknown,False,False,False,106,216,False,False,False,129,129,False,False,False,False,364.84912670217454,236.00132715702057,66,35,66,35,1,1,62,35,62,73
globalvoices-v2018q4-d0080-a0078,globalvoices-v2018q4-doc-0c33cad69b2d1f18,news,unknown,False,False,False,78,174,False,False,False,114,114,False,False,False,False,258.74717785883695,219.11815727502108,55,29,55,29,1,1,48,30,42,60
globalvoices-v2018q4-d0080-a0079,globalvoices-v2018q4-doc-0c33cad69b2d1f18,news,unknown,False,False,False,73,179,False,False,False,149,149,False,False,False,False,309.8074379116297,240.4653566335328,55,36,55,36,1,1,53,35,44,85
globalvoices-v2018q4-d0080-a0080,globalvoices-v2018q4-doc-0c33cad69b2d1f18,news,unknown,False,False,False,37,69,False,False,False,47,47,False,False,False,False,146.28529072925448,114.20723614096642,29,17,29,17,1,1,27,17,21,30
globalvoices-v2018q4-d0080-a0081,globalvoices-v2018q4-doc-0c33cad69b2d1f18,news,unknown,False,False,False,34,84,False,False,False,79,79,False,False,False,False,151.0963387787342,157.95057102292776,25,23,25,23,1,1,22,22,18,42
globalvoices-v2018q4-d0080-a0082,globalvoices-v2018q4-doc-0c33cad69b2d1f18,news,unknown,False,False,False,11,21,False,False,False,57,57,False,False,False,False,74.00772128999233,151.73772543668747,10,18,10,18,1,1,9,18,7,33
globalvoices-v2018q4-d0080-a0083,globalvoices-v2018q4-doc-0c33cad69b2d1f18,news,unknown,False,False,False,50,104,False,False,False,85,85,False,False,False,False,181.9081928394735,140.53654766082764,31,24,31,24,1,1,31,23,28,48
globalvoices-v2018q4-d0080-a0084,globalvoices-v2018q4-doc-0c33cad69b2d1f18,news,unknown,False,False,False,17,41,False,False,False,18,18,False,False,False,False,88.1608459353447,53.22427558898926,14,5,14,5,1,1,11,5,12,11
globalvoices-v2018q4-d0080-a0085,globalvoices-v2018q4-doc-0c33cad69b2d1f18,news,unknown,False,False,False,95,211,False,False,False,216,216,False,False,False,False,345.6392015963793,305.4461167771369,60,55,60,55,1,1,57,53,47,106
globalvoices-v2018q4-d0081-a0001,globalvoices-v2018q4-doc-0197370d94fb4062,news,unknown,False,False,False,29,71,False,False,False,53,54,False,False,False,False,120.45013851905242,86.1703388660244,26,15,26,15,1,1,22,15,16,31
globalvoices-v2018q4-d0081-a0002,globalvoices-v2018q4-doc-0197370d94fb4062,news,unknown,False,False,False,5,11,False,False,False,24,25,False,False,False,False,35.98532438278198,63.18659520149231,5,6,5,6,1,1,4,6,3,12
globalvoices-v2018q4-d0081-a0003,globalvoices-v2018q4-doc-0197370d94fb4062,news,unknown,False,False,False,65,163,False,False,False,207,208,False,False,False,False,244.6276689423248,182.08946814018415,51,57,51,57,1,1,46,52,37,112
globalvoices-v2018q4-d0081-a0004,globalvoices-v2018q4-doc-0197370d94fb4062,news,unknown,False,False,False,61,131,False,False,False,106,106,False,False,False,False,127.01524188974872,105.66376151214354,41,28,41,28,1,1,34,24,28,50
globalvoices-v2018q4-d0081-a0005,globalvoices-v2018q4-doc-0197370d94fb4062,news,unknown,False,False,False,52,120,False,False,False,95,95,False,False,False,False,134.1337811332196,93.33816498710075,38,23,38,23,1,1,30,20,28,44
globalvoices-v2018q4-d0081-a0006,globalvoices-v2018q4-doc-0197370d94fb4062,news,unknown,False,False,False,6,16,False,False,False,15,15,False,False,False,False,42.3526081815362,32.51211166381836,5,3,5,3,1,1,4,3,3,9
globalvoices-v2018q4-d0081-a0007,globalvoices-v2018q4-doc-0197370d94fb4062,news,unknown,False,False,False,39,97,False,False,False,78,78,False,False,False,False,146.9899286357686,108.04408013820648,27,13,27,13,1,1,22,14,15,38
globalvoices-v2018q4-d0081-a0008,globalvoices-v2018q4-doc-0197370d94fb4062,news,unknown,False,False,False,29,71,False,False,False,70,70,False,False,False,False,123.57938154041769,115.12957495450974,19,14,19,14,1,1,16,14,16,36
globalvoices-v2018q4-d0081-a0009,globalvoices-v2018q4-doc-0197370d94fb4062,news,unknown,False,False,False,31,75,False,False,False,57,57,False,False,False,False,131.37655591219664,79.45621979236603,24,11,24,11,1,1,19,11,14,28
globalvoices-v2018q4-d0081-a0010,globalvoices-v2018q4-doc-0197370d94fb4062,news,unknown,False,False,False,59,147,False,False,False,119,119,False,False,False,False,185.2688821614138,162.84889261657372,44,27,44,27,1,1,36,27,31,56
globalvoices-v2018q4-d0081-a0011,globalvoices-v2018q4-doc-0197370d94fb4062,news,unknown,False,False,False,79,183,False,False,False,130,130,False,False,False,False,254.36977673089132,170.04011786729097,57,32,57,32,1,1,47,30,37,61
globalvoices-v2018q4-d0081-a0012,globalvoices-v2018q4-doc-0197370d94fb4062,news,unknown,False,False,False,37,77,False,False,False,48,48,False,False,False,False,162.41174263507128,121.55065423250198,25,15,25,15,1,1,21,12,19,26
globalvoices-v2018q4-d0081-a0013,globalvoices-v2018q4-doc-0197370d94fb4062,news,unknown,False,False,False,26,66,False,False,False,100,100,False,False,False,False,109.94009006023408,155.7746375799179,15,21,15,21,1,1,15,21,14,47
globalvoices-v2018q4-d0081-a0014,globalvoices-v2018q4-doc-0197370d94fb4062,news,unknown,False,False,False,53,105,False,False,False,74,74,False,False,False,False,234.4244850669056,190.5394267998636,39,23,39,23,1,1,35,23,33,41
globalvoices-v2018q4-d0086-a0001,globalvoices-v2018q4-doc-3132347b719ac4ca,news,unknown,False,False,False,27,65,False,False,False,73,74,False,False,False,False,129.7436008155346,137.65942618250847,22,15,22,15,1,1,20,15,11,38
globalvoices-v2018q4-d0086-a0002,globalvoices-v2018q4-doc-3132347b719ac4ca,news,unknown,False,False,False,52,130,False,False,False,156,156,False,False,False,False,171.2282239110209,149.45087523385882,38,29,38,29,1,1,32,29,26,80
globalvoices-v2018q4-d0086-a0003,globalvoices-v2018q4-doc-3132347b719ac4ca,news,unknown,False,False,False,98,242,False,False,False,98,98,False,False,False,False,330.2650756458752,85.84770506620407,64,19,64,19,1,1,58,19,47,44
globalvoices-v2018q4-d0086-a0004,globalvoices-v2018q4-doc-3132347b719ac4ca,news,unknown,False,False,False,100,252,False,False,False,267,267,False,False,False,False,295.50744909624336,302.6909305918962,71,49,71,49,1,1,68,48,48,132
globalvoices-v2018q4-d0086-a0005,globalvoices-v2018q4-doc-3132347b719ac4ca,news,unknown,False,False,False,93,233,False,False,False,238,238,False,False,False,False,302.0281160622835,250.51381403161213,67,49,67,49,1,1,61,49,44,115
globalvoices-v2018q4-d0086-a0006,globalvoices-v2018q4-doc-3132347b719ac4ca,news,unknown,False,False,False,118,284,False,False,False,242,242,False,False,False,False,411.16318984981626,298.92088261339813,84,47,84,47,1,1,72,46,59,121
globalvoices-v2018q4-d0086-a0007,globalvoices-v2018q4-doc-3132347b719ac4ca,news,unknown,False,False,False,88,220,False,False,False,125,125,False,False,False,False,321.4840261861682,173.88798715919256,64,25,64,25,1,1,56,25,39,64
globalvoices-v2018q4-d0086-a0008,globalvoices-v2018q4-doc-3132347b719ac4ca,news,unknown,False,False,False,21,51,False,False,False,30,30,False,False,False,False,125.23849695920944,56.58224058151245,18,7,18,7,1,1,18,7,15,19
globalvoices-v2018q4-d0094-a0001,globalvoices-v2018q4-doc-6f08d1a9d321d51b,news,unknown,False,False,False,18,44,False,False,False,43,44,False,False,False,False,93.83388578891754,87.95356109924614,14,11,14,11,1,1,14,10,10,21
globalvoices-v2018q4-d0094-a0002,globalvoices-v2018q4-doc-6f08d1a9d321d51b,news,unknown,False,False,False,95,237,False,False,False,186,186,False,False,False,False,260.2681798718404,192.19061322696507,61,39,61,39,1,1,53,37,49,97
globalvoices-v2018q4-d0094-a0003,globalvoices-v2018q4-doc-6f08d1a9d321d51b,news,unknown,False,False,False,49,115,False,False,False,118,118,False,False,False,False,178.92475937958807,129.12792555987835,38,33,38,33,1,1,35,29,27,58
globalvoices-v2018q4-d0094-a0004,globalvoices-v2018q4-doc-6f08d1a9d321d51b,news,unknown,False,False,False,30,74,False,False,False,73,73,False,False,False,False,102.87882525799796,102.1542751789093,20,14,20,14,1,1,17,14,16,35
globalvoices-v2018q4-d0094-a0005,globalvoices-v2018q4-doc-6f08d1a9d321d51b,news,unknown,False,False,False,13,35,False,False,False,34,34,False,False,False,False,77.62382112443447,58.63377773761749,10,6,10,6,1,1,8,6,8,19
globalvoices-v2018q4-d0094-a0006,globalvoices-v2018q4-doc-6f08d1a9d321d51b,news,unknown,False,False,False,82,176,False,False,False,95,95,False,False,False,False,285.4588358774781,122.83809304237366,49,21,49,21,1,1,47,20,47,47
globalvoices-v2018q4-d0094-a0007,globalvoices-v2018q4-doc-6f08d1a9d321d51b,news,unknown,False,False,False,25,46,False,False,False,25,46,True,False,False,False,74.1002656398341,74.1002656398341,10,10,10,10,1,1,8,8,46,46
globalvoices-v2018q4-d0094-a0008,globalvoices-v2018q4-doc-6f08d1a9d321d51b,news,unknown,False,False,False,45,109,False,False,False,113,113,False,False,False,False,155.45277514494956,86.11523175379261,36,23,36,23,1,1,31,23,23,57
globalvoices-v2018q4-d0094-a0009,globalvoices-v2018q4-doc-6f08d1a9d321d51b,news,unknown,False,False,False,44,110,False,False,False,346,346,False,False,False,False,162.98978628776968,388.18082615570165,31,69,31,69,1,1,27,68,22,177
globalvoices-v2018q4-d0094-a0010,globalvoices-v2018q4-doc-6f08d1a9d321d51b,news,unknown,False,False,False,175,381,False,False,False,178,178,False,False,False,False,529.8606238448992,237.53898152406327,114,43,114,43,1,1,103,42,95,93
globalvoices-v2018q4-d0094-a0011,globalvoices-v2018q4-doc-6f08d1a9d321d51b,news,unknown,False,False,False,78,198,False,False,False,187,187,False,False,False,False,293.0363993793726,220.58657374978063,60,38,60,38,1,1,50,36,40,87
globalvoices-v2018q4-d0094-a0012,globalvoices-v2018q4-doc-6f08d1a9d321d51b,news,unknown,False,False,False,42,106,False,False,False,67,67,False,False,False,False,167.05843486636877,97.22958786785604,33,17,33,17,1,1,30,17,25,33
globalvoices-v2018q4-d0094-a0013,globalvoices-v2018q4-doc-6f08d1a9d321d51b,news,unknown,False,False,False,7,19,False,False,False,23,23,False,False,False,False,35.49190580844879,41.81214714050293,5,5,5,5,1,1,5,5,4,11
globalvoices-v2018q4-d0094-a0014,globalvoices-v2018q4-doc-6f08d1a9d321d51b,news,unknown,False,False,False,72,72,False,False,False,107,107,True,False,False,False,130.13903149217367,146.649215426296,16,22,16,22,1,1,15,22,35,52
globalvoices-v2018q4-d0094-a0015,globalvoices-v2018q4-doc-6f08d1a9d321d51b,news,unknown,False,False,False,36,90,False,False,False,72,72,False,False,False,False,169.18999068439007,130.13903149217367,25,16,25,16,1,1,23,15,19,35
globalvoices-v2018q4-d0094-a0016,globalvoices-v2018q4-doc-6f08d1a9d321d51b,news,unknown,False,False,False,104,225,False,False,False,298,298,False,False,False,False,320.2875351458788,380.98471825011075,67,72,67,72,1,1,59,68,68,162
globalvoices-v2018q4-d0094-a0017,globalvoices-v2018q4-doc-6f08d1a9d321d51b,news,unknown,False,False,False,60,136,False,False,False,142,142,False,False,False,False,253.94746969640255,189.8901194920763,42,35,42,35,1,1,37,33,38,71
globalvoices-v2018q4-d0094-a0018,globalvoices-v2018q4-doc-6f08d1a9d321d51b,news,unknown,False,False,False,78,174,False,False,False,172,172,False,False,False,False,334.6256687566638,271.6781966537237,58,38,58,38,1,1,50,37,42,85
globalvoices-v2018q4-d0094-a0019,globalvoices-v2018q4-doc-6f08d1a9d321d51b,news,unknown,False,False,False,116,266,False,False,False,202,202,False,False,False,False,371.2026985273697,331.30655371025205,68,54,68,54,1,1,62,51,60,108
globalvoices-v2018q4-d0094-a0020,globalvoices-v2018q4-doc-6f08d1a9d321d51b,news,unknown,False,False,False,143,287,False,False,False,229,229,False,False,False,False,428.45926324790344,272.06904569547623,88,67,88,67,1,1,82,62,87,124
globalvoices-v2018q4-d0094-a0021,globalvoices-v2018q4-doc-6f08d1a9d321d51b,news,unknown,False,False,False,81,81,False,False,False,81,81,True,False,False,False,145.71638406813145,145.71638406813145,18,18,18,18,1,1,17,17,38,38
globalvoices-v2018q4-d0094-a0022,globalvoices-v2018q4-doc-6f08d1a9d321d51b,news,unknown,False,False,False,153,337,False,False,False,250,250,False,False,False,False,514.1144608862232,346.6812780275941,89,62,89,62,1,1,86,58,79,129
globalvoices-v2018q4-d0094-a0023,globalvoices-v2018q4-doc-6f08d1a9d321d51b,news,unknown,False,False,False,50,122,False,False,False,88,88,False,False,False,False,179.99936056137085,119.9544076398015,34,17,34,17,1,1,30,17,27,43
globalvoices-v2018q4-d0094-a0024,globalvoices-v2018q4-doc-6f08d1a9d321d51b,news,unknown,False,False,False,22,54,False,False,False,13,13,False,False,False,False,65.07875174097717,27.97481679916382,14,4,14,4,1,1,14,3,11,8
globalvoices-v2018q4-d0094-a0025,globalvoices-v2018q4-doc-6f08d1a9d321d51b,news,unknown,False,False,False,18,46,False,False,False,23,23,False,False,False,False,76.33016988635063,32.15371012687683,13,6,13,6,1,1,12,6,10,12
globalvoices-v2018q4-d0098-a0001,globalvoices-v2018q4-doc-844937f7b78b4ef3,news,unknown,False,False,False,29,73,False,False,False,69,70,False,False,False,False,105.0989193530695,103.15344607830048,22,15,22,15,1,1,18,13,13,31
globalvoices-v2018q4-d0098-a0002,globalvoices-v2018q4-doc-844937f7b78b4ef3,news,unknown,False,False,False,37,89,False,False,False,91,91,False,False,False,False,161.9385342318565,112.3183953985572,26,21,26,21,1,1,23,19,15,40
globalvoices-v2018q4-d0098-a0003,globalvoices-v2018q4-doc-844937f7b78b4ef3,news,unknown,False,False,False,101,235,False,False,False,284,284,False,False,False,False,255.8982974078972,209.25565337762237,54,52,54,52,1,1,51,49,48,127
globalvoices-v2018q4-d0098-a0004,globalvoices-v2018q4-doc-844937f7b78b4ef3,news,unknown,False,False,False,15,37,False,False,False,35,35,False,False,False,False,110.0672209262848,99.6611306667328,13,10,13,10,1,1,13,9,11,18
globalvoices-v2018q4-d0098-a0005,globalvoices-v2018q4-doc-844937f7b78b4ef3,news,unknown,False,False,False,121,269,False,False,False,166,166,False,False,False,False,313.9488310755696,131.73526181280613,76,33,76,33,1,1,71,32,63,76
globalvoices-v2018q4-d0098-a0006,globalvoices-v2018q4-doc-844937f7b78b4ef3,news,unknown,False,False,False,59,141,False,False,False,133,133,False,False,False,False,223.78929991519544,141.19816628098488,46,29,46,29,1,1,42,27,36,64
globalvoices-v2018q4-d0098-a0007,globalvoices-v2018q4-doc-844937f7b78b4ef3,news,unknown,False,False,False,73,183,False,False,False,136,136,False,False,False,False,233.51594389916863,155.3065238520503,50,25,50,25,1,1,48,25,39,60
globalvoices-v2018q4-d0098-a0008,globalvoices-v2018q4-doc-844937f7b78b4ef3,news,unknown,False,False,False,37,89,False,False,False,91,91,False,False,False,False,161.9385342318565,112.3183953985572,26,21,26,21,1,1,23,19,15,40
globalvoices-v2018q4-d0100-a0001,globalvoices-v2018q4-doc-ff3f1bef7737a1f9,news,unknown,False,False,False,15,37,False,False,False,43,44,False,False,False,False,73.31211560964584,89.22857809066772,11,9,11,9,1,1,10,9,7,21
globalvoices-v2018q4-d0100-a0002,globalvoices-v2018q4-doc-ff3f1bef7737a1f9,news,unknown,False,False,False,49,49,False,False,False,49,49,True,False,False,False,63.307608334347606,63.307608334347606,10,10,10,10,1,1,11,11,25,25
globalvoices-v2018q4-d0100-a0003,globalvoices-v2018q4-doc-ff3f1bef7737a1f9,news,unknown,False,False,False,32,32,False,False,False,32,32,True,False,False,False,61.17564928531647,61.17564928531647,10,10,10,10,1,1,10,10,21,21
globalvoices-v2018q4-d0100-a0004,globalvoices-v2018q4-doc-ff3f1bef7737a1f9,news,unknown,False,False,False,114,260,False,False,False,210,210,False,False,False,False,249.05557720479555,167.29853325989097,80,36,80,36,1,1,68,38,59,103
globalvoices-v2018q4-d0100-a0005,globalvoices-v2018q4-doc-ff3f1bef7737a1f9,news,unknown,False,False,False,55,139,False,False,False,126,126,False,False,False,False,157.67498402413912,97.67517705913632,40,24,40,24,1,1,38,25,29,60
globalvoices-v2018q4-d0100-a0006,globalvoices-v2018q4-doc-ff3f1bef7737a1f9,news,unknown,False,False,False,40,80,False,False,False,48,48,False,False,False,False,158.30355732142925,96.02119982242584,26,12,26,12,1,1,23,12,24,29
globalvoices-v2018q4-d0100-a0007,globalvoices-v2018q4-doc-ff3f1bef7737a1f9,news,unknown,False,False,False,13,31,False,False,False,19,19,False,False,False,False,60.84391349554062,36.01549792289734,10,5,10,5,1,1,9,5,9,9
globalvoices-v2018q4-d0100-a0008,globalvoices-v2018q4-doc-ff3f1bef7737a1f9,news,unknown,False,False,False,29,71,False,False,False,55,55,False,False,False,False,113.21263974905014,121.21888327598572,21,15,21,15,1,1,17,13,14,31
globalvoices-v2018q4-d0100-a0009,globalvoices-v2018q4-doc-ff3f1bef7737a1f9,news,unknown,False,False,False,14,36,False,False,False,57,57,False,False,False,False,60.12047457695007,82.9307508468628,10,11,10,11,1,1,10,11,9,27
globalvoices-v2018q4-d0100-a0010,globalvoices-v2018q4-doc-ff3f1bef7737a1f9,news,unknown,False,False,False,21,53,False,False,False,28,28,False,False,False,False,78.65917178615928,46.90246054530144,12,7,12,7,1,1,12,7,11,16
globalvoices-v2018q4-d0100-a0011,globalvoices-v2018q4-doc-ff3f1bef7737a1f9,news,unknown,False,False,False,38,90,False,False,False,90,90,False,False,False,False,139.34418713580817,159.62206966802478,28,26,28,26,1,1,22,23,19,50
globalvoices-v2018q4-d0100-a0012,globalvoices-v2018q4-doc-ff3f1bef7737a1f9,news,unknown,False,False,False,21,53,False,False,False,57,57,False,False,False,False,88.76229433529079,64.90643244795501,16,13,16,13,1,1,14,13,11,27
globalvoices-v2018q4-d0100-a0013,globalvoices-v2018q4-doc-ff3f1bef7737a1f9,news,unknown,False,False,False,32,32,False,False,False,32,32,True,False,False,False,61.17564928531647,61.17564928531647,10,10,10,10,1,1,10,10,21,21
globalvoices-v2018q4-d0100-a0014,globalvoices-v2018q4-doc-ff3f1bef7737a1f9,news,unknown,False,False,False,21,55,False,False,False,26,26,False,False,False,False,104.39286243915558,75.33825385570526,14,8,14,8,1,1,14,8,11,17
globalvoices-v2018q4-d0100-a0015,globalvoices-v2018q4-doc-ff3f1bef7737a1f9,news,unknown,False,False,False,36,90,False,False,False,49,49,False,False,False,False,105.4197766650468,82.68034660816193,23,11,23,11,1,1,19,10,15,26
globalvoices-v2018q4-d0100-a0016,globalvoices-v2018q4-doc-ff3f1bef7737a1f9,news,unknown,False,False,False,61,133,False,False,False,84,84,False,False,False,False,232.66346910595897,180.63475204259157,33,24,33,24,1,1,29,23,35,50
globalvoices-v2018q4-d0100-a0017,globalvoices-v2018q4-doc-ff3f1bef7737a1f9,news,unknown,False,False,False,30,76,False,False,False,74,74,False,False,False,False,138.589955534786,107.84966379590333,22,15,22,15,1,1,20,15,16,34
globalvoices-v2018q4-d0100-a0018,globalvoices-v2018q4-doc-ff3f1bef7737a1f9,news,unknown,False,False,False,12,30,False,False,False,22,22,False,False,False,False,77.90673065185547,49.5237250328064,9,7,9,7,1,1,9,6,6,12
globalvoices-v2018q4-d0100-a0019,globalvoices-v2018q4-doc-ff3f1bef7737a1f9,news,unknown,False,False,False,78,146,False,False,False,100,100,False,False,False,False,270.21133198961616,180.581803008914,48,27,48,27,1,1,41,26,46,58
globalvoices-v2018q4-d0100-a0020,globalvoices-v2018q4-doc-ff3f1bef7737a1f9,news,unknown,False,False,False,67,151,False,False,False,111,111,False,False,False,False,277.5174323596293,189.47070956230164,49,26,49,26,1,1,41,24,35,56
globalvoices-v2018q4-d0100-a0021,globalvoices-v2018q4-doc-ff3f1bef7737a1f9,news,unknown,False,False,False,38,94,False,False,False,77,77,False,False,False,False,167.6119601726532,149.59275263547897,26,18,26,18,1,1,25,18,20,41
globalvoices-v2018q4-d0100-a0022,globalvoices-v2018q4-doc-ff3f1bef7737a1f9,news,unknown,False,False,False,17,41,False,False,False,26,26,False,False,False,False,64.39584340900183,74.80923736095428,14,7,14,7,1,1,11,7,10,18
globalvoices-v2018q4-d0100-a0023,globalvoices-v2018q4-doc-ff3f1bef7737a1f9,news,unknown,False,False,False,16,40,False,False,False,35,35,False,False,False,False,101.50500386953354,82.77762639522552,10,10,10,10,1,1,9,10,8,20
globalvoices-v2018q4-d0100-a0024,globalvoices-v2018q4-doc-ff3f1bef7737a1f9,news,unknown,False,False,False,23,59,False,False,False,33,33,False,False,False,False,91.98011127486824,70.53026843070984,16,7,16,7,1,1,16,7,10,19
globalvoices-v2018q4-d0100-a0025,globalvoices-v2018q4-doc-ff3f1bef7737a1f9,news,unknown,False,False,False,24,62,False,False,False,41,41,False,False,False,False,105.12310218438506,104.33600330352785,17,8,17,8,1,1,16,8,12,21
globalvoices-v2018q4-d0108-a0001,globalvoices-v2018q4-doc-21499abf81da6519,news,unknown,False,False,False,28,68,False,False,False,71,72,False,False,False,False,157.42524142190814,124.18266029050574,22,17,22,17,1,1,21,16,14,36
globalvoices-v2018q4-d0108-a0002,globalvoices-v2018q4-doc-21499abf81da6519,news,unknown,False,False,False,74,152,False,False,False,186,188,False,False,False,False,219.42597320885395,167.8470151843503,45,40,45,40,1,1,44,38,41,90
globalvoices-v2018q4-d0108-a0003,globalvoices-v2018q4-doc-21499abf81da6519,news,unknown,False,False,False,42,108,False,False,False,93,93,False,False,False,False,181.0142572913319,106.62763434648514,30,15,30,15,1,1,32,15,25,43
globalvoices-v2018q4-d0108-a0004,globalvoices-v2018q4-doc-21499abf81da6519,news,unknown,False,False,False,92,222,False,False,False,181,181,False,False,False,False,280.66926506278105,158.13756585656665,57,35,57,35,1,1,51,34,43,86
globalvoices-v2018q4-d0108-a0005,globalvoices-v2018q4-doc-21499abf81da6519,news,unknown,False,False,False,61,139,False,False,False,105,105,False,False,False,False,201.3448619575356,118.89035032811807,51,29,51,29,1,1,47,25,32,44
globalvoices-v2018q4-d0108-a0006,globalvoices-v2018q4-doc-21499abf81da6519,news,unknown,False,False,False,61,62,False,False,False,61,62,True,False,False,False,86.9285926790908,86.9285926790908,13,13,13,13,1,1,13,13,33,33
globalvoices-v2018q4-d0108-a0007,globalvoices-v2018q4-doc-21499abf81da6519,news,unknown,False,False,False,32,32,False,False,False,48,48,True,False,False,False,69.81932926177979,87.23270389065146,8,16,8,16,1,1,8,16,19,29
globalvoices-v2018q4-d0108-a0008,globalvoices-v2018q4-doc-21499abf81da6519,news,unknown,False,False,False,75,197,False,False,False,107,107,False,False,False,False,221.9603537034709,135.23147670924664,53,25,53,25,1,1,48,23,34,53
globalvoices-v2018q4-d0108-a0009,globalvoices-v2018q4-doc-21499abf81da6519,news,unknown,False,False,False,58,146,False,False,False,120,120,False,False,False,False,187.20416490414937,120.17706753197126,37,25,37,25,1,1,34,24,28,56
globalvoices-v2018q4-d0108-a0010,globalvoices-v2018q4-doc-21499abf81da6519,news,unknown,False,False,False,71,181,False,False,False,154,154,False,False,False,False,246.1523173935711,155.5495071534533,48,28,48,28,1,1,46,27,38,71
globalvoices-v2018q4-d0108-a0011,globalvoices-v2018q4-doc-21499abf81da6519,news,unknown,False,False,False,39,99,False,False,False,99,99,False,False,False,False,138.98490417792345,83.64740886748768,27,17,27,17,1,1,28,16,19,40
globalvoices-v2018q4-d0108-a0012,globalvoices-v2018q4-doc-21499abf81da6519,news,unknown,False,False,False,73,183,False,False,False,158,158,False,False,False,False,214.47125749127008,161.93190079927444,48,26,48,26,1,1,44,26,36,75
globalvoices-v2018q4-d0108-a0013,globalvoices-v2018q4-doc-21499abf81da6519,news,unknown,False,False,False,11,27,False,False,False,29,29,False,False,False,False,93.992662191391,57.710312843322754,10,6,10,6,1,1,10,7,7,15
globalvoices-v2018q4-d0108-a0014,globalvoices-v2018q4-doc-21499abf81da6519,news,unknown,False,False,False,32,76,False,False,False,91,95,False,False,False,False,135.74791696527973,159.5815989971161,26,17,26,17,1,1,23,17,18,41
globalvoices-v2018q4-d0108-a0015,globalvoices-v2018q4-doc-21499abf81da6519,news,unknown,False,False,False,62,152,False,False,False,199,199,False,False,False,False,218.4880996856955,210.45459736138585,46,37,46,37,1,1,40,38,30,96
globalvoices-v2018q4-d0108-a0016,globalvoices-v2018q4-doc-21499abf81da6519,news,unknown,False,False,False,78,174,False,False,False,119,119,False,False,False,False,218.0275033903308,131.09775412082672,52,22,52,22,1,1,43,22,38,61
globalvoices-v2018q4-d0108-a0017,globalvoices-v2018q4-doc-21499abf81da6519,news,unknown,False,False,False,97,182,False,False,False,202,207,False,False,False,False,338.8294581025839,274.9532113187015,66,52,66,52,1,1,53,48,55,101
globalvoices-v2018q4-d0108-a0018,globalvoices-v2018q4-doc-21499abf81da6519,news,unknown,False,False,True,154,292,False,False,False,225,231,False,False,False,False,408.07960467389785,285.96467122179456,104,62,104,62,1,1,85,55,111,119
globalvoices-v2018q4-d0108-a0019,globalvoices-v2018q4-doc-21499abf81da6519,news,unknown,False,False,False,31,81,False,False,False,67,67,False,False,False,False,85.53845319384709,78.11421775817871,27,13,27,13,1,1,24,13,15,31
globalvoices-v2018q4-d0112-a0001,globalvoices-v2018q4-doc-c9e1e0c03061ec8d,news,unknown,False,False,False,22,54,False,False,False,62,63,False,False,False,False,93.03823784645648,83.73488072864711,16,13,16,13,1,1,15,11,10,32
globalvoices-v2018q4-d0112-a0002,globalvoices-v2018q4-doc-c9e1e0c03061ec8d,news,unknown,False,False,False,77,139,False,False,False,160,160,False,False,False,False,151.4814967761049,135.00833914941177,42,32,42,32,1,1,37,29,37,70
globalvoices-v2018q4-d0112-a0003,globalvoices-v2018q4-doc-c9e1e0c03061ec8d,news,unknown,False,False,False,157,325,False,False,False,144,144,False,False,False,False,312.53292450954905,141.56454313918948,77,25,77,25,1,1,70,25,68,61
globalvoices-v2018q4-d0112-a0004,globalvoices-v2018q4-doc-c9e1e0c03061ec8d,news,unknown,False,False,False,43,107,False,False,False,100,100,False,False,False,False,132.13163748383522,99.50885808467864,27,14,27,14,1,1,23,14,22,48
globalvoices-v2018q4-d0112-a0005,globalvoices-v2018q4-doc-c9e1e0c03061ec8d,news,unknown,False,False,False,94,228,False,False,False,142,142,False,False,False,False,231.9159395378083,156.9011328518391,62,27,62,27,1,1,52,26,49,67
globalvoices-v2018q4-d0112-a0006,globalvoices-v2018q4-doc-c9e1e0c03061ec8d,news,unknown,False,False,False,68,166,False,False,False,105,105,False,False,False,False,169.72564744018018,102.7395854066126,38,21,38,21,1,1,37,20,33,55
globalvoices-v2018q4-d0112-a0007,globalvoices-v2018q4-doc-c9e1e0c03061ec8d,news,unknown,False,False,False,43,43,False,False,False,43,43,True,False,False,False,80.24196338653564,80.24196338653564,9,9,9,9,1,1,8,8,27,27
globalvoices-v2018q4-d0112-a0008,globalvoices-v2018q4-doc-c9e1e0c03061ec8d,news,unknown,False,False,False,77,191,False,False,False,180,180,False,False,False,False,216.92864849760008,150.9310101866722,51,30,51,30,1,1,44,30,39,82
globalvoices-v2018q4-d0112-a0009,globalvoices-v2018q4-doc-c9e1e0c03061ec8d,news,unknown,False,False,False,67,171,False,False,False,119,119,False,False,False,False,186.04101412999444,121.61770384013651,43,21,43,21,1,1,38,21,33,54
globalvoices-v2018q4-d0112-a0010,globalvoices-v2018q4-doc-c9e1e0c03061ec8d,news,unknown,False,False,False,152,370,False,False,False,241,241,False,False,False,False,411.9425139146333,288.7542002797127,96,46,96,46,1,1,80,46,84,116
globalvoices-v2018q4-d0112-a0011,globalvoices-v2018q4-doc-c9e1e0c03061ec8d,news,unknown,False,False,False,36,90,False,False,False,60,60,False,False,False,False,111.97049293853344,93.14671099185944,24,11,24,11,1,1,21,11,16,29
globalvoices-v2018q4-d0112-a0012,globalvoices-v2018q4-doc-c9e1e0c03061ec8d,news,unknown,False,False,False,112,246,False,False,False,196,200,False,False,False,False,269.84848848785623,186.61304243281484,66,35,66,35,1,1,53,34,57,99
globalvoices-v2018q4-d0112-a0013,globalvoices-v2018q4-doc-c9e1e0c03061ec8d,news,unknown,False,False,False,16,40,False,False,False,17,17,False,False,False,False,70.77363705635071,41.65107583999634,8,4,8,4,1,1,8,3,7,11
globalvoices-v2018q4-d0112-a0014,globalvoices-v2018q4-doc-c9e1e0c03061ec8d,news,unknown,False,False,False,68,68,False,False,False,68,68,True,False,False,False,112.19405114650726,112.19405114650726,14,14,14,14,1,1,14,14,35,35
globalvoices-v2018q4-d0112-a0015,globalvoices-v2018q4-doc-c9e1e0c03061ec8d,news,unknown,False,False,False,80,194,False,False,False,121,121,False,False,False,False,216.902735685464,153.23327046632767,52,31,52,31,1,1,49,30,37,61
globalvoices-v2018q4-d0112-a0016,globalvoices-v2018q4-doc-c9e1e0c03061ec8d,news,unknown,False,False,False,93,209,False,False,False,146,146,False,False,False,False,198.08345211672713,168.3116225078702,47,25,47,25,1,1,43,25,46,69
globalvoices-v2018q4-d0112-a0017,globalvoices-v2018q4-doc-c9e1e0c03061ec8d,news,unknown,False,False,False,33,83,False,False,False,82,82,False,False,False,False,102.43920533359052,98.77499993145466,22,15,22,15,1,1,20,15,17,39
globalvoices-v2018q4-d0112-a0018,globalvoices-v2018q4-doc-c9e1e0c03061ec8d,news,unknown,False,False,False,23,57,False,False,False,37,37,False,False,False,False,84.85152022074908,60.60207271575928,16,6,16,6,1,1,12,6,12,18
globalvoices-v2018q4-d0112-a0019,globalvoices-v2018q4-doc-c9e1e0c03061ec8d,news,unknown,False,False,False,127,303,False,False,False,209,209,False,False,False,False,353.98459355253726,283.58621191233397,81,45,81,45,1,1,75,44,66,100
globalvoices-v2018q4-d0112-a0020,globalvoices-v2018q4-doc-c9e1e0c03061ec8d,news,unknown,False,False,False,26,62,False,False,False,28,28,False,False,False,False,83.2348344916245,52.825156688690186,18,7,18,7,1,1,19,7,15,14
globalvoices-v2018q4-d0112-a0021,globalvoices-v2018q4-doc-c9e1e0c03061ec8d,news,unknown,False,False,False,122,284,False,False,False,200,200,False,False,False,False,365.129815017106,289.70470067858696,72,42,72,42,1,1,68,42,70,103
globalvoices-v2018q4-d0112-a0022,globalvoices-v2018q4-doc-c9e1e0c03061ec8d,news,unknown,False,False,False,57,143,False,False,False,114,114,False,False,False,False,151.55661484319717,110.85589024424551,34,19,34,19,1,1,31,19,26,51
globalvoices-v2018q4-d0112-a0023,globalvoices-v2018q4-doc-c9e1e0c03061ec8d,news,unknown,False,False,False,39,99,False,False,False,88,88,False,False,False,False,112.61034195288084,98.07629127800465,28,14,28,14,1,1,26,14,19,44
globalvoices-v2018q4-d0112-a0024,globalvoices-v2018q4-doc-c9e1e0c03061ec8d,news,unknown,False,False,False,59,147,False,False,False,114,114,False,False,False,False,160.23809506371617,132.1706832498312,36,19,36,19,1,1,32,19,30,53
globalvoices-v2018q4-d0112-a0025,globalvoices-v2018q4-doc-c9e1e0c03061ec8d,news,unknown,False,False,False,84,216,False,False,False,171,175,False,False,False,False,326.6362826260156,220.0569057837129,58,37,58,37,1,1,53,37,45,82
globalvoices-v2018q4-d0125-a0001,globalvoices-v2018q4-doc-09afdd8949a6b820,news,unknown,False,False,False,25,63,False,False,False,57,58,False,False,False,False,114.86718493700027,120.82003596425056,19,13,19,13,1,1,18,12,12,33
globalvoices-v2018q4-d0125-a0002,globalvoices-v2018q4-doc-09afdd8949a6b820,news,unknown,False,False,False,30,68,False,False,False,64,64,False,False,False,False,100.14727611839773,71.5242057358846,21,17,21,17,1,1,17,15,13,28
globalvoices-v2018q4-d0125-a0003,globalvoices-v2018q4-doc-09afdd8949a6b820,news,unknown,False,False,False,167,403,False,False,False,305,313,False,False,False,False,447.1291857485194,299.5118821072392,112,64,112,64,1,1,102,63,88,153
globalvoices-v2018q4-d0125-a0004,globalvoices-v2018q4-doc-09afdd8949a6b820,news,unknown,False,False,False,28,28,False,False,False,28,28,True,False,False,False,84.42111504077911,84.42111504077911,11,11,11,11,1,1,9,9,17,17
globalvoices-v2018q4-d0125-a0005,globalvoices-v2018q4-doc-09afdd8949a6b820,news,unknown,False,False,False,41,101,False,False,False,72,72,False,False,False,False,122.1476136894198,129.63227343559265,27,15,27,15,1,1,24,15,21,42
globalvoices-v2018q4-d0125-a0006,globalvoices-v2018q4-doc-09afdd8949a6b820,news,unknown,False,False,False,62,152,False,False,False,155,155,False,False,False,False,234.9039947569836,201.9555747434497,44,33,44,33,1,1,36,31,33,73
globalvoices-v2018q4-d0125-a0007,globalvoices-v2018q4-doc-09afdd8949a6b820,news,unknown,False,False,False,69,167,False,False,False,138,138,False,False,False,False,209.1566470651887,142.8763689044863,48,26,48,26,1,1,41,26,36,65
globalvoices-v2018q4-d0125-a0008,globalvoices-v2018q4-doc-09afdd8949a6b820,news,unknown,False,False,False,90,204,False,False,False,173,173,False,False,False,False,279.9174548033625,215.63402852229777,61,37,61,37,1,1,53,35,49,89
globalvoices-v2018q4-d0135-a0001,globalvoices-v2018q4-doc-8084fb5ce5c55f08,news,unknown,False,False,False,23,59,False,False,False,55,56,False,False,False,False,86.97572866501287,94.16479253023864,17,12,17,12,1,1,18,11,12,31
globalvoices-v2018q4-d0135-a0002,globalvoices-v2018q4-doc-8084fb5ce5c55f08,news,unknown,False,False,False,76,182,False,False,False,214,214,False,False,False,False,240.11628050659783,232.5804275290575,59,46,59,46,1,1,52,41,36,107
globalvoices-v2018q4-d0135-a0003,globalvoices-v2018q4-doc-8084fb5ce5c55f08,news,unknown,False,False,False,145,333,False,False,False,177,177,False,False,False,False,434.0478651226731,224.19392947480085,113,39,113,39,1,1,98,38,71,88
globalvoices-v2018q4-d0135-a0004,globalvoices-v2018q4-doc-8084fb5ce5c55f08,news,unknown,False,False,False,2,6,False,False,False,8,8,False,False,False,False,32.16612148284912,19.747074127197266,2,1,2,1,1,1,2,1,1,4
globalvoices-v2018q4-d0135-a0005,globalvoices-v2018q4-doc-8084fb5ce5c55f08,news,unknown,False,False,False,36,84,False,False,False,147,147,False,False,False,False,103.91027434309945,165.22009858489037,28,30,28,30,1,1,25,28,14,75
globalvoices-v2018q4-d0135-a0006,globalvoices-v2018q4-doc-8084fb5ce5c55f08,news,unknown,False,False,False,34,82,False,False,False,31,31,False,False,False,False,131.22491141594946,50.591742753982544,25,6,25,6,1,1,25,6,19,17
globalvoices-v2018q4-d0135-a0007,globalvoices-v2018q4-doc-8084fb5ce5c55f08,news,unknown,False,False,False,21,53,False,False,False,90,90,False,False,False,False,82.727842990309,135.04112142324448,13,18,13,18,1,1,12,19,12,51
globalvoices-v2018q4-d0138-a0001,globalvoices-v2018q4-doc-0327ccc32db5bfeb,news,unknown,False,False,False,16,38,False,False,False,44,45,False,False,False,False,80.716148131527,81.46848821640015,11,10,11,10,1,1,10,10,9,18
globalvoices-v2018q4-d0138-a0002,globalvoices-v2018q4-doc-0327ccc32db5bfeb,news,unknown,False,False,False,168,386,False,False,False,375,375,False,False,False,False,466.0274957940819,282.3983400113066,118,83,118,83,1,1,104,81,88,182
globalvoices-v2018q4-d0138-a0003,globalvoices-v2018q4-doc-0327ccc32db5bfeb,news,unknown,False,False,False,46,118,False,False,False,103,103,False,False,False,False,122.4245726019144,112.6811627149582,34,21,34,21,1,1,30,21,24,41
globalvoices-v2018q4-d0138-a0004,globalvoices-v2018q4-doc-0327ccc32db5bfeb,news,unknown,False,False,False,37,95,False,False,False,106,106,False,False,False,False,136.99517480118084,120.3494867235422,32,19,32,19,1,1,24,19,20,53
globalvoices-v2018q4-d0138-a0005,globalvoices-v2018q4-doc-0327ccc32db5bfeb,news,unknown,False,False,False,56,142,False,False,False,120,120,False,False,False,False,189.4610766051337,120.40371400117874,40,23,40,23,1,1,36,23,32,55
globalvoices-v2018q4-d0138-a0006,globalvoices-v2018q4-doc-0327ccc32db5bfeb,news,unknown,False,False,False,13,31,False,False,False,10,10,False,False,False,False,52.65684765577316,27.087099075317383,9,3,9,3,1,1,9,3,7,7
globalvoices-v2018q4-d0143-a0001,globalvoices-v2018q4-doc-3379b905d976d633,news,unknown,False,False,False,23,55,False,False,False,53,54,False,False,False,False,108.46540267765522,94.88659277558328,20,13,20,13,1,1,16,13,13,29
globalvoices-v2018q4-d0143-a0002,globalvoices-v2018q4-doc-3379b905d976d633,news,unknown,False,False,False,155,357,False,False,False,351,351,False,False,False,False,343.4637975836522,302.6634412910789,98,68,98,68,1,1,87,68,76,169
globalvoices-v2018q4-d0143-a0003,globalvoices-v2018q4-doc-3379b905d976d633,news,unknown,False,False,False,50,112,False,False,False,94,94,False,False,False,False,177.11765730171464,149.35009267926216,38,23,38,23,1,1,31,22,28,49
globalvoices-v2018q4-d0143-a0004,globalvoices-v2018q4-doc-3379b905d976d633,news,unknown,False,False,False,57,111,False,False,False,102,102,False,False,False,False,203.34533352404833,171.3988777399063,32,25,32,25,1,1,31,25,32,52
globalvoices-v2018q4-d0143-a0005,globalvoices-v2018q4-doc-3379b905d976d633,news,unknown,False,False,False,56,140,False,False,False,87,87,False,False,False,False,209.06840816885233,112.06788448989391,43,16,43,16,1,1,37,18,27,47
globalvoices-v2018q4-d0143-a0006,globalvoices-v2018q4-doc-3379b905d976d633,news,unknown,False,False,False,36,76,False,False,False,50,50,False,False,False,False,163.44707997352816,106.3555691242218,24,12,24,12,1,1,20,12,22,31
globalvoices-v2018q4-d0143-a0007,globalvoices-v2018q4-doc-3379b905d976d633,news,unknown,False,False,False,55,139,False,False,False,137,137,False,False,False,False,227.60672476887703,159.69738532509655,42,34,42,34,1,1,37,31,27,68
globalvoices-v2018q4-d0143-a0008,globalvoices-v2018q4-doc-3379b905d976d633,news,unknown,False,False,False,45,91,False,False,False,64,64,False,False,False,False,174.99823722615838,135.78951358795166,29,16,29,16,1,1,28,16,25,33
globalvoices-v2018q4-d0143-a0009,globalvoices-v2018q4-doc-3379b905d976d633,news,unknown,False,False,False,92,198,False,False,False,130,130,False,False,False,False,237.7292949523253,203.81785723101348,67,36,67,36,1,1,54,34,54,68
globalvoices-v2018q4-d0143-a0010,globalvoices-v2018q4-doc-3379b905d976d633,news,unknown,False,False,False,28,60,False,False,False,74,74,False,False,False,False,114.86388236284256,119.9247061610222,18,17,18,17,1,1,16,15,13,41
globalvoices-v2018q4-d0143-a0011,globalvoices-v2018q4-doc-3379b905d976d633,news,unknown,False,False,False,38,90,False,False,False,112,112,False,False,False,False,175.20792382676154,241.3373693227768,34,29,34,29,1,1,26,25,23,57
globalvoices-v2018q4-d0143-a0012,globalvoices-v2018q4-doc-3379b905d976d633,news,unknown,False,False,False,54,88,False,False,False,128,128,False,False,False,False,197.35033744573593,199.05557057261467,29,31,29,31,1,1,25,31,32,63
globalvoices-v2018q4-d0143-a0013,globalvoices-v2018q4-doc-3379b905d976d633,news,unknown,False,False,False,24,58,False,False,False,48,48,False,False,False,False,101.01391196250916,105.847501039505,17,13,17,13,1,1,14,13,12,25
globalvoices-v2018q4-d0143-a0014,globalvoices-v2018q4-doc-3379b905d976d633,news,unknown,False,False,False,44,80,False,False,False,91,91,False,False,False,False,203.64973841886967,182.0773792564869,29,25,29,25,1,1,28,25,26,49
globalvoices-v2018q4-d0143-a0015,globalvoices-v2018q4-doc-3379b905d976d633,news,unknown,False,False,False,142,350,False,False,False,354,354,False,False,False,False,344.83470304624643,386.59654065966606,92,75,92,75,1,1,80,76,71,184
globalvoices-v2018q4-d0143-a0016,globalvoices-v2018q4-doc-3379b905d976d633,news,unknown,False,False,False,62,132,False,False,False,167,167,False,False,False,False,225.3930252920836,175.4521906748414,41,31,41,31,1,1,34,31,32,83
globalvoices-v2018q4-d0144-a0001,globalvoices-v2018q4-doc-2eda928137ee6ca7,news,unknown,False,False,False,16,36,False,False,False,55,56,False,False,False,False,92.1020622048527,103.97603058815002,15,11,15,11,1,1,13,11,8,27
globalvoices-v2018q4-d0144-a0002,globalvoices-v2018q4-doc-2eda928137ee6ca7,news,unknown,False,False,False,113,235,False,False,False,223,223,False,False,False,False,309.42861967888894,206.71369855414375,78,55,78,55,1,1,66,52,63,105
globalvoices-v2018q4-d0144-a0003,globalvoices-v2018q4-doc-2eda928137ee6ca7,news,unknown,False,False,False,84,188,False,False,False,123,123,False,False,False,False,265.7783048800193,136.99910922441632,60,27,60,27,1,1,52,26,44,63
globalvoices-v2018q4-d0144-a0004,globalvoices-v2018q4-doc-2eda928137ee6ca7,news,unknown,False,False,False,94,218,False,False,False,163,163,False,False,False,False,296.251592523884,184.41794900409877,66,33,66,33,1,1,60,33,53,80
globalvoices-v2018q4-d0144-a0005,globalvoices-v2018q4-doc-2eda928137ee6ca7,news,unknown,False,False,False,50,120,False,False,False,138,138,False,False,False,False,186.9862756910734,140.75637895893306,45,29,45,29,1,1,36,28,26,67
globalvoices-v2018q4-d0144-a0006,globalvoices-v2018q4-doc-2eda928137ee6ca7,news,unknown,False,False,False,117,263,False,False,False,126,126,False,False,False,False,338.86008317183587,127.77965528285132,80,27,80,27,1,1,66,27,58,61
globalvoices-v2018q4-d0144-a0007,globalvoices-v2018q4-doc-2eda928137ee6ca7,news,unknown,False,False,False,92,198,False,False,False,159,159,False,False,False,False,317.55200033204164,243.5336925671436,66,36,66,36,1,1,55,36,51,79
globalvoices-v2018q4-d0144-a0008,globalvoices-v2018q4-doc-2eda928137ee6ca7,news,unknown,False,False,False,101,231,False,False,False,158,158,False,False,False,False,338.05587211289094,237.76900264434516,72,37,72,37,1,1,58,36,51,82
globalvoices-v2018q4-d0144-a0009,globalvoices-v2018q4-doc-2eda928137ee6ca7,news,unknown,False,False,False,82,156,False,False,False,104,104,False,False,False,False,185.46684602461755,143.24767062440517,45,26,45,26,1,1,40,27,45,57
globalvoices-v2018q4-d0144-a0010,globalvoices-v2018q4-doc-2eda928137ee6ca7,news,unknown,False,False,False,45,111,False,False,False,79,79,False,False,False,False,178.6276933264162,97.90965095162392,31,16,31,16,1,1,29,16,25,42
globalvoices-v2018q4-d0144-a0011,globalvoices-v2018q4-doc-2eda928137ee6ca7,news,unknown,False,False,False,20,46,False,False,False,60,60,False,False,False,False,131.24771982617676,134.4641981124878,16,13,16,13,1,1,13,13,9,34
globalvoices-v2018q4-d0144-a0012,globalvoices-v2018q4-doc-2eda928137ee6ca7,news,unknown,False,False,False,38,94,False,False,False,81,81,False,False,False,False,160.14244659245014,121.53593760728836,25,18,25,18,1,1,21,18,19,38
globalvoices-v2018q4-d0144-a0013,globalvoices-v2018q4-doc-2eda928137ee6ca7,news,unknown,False,False,False,84,168,False,False,False,179,179,False,False,False,False,344.07292026281357,259.60159863787703,53,40,53,40,1,1,44,38,52,93
globalvoices-v2018q4-d0144-a0014,globalvoices-v2018q4-doc-2eda928137ee6ca7,news,unknown,False,False,False,48,112,False,False,False,144,144,False,False,False,False,196.81912820134312,188.36504232883453,33,36,33,36,1,1,31,35,27,69
globalvoices-v2018q4-d0144-a0015,globalvoices-v2018q4-doc-2eda928137ee6ca7,news,unknown,False,False,False,94,234,False,False,False,180,180,False,False,False,False,375.93267759669106,256.8911003395915,66,44,66,44,1,1,59,43,48,86
globalvoices-v2018q4-d0144-a0016,globalvoices-v2018q4-doc-2eda928137ee6ca7,news,unknown,False,False,False,47,117,False,False,False,57,57,False,False,False,False,157.4099096590653,117.31969525665043,35,15,35,15,1,1,30,15,22,33
globalvoices-v2018q4-d0144-a0017,globalvoices-v2018q4-doc-2eda928137ee6ca7,news,unknown,False,False,False,25,63,False,False,False,88,88,False,False,False,False,89.43500779569149,127.22499914374202,16,20,16,20,1,1,13,19,13,46
globalvoices-v2018q4-d0144-a0018,globalvoices-v2018q4-doc-2eda928137ee6ca7,news,unknown,False,False,False,13,15,False,False,False,8,8,False,False,False,False,67.79863262176514,25.26122236251831,6,3,6,3,1,1,5,3,10,5
globalvoices-v2018q4-d0144-a0019,globalvoices-v2018q4-doc-2eda928137ee6ca7,news,unknown,False,False,False,28,50,False,False,False,79,79,False,False,False,False,110.46628499031068,92.35327443480492,17,15,17,15,1,1,15,15,16,36
globalvoices-v2018q4-d0144-a0020,globalvoices-v2018q4-doc-2eda928137ee6ca7,news,unknown,False,False,False,26,64,False,False,False,51,51,False,False,False,False,104.18057307600976,95.0115212202072,15,13,15,13,1,1,15,12,14,30
globalvoices-v2018q4-d0144-a0021,globalvoices-v2018q4-doc-2eda928137ee6ca7,news,unknown,False,False,False,43,107,False,False,False,115,115,False,False,False,False,169.182658739388,168.93293184041977,37,28,37,28,1,1,33,27,26,62
globalvoices-v2018q4-d0144-a0022,globalvoices-v2018q4-doc-2eda928137ee6ca7,news,unknown,False,False,False,12,12,False,False,False,31,31,True,False,False,False,42.47872979193926,79.28854194097221,5,10,5,10,1,1,4,9,8,20
globalvoices-v2018q4-d0144-a0023,globalvoices-v2018q4-doc-2eda928137ee6ca7,news,unknown,False,False,False,71,159,False,False,False,98,98,False,False,False,False,241.2422561100684,176.4449416399002,57,20,57,20,1,1,46,20,38,52
globalvoices-v2018q4-d0144-a0024,globalvoices-v2018q4-doc-2eda928137ee6ca7,news,unknown,False,False,False,36,92,False,False,False,89,89,False,False,False,False,160.54948252253234,120.74973507970572,30,17,30,17,1,1,23,17,22,44
globalvoices-v2018q4-d0144-a0025,globalvoices-v2018q4-doc-2eda928137ee6ca7,news,unknown,False,False,False,63,155,False,False,False,109,115,False,False,False,False,216.25943918619305,111.94239926151933,41,26,41,26,1,1,38,26,33,57
globalvoices-v2018q4-d0144-a0026,globalvoices-v2018q4-doc-2eda928137ee6ca7,news,unknown,False,False,False,57,143,False,False,False,110,110,False,False,False,False,220.9327422939241,129.9596953690052,39,25,39,25,1,1,37,25,34,57
globalvoices-v2018q4-d0144-a0027,globalvoices-v2018q4-doc-2eda928137ee6ca7,news,unknown,False,False,False,45,109,False,False,False,45,45,False,False,False,False,161.55501084029677,47.892498461995274,30,10,30,10,1,1,29,10,23,23
globalvoices-v2018q4-d0144-a0028,globalvoices-v2018q4-doc-2eda928137ee6ca7,news,unknown,False,False,False,103,253,False,False,False,180,184,False,False,False,False,298.95847062254325,188.75105892308056,69,37,69,37,1,1,60,37,54,94
globalvoices-v2018q4-d0144-a0029,globalvoices-v2018q4-doc-2eda928137ee6ca7,news,unknown,False,False,False,173,423,False,False,False,327,331,False,False,False,False,572.9255632245913,383.59111639112234,111,69,111,69,1,1,105,67,84,162
globalvoices-v2018q4-d0144-a0030,globalvoices-v2018q4-doc-2eda928137ee6ca7,news,unknown,False,False,False,50,96,False,False,False,51,51,False,False,False,False,116.44355510175228,72.22620129585266,28,9,28,9,1,1,21,9,26,25
globalvoices-v2018q4-d0144-a0031,globalvoices-v2018q4-doc-2eda928137ee6ca7,news,unknown,False,False,False,47,107,False,False,False,97,99,False,False,False,False,167.89908609399572,136.4981741218362,38,26,38,26,1,1,32,24,26,50
globalvoices-v2018q4-d0144-a0032,globalvoices-v2018q4-doc-2eda928137ee6ca7,news,unknown,False,False,False,106,174,False,False,False,95,95,False,False,False,False,269.616726775188,171.6974815186113,62,31,62,31,1,1,52,27,66,54
globalvoices-v2018q4-d0146-a0001,globalvoices-v2018q4-doc-032ef90ec4d4910d,news,unknown,False,False,False,14,36,False,False,False,60,61,False,False,False,False,89.90796539187431,96.59127217531204,12,12,12,12,1,1,11,12,8,28
globalvoices-v2018q4-d0146-a0002,globalvoices-v2018q4-doc-032ef90ec4d4910d,news,unknown,False,False,False,33,85,False,False,False,68,68,False,False,False,False,114.37068466842176,70.68353042006493,23,12,23,12,1,1,18,12,13,28
globalvoices-v2018q4-d0146-a0003,globalvoices-v2018q4-doc-032ef90ec4d4910d,news,unknown,False,False,False,36,90,False,False,False,71,71,False,False,False,False,100.38315492821856,64.88327599316835,22,13,22,13,1,1,20,13,19,39
globalvoices-v2018q4-d0146-a0004,globalvoices-v2018q4-doc-032ef90ec4d4910d,news,unknown,False,False,False,54,136,False,False,False,109,109,False,False,False,False,156.83185839653015,112.13932093977928,32,22,32,22,1,1,29,22,27,55
globalvoices-v2018q4-d0146-a0005,globalvoices-v2018q4-doc-032ef90ec4d4910d,news,unknown,False,False,False,52,118,False,False,False,97,97,False,False,False,False,229.4932049945928,152.68957248330116,39,18,39,18,1,1,33,18,25,47
globalvoices-v2018q4-d0146-a0006,globalvoices-v2018q4-doc-032ef90ec4d4910d,news,unknown,False,False,False,95,211,False,False,False,174,174,False,False,False,False,339.48510210122913,223.7597639337182,62,39,62,39,1,1,55,38,50,89
globalvoices-v2018q4-d0146-a0007,globalvoices-v2018q4-doc-032ef90ec4d4910d,news,unknown,False,False,False,49,123,False,False,False,154,154,False,False,False,False,195.59489767998457,241.10209953784943,37,30,37,30,1,1,29,30,26,71
globalvoices-v2018q4-d0146-a0008,globalvoices-v2018q4-doc-032ef90ec4d4910d,news,unknown,False,False,False,59,149,False,False,False,150,150,False,False,False,False,154.13688047870528,157.95000630617142,35,29,35,29,1,1,31,29,26,71
globalvoices-v2018q4-d0146-a0009,globalvoices-v2018q4-doc-032ef90ec4d4910d,news,unknown,False,False,False,59,129,False,False,False,110,110,False,False,False,False,193.03678523562849,162.33352245762944,44,24,44,24,1,1,36,24,37,55
globalvoices-v2018q4-d0146-a0010,globalvoices-v2018q4-doc-032ef90ec4d4910d,news,unknown,False,False,False,18,44,False,False,False,53,53,False,False,False,False,79.38165479898453,71.16651964187622,12,11,12,11,1,1,11,11,10,26
globalvoices-v2018q4-d0146-a0011,globalvoices-v2018q4-doc-032ef90ec4d4910d,news,unknown,False,False,False,90,220,False,False,False,221,221,False,False,False,False,292.2706032320857,220.54407637007537,64,42,64,42,1,1,58,41,49,108
globalvoices-v2018q4-d0146-a0012,globalvoices-v2018q4-doc-032ef90ec4d4910d,news,unknown,False,False,False,95,237,False,False,False,240,240,False,False,False,False,305.3850732119754,254.12507700175047,63,46,63,46,1,1,57,45,52,118
globalvoices-v2018q4-d0146-a0013,globalvoices-v2018q4-doc-032ef90ec4d4910d,news,unknown,False,False,False,10,26,False,False,False,20,20,False,False,False,False,72.5470175743103,38.55641740933061,7,5,7,5,1,1,7,5,6,10
globalvoices-v2018q4-d0146-a0014,globalvoices-v2018q4-doc-032ef90ec4d4910d,news,unknown,False,False,False,49,123,False,False,False,92,92,False,False,False,False,178.71926959604025,112.86020541097967,33,21,33,21,1,1,31,20,26,44
globalvoices-v2018q4-d0146-a0015,globalvoices-v2018q4-doc-032ef90ec4d4910d,news,unknown,False,False,False,46,100,False,False,False,79,79,False,False,False,False,165.50741889700294,143.89380651712418,27,19,27,19,1,1,26,19,27,40
globalvoices-v2018q4-d0146-a0016,globalvoices-v2018q4-doc-032ef90ec4d4910d,news,unknown,False,False,False,41,103,False,False,False,202,202,False,False,False,False,133.97861140966415,231.66970038414,25,40,25,40,1,1,22,40,21,109
globalvoices-v2018q4-d0146-a0017,globalvoices-v2018q4-doc-032ef90ec4d4910d,news,unknown,False,False,False,41,105,False,False,False,90,90,False,False,False,False,126.80363218486308,108.65837328135969,24,16,24,16,1,1,22,16,19,43
globalvoices-v2018q4-d0146-a0018,globalvoices-v2018q4-doc-032ef90ec4d4910d,news,unknown,False,False,False,72,180,False,False,False,111,111,False,False,False,False,238.1890840381384,173.89373686909676,47,23,47,23,1,1,41,23,41,56
globalvoices-v2018q4-d0146-a0019,globalvoices-v2018q4-doc-032ef90ec4d4910d,news,unknown,False,False,False,46,118,False,False,False,108,108,False,False,False,False,141.12335795443505,108.73101711273192,28,22,28,22,1,1,27,22,24,49
globalvoices-v2018q4-d0146-a0020,globalvoices-v2018q4-doc-032ef90ec4d4910d,news,unknown,False,False,False,38,94,False,False,False,199,199,False,False,False,False,133.99810522887856,208.6000501997769,22,41,22,41,1,1,21,41,21,93
globalvoices-v2018q4-d0146-a0021,globalvoices-v2018q4-doc-032ef90ec4d4910d,news,unknown,False,False,False,19,36,False,False,False,9,9,True,False,False,False,62.06639063358307,44.268402099609375,9,3,9,3,1,1,6,3,35,6
globalvoices-v2018q4-d0146-a0022,globalvoices-v2018q4-doc-032ef90ec4d4910d,news,unknown,False,False,False,53,99,False,False,False,50,50,True,False,False,False,149.14184537157416,80.16143171489239,19,10,19,10,1,1,17,10,99,25
globalvoices-v2018q4-d0146-a0023,globalvoices-v2018q4-doc-032ef90ec4d4910d,news,unknown,False,False,False,95,177,False,False,False,106,106,True,False,False,False,281.14230924099684,152.7018409371376,41,25,41,25,1,1,38,24,176,55
globalvoices-v2018q4-d0146-a0024,globalvoices-v2018q4-doc-032ef90ec4d4910d,news,unknown,False,False,False,18,33,False,False,False,12,12,True,False,False,False,58.86190873384476,50.28183698654175,8,5,8,5,1,1,6,4,32,6
globalvoices-v2018q4-d0146-a0025,globalvoices-v2018q4-doc-032ef90ec4d4910d,news,unknown,False,False,False,66,120,False,False,False,91,91,False,False,False,False,272.67000553011894,140.30337595939636,31,22,31,22,1,1,28,22,112,41
globalvoices-v2018q4-d0146-a0026,globalvoices-v2018q4-doc-032ef90ec4d4910d,news,unknown,False,False,False,102,252,False,False,False,289,291,False,False,False,False,261.50985693585244,289.85175128653646,74,55,74,55,1,1,69,55,59,136
globalvoices-v2018q4-d0146-a0027,globalvoices-v2018q4-doc-032ef90ec4d4910d,news,unknown,False,False,False,32,72,False,False,False,124,124,False,False,False,False,134.06309359055012,143.98079894855618,26,26,26,26,1,1,23,26,16,61
globalvoices-v2018q4-d0146-a0028,globalvoices-v2018q4-doc-032ef90ec4d4910d,news,unknown,False,False,False,3,7,False,False,False,28,28,False,False,False,False,40.444854736328125,44.18937927484512,3,7,3,7,1,1,3,7,3,14
globalvoices-v2018q4-d0146-a0029,globalvoices-v2018q4-doc-032ef90ec4d4910d,news,unknown,False,False,False,31,73,False,False,False,90,90,False,False,False,False,118.61956453323364,135.20527781546116,17,20,17,20,1,1,18,20,18,43
globalvoices-v2018q4-d0146-a0030,globalvoices-v2018q4-doc-032ef90ec4d4910d,news,unknown,False,False,False,83,203,False,False,False,324,324,False,False,False,False,254.1877220789393,323.84715497866273,57,63,57,63,1,1,49,62,41,158
globalvoices-v2018q4-d0146-a0031,globalvoices-v2018q4-doc-032ef90ec4d4910d,news,unknown,False,False,False,57,129,False,False,False,357,357,False,False,False,False,219.87493115663528,326.74417064525187,37,68,37,68,1,1,35,67,33,173
globalvoices-v2018q4-d0146-a0032,globalvoices-v2018q4-doc-032ef90ec4d4910d,news,unknown,False,False,False,37,85,False,False,False,102,102,False,False,False,False,152.6960453391075,141.1139331907034,24,23,24,23,1,1,21,23,22,48
globalvoices-v2018q4-d0146-a0033,globalvoices-v2018q4-doc-032ef90ec4d4910d,news,unknown,False,False,False,17,35,False,False,False,162,162,False,False,False,False,126.56640200316906,134.53710490465164,21,29,21,29,1,1,17,28,11,80
globalvoices-v2018q4-d0146-a0034,globalvoices-v2018q4-doc-032ef90ec4d4910d,news,unknown,False,False,False,64,156,False,False,False,313,313,False,False,False,False,217.48725441098213,335.2912891320884,48,66,48,66,1,1,45,66,32,148
globalvoices-v2018q4-d0146-a0035,globalvoices-v2018q4-doc-032ef90ec4d4910d,news,unknown,False,False,False,104,240,False,False,False,508,508,False,False,False,False,294.62237399615697,563.0053691789508,74,116,74,116,1,1,66,117,52,239
globalvoices-v2018q4-d0146-a0036,globalvoices-v2018q4-doc-032ef90ec4d4910d,news,unknown,False,False,False,55,137,False,False,False,158,158,False,False,False,False,170.00005221221363,210.70435725525024,32,31,32,31,1,1,29,31,30,76
globalvoices-v2018q4-d0148-a0001,globalvoices-v2018q4-doc-954747f39de9956a,news,unknown,False,False,False,30,64,False,False,False,65,66,False,False,False,False,115.4752742946148,115.97468464449048,23,21,23,21,1,1,20,18,16,27
globalvoices-v2018q4-d0148-a0002,globalvoices-v2018q4-doc-954747f39de9956a,news,unknown,False,False,False,34,78,False,False,False,66,66,False,False,False,False,111.8287291713059,73.58842138200998,24,16,24,16,1,1,16,14,13,27
globalvoices-v2018q4-d0148-a0003,globalvoices-v2018q4-doc-954747f39de9956a,news,unknown,False,False,False,21,43,False,False,False,44,44,False,False,False,False,77.55662054568529,47.54568923683837,17,17,17,17,1,1,15,14,13,19
globalvoices-v2018q4-d0148-a0004,globalvoices-v2018q4-doc-954747f39de9956a,news,unknown,False,False,False,64,156,False,False,False,126,126,False,False,False,False,182.1943434212444,131.24503448605537,46,25,46,25,1,1,36,24,30,55
globalvoices-v2018q4-d0148-a0005,globalvoices-v2018q4-doc-954747f39de9956a,news,unknown,False,False,False,37,91,False,False,False,59,59,False,False,False,False,102.22232176363468,50.41031017899513,23,12,23,12,1,1,20,12,18,26
globalvoices-v2018q4-d0148-a0006,globalvoices-v2018q4-doc-954747f39de9956a,news,unknown,False,False,False,39,99,False,False,False,70,70,False,False,False,False,130.338610380888,110.94736617803574,26,25,26,25,1,1,24,21,19,32
globalvoices-v2018q4-d0148-a0007,globalvoices-v2018q4-doc-954747f39de9956a,news,unknown,False,False,False,110,260,False,False,False,202,206,False,False,False,False,280.8097723769024,237.44603303074837,75,50,75,50,1,1,60,46,55,103
globalvoices-v2018q4-d0148-a0008,globalvoices-v2018q4-doc-954747f39de9956a,news,unknown,False,False,False,67,165,False,False,False,184,184,False,False,False,False,204.12912385445088,159.88856237381697,47,32,47,32,1,1,39,32,29,85
globalvoices-v2018q4-d0148-a0009,globalvoices-v2018q4-doc-954747f39de9956a,news,unknown,False,False,False,42,56,False,False,False,47,47,False,False,False,False,123.37313681840897,100.68500596284866,21,19,21,19,1,1,16,15,20,23
globalvoices-v2018q4-d0148-a0010,globalvoices-v2018q4-doc-954747f39de9956a,news,unknown,False,False,False,18,46,False,False,False,36,36,False,False,False,False,79.97555695171468,86.98367691040039,15,10,15,10,1,1,11,9,5,18
globalvoices-v2018q4-d0148-a0011,globalvoices-v2018q4-doc-954747f39de9956a,news,unknown,False,False,False,108,250,False,False,False,150,150,False,False,False,False,287.6900287204189,175.01243368536234,76,35,76,35,1,1,59,33,53,72
globalvoices-v2018q4-d0148-a0012,globalvoices-v2018q4-doc-954747f39de9956a,news,unknown,False,False,False,56,140,False,False,False,141,141,False,False,False,False,136.17847807810176,144.61241999268532,33,29,33,29,1,1,29,29,28,68
globalvoices-v2018q4-d0148-a0013,globalvoices-v2018q4-doc-954747f39de9956a,news,unknown,False,False,False,35,89,False,False,False,102,102,False,False,False,False,102.87796197040008,115.74991496652363,25,22,25,22,1,1,21,21,15,45
globalvoices-v2018q4-d0148-a0014,globalvoices-v2018q4-doc-954747f39de9956a,news,unknown,False,False,False,104,232,False,False,False,158,158,False,False,False,False,284.18223812824,194.61742399306968,85,47,85,47,1,1,72,41,52,79
globalvoices-v2018q4-d0148-a0015,globalvoices-v2018q4-doc-954747f39de9956a,news,unknown,False,False,False,102,236,False,False,False,213,213,False,False,False,False,272.9561892410202,261.2892848821357,77,55,77,55,1,1,59,50,48,100
globalvoices-v2018q4-d0148-a0016,globalvoices-v2018q4-doc-954747f39de9956a,news,unknown,False,False,False,69,161,False,False,False,121,121,False,False,False,False,185.86803472065367,122.58412985876204,47,27,47,27,1,1,35,26,32,55
globalvoices-v2018q4-d0148-a0017,globalvoices-v2018q4-doc-954747f39de9956a,news,unknown,False,False,False,53,117,False,False,False,160,160,False,False,False,False,135.2006677305326,209.0553407371044,37,40,37,40,1,1,27,37,25,79
globalvoices-v2018q4-d0148-a0018,globalvoices-v2018q4-doc-954747f39de9956a,news,unknown,False,False,False,56,140,False,False,False,91,91,False,False,False,False,150.26061291247606,117.95858340710402,30,23,30,23,1,1,28,22,27,44
globalvoices-v2018q4-d0148-a0019,globalvoices-v2018q4-doc-954747f39de9956a,news,unknown,False,False,False,76,176,False,False,False,118,118,False,False,False,False,260.1861110017635,154.38965318724513,52,27,52,27,1,1,42,25,36,53
globalvoices-v2018q4-d0148-a0020,globalvoices-v2018q4-doc-954747f39de9956a,news,unknown,False,False,False,66,154,False,False,False,116,120,False,False,False,False,186.62012763461095,157.76263596117496,42,30,42,30,1,1,35,27,31,57
globalvoices-v2018q4-d0148-a0021,globalvoices-v2018q4-doc-954747f39de9956a,news,unknown,False,False,False,58,146,False,False,False,91,91,False,False,False,False,179.04146378859878,119.99241372942924,41,21,41,21,1,1,31,20,26,44
globalvoices-v2018q4-d0148-a0022,globalvoices-v2018q4-doc-954747f39de9956a,news,unknown,False,False,False,29,59,False,False,False,48,48,False,False,False,False,102.20220689103007,85.42288498580456,23,18,23,18,1,1,17,15,15,29
globalvoices-v2018q4-d0148-a0023,globalvoices-v2018q4-doc-954747f39de9956a,news,unknown,False,False,False,34,78,False,False,False,66,66,False,False,False,False,111.8287291713059,73.58842138200998,24,16,24,16,1,1,16,14,13,27
globalvoices-v2018q4-d0155-a0001,globalvoices-v2018q4-doc-c2772464129be191,news,unknown,False,False,False,24,60,False,False,False,62,63,False,False,False,False,114.45713441073896,101.21037325263023,20,13,20,13,1,1,18,12,10,35
globalvoices-v2018q4-d0155-a0002,globalvoices-v2018q4-doc-c2772464129be191,news,unknown,False,False,False,114,280,False,False,False,270,270,False,False,False,False,314.7964488522848,295.75320032052696,82,49,82,49,1,1,69,48,54,139
globalvoices-v2018q4-d0155-a0003,globalvoices-v2018q4-doc-c2772464129be191,news,unknown,False,False,False,80,180,False,False,False,183,183,False,False,False,False,261.09994586813264,180.0067379977554,61,47,61,47,1,1,50,43,38,95
globalvoices-v2018q4-d0155-a0004,globalvoices-v2018q4-doc-c2772464129be191,news,unknown,False,False,False,26,64,False,False,False,24,24,False,False,False,False,80.4280185252428,34.958953499794006,14,5,14,5,1,1,12,5,13,13
globalvoices-v2018q4-d0155-a0005,globalvoices-v2018q4-doc-c2772464129be191,news,unknown,False,False,True,43,111,False,False,False,51,51,False,False,False,False,170.38741712272167,126.58254375401884,31,20,31,20,1,1,27,20,28,30
globalvoices-v2018q4-d0155-a0006,globalvoices-v2018q4-doc-c2772464129be191,news,unknown,False,False,True,63,147,False,False,False,227,227,False,False,False,False,242.29949189489707,384.3230249295011,41,55,41,55,1,1,37,55,36,116
globalvoices-v2018q4-d0155-a0007,globalvoices-v2018q4-doc-c2772464129be191,news,unknown,False,False,False,52,130,False,False,False,291,291,False,False,False,False,178.81660171598196,296.69383908063173,35,52,35,52,1,1,31,52,27,138
globalvoices-v2018q4-d0155-a0008,globalvoices-v2018q4-doc-c2772464129be191,news,unknown,False,False,False,38,96,False,False,False,171,171,False,False,False,False,155.92913678474724,168.39259155467153,29,32,29,32,1,1,22,32,19,79
globalvoices-v2018q4-d0155-a0009,globalvoices-v2018q4-doc-c2772464129be191,news,unknown,False,False,False,29,71,False,False,False,73,73,False,False,False,False,74.99278350314125,118.058385014534,23,14,23,14,1,1,22,14,15,35
globalvoices-v2018q4-d0155-a0010,globalvoices-v2018q4-doc-c2772464129be191,news,unknown,False,False,False,66,162,False,False,False,150,152,False,False,False,False,206.02169290650636,158.68866358604282,47,27,47,27,1,1,36,27,31,68
globalvoices-v2018q4-d0155-a0011,globalvoices-v2018q4-doc-c2772464129be191,news,unknown,False,False,False,50,126,False,False,False,106,106,False,False,False,False,162.50619828142226,187.48307871818545,31,20,31,20,1,1,27,20,23,50
globalvoices-v2018q4-d0155-a0012,globalvoices-v2018q4-doc-c2772464129be191,news,unknown,False,False,False,19,47,False,False,False,71,71,False,False,False,False,80.4741978943348,119.6697043776512,13,14,13,14,1,1,11,15,10,37
globalvoices-v2018q4-d0155-a0013,globalvoices-v2018q4-doc-c2772464129be191,news,unknown,False,False,False,44,106,False,False,False,95,95,False,False,False,False,152.06038287794215,133.0688391327858,30,23,30,23,1,1,27,23,22,50
globalvoices-v2018q4-d0155-a0014,globalvoices-v2018q4-doc-c2772464129be191,news,unknown,False,False,False,178,440,False,False,False,292,296,False,False,False,False,532.6586850993335,417.08657255396247,114,63,114,63,1,1,105,62,91,149
globalvoices-v2018q4-d0155-a0015,globalvoices-v2018q4-doc-c2772464129be191,news,unknown,False,False,False,32,82,False,False,False,57,59,False,False,False,False,126.72684710472822,113.88024401664734,20,14,20,14,1,1,20,14,19,30
globalvoices-v2018q4-d0155-a0016,globalvoices-v2018q4-doc-c2772464129be191,news,unknown,False,False,False,80,176,False,False,False,189,189,False,False,False,False,286.97982657141984,254.38425690308213,48,38,48,38,1,1,43,38,43,87
globalvoices-v2018q4-d0155-a0017,globalvoices-v2018q4-doc-c2772464129be191,news,unknown,False,False,False,48,122,False,False,False,97,99,False,False,False,False,166.6063762268168,137.06001136265695,30,25,30,25,1,1,26,25,24,49
globalvoices-v2018q4-d0155-a0018,globalvoices-v2018q4-doc-c2772464129be191,news,unknown,False,False,False,72,182,False,False,False,131,131,False,False,False,False,189.1611135751009,158.11970603000373,40,26,40,26,1,1,39,25,35,67
globalvoices-v2018q4-d0155-a0019,globalvoices-v2018q4-doc-c2772464129be191,news,unknown,False,False,False,79,193,False,False,False,77,83,False,False,False,False,239.9605846151244,154.21443919837475,52,19,52,19,1,1,44,19,37,43
globalvoices-v2018q4-d0155-a0020,globalvoices-v2018q4-doc-c2772464129be191,news,unknown,False,False,False,60,124,False,False,False,107,107,False,False,False,False,250.25531618855896,131.86663480475545,33,20,33,20,1,1,33,20,31,52
globalvoices-v2018q4-d0155-a0021,globalvoices-v2018q4-doc-c2772464129be191,news,unknown,False,False,False,69,147,False,False,False,134,134,False,False,False,False,245.47935234964825,193.8314200937748,45,26,45,26,1,1,39,26,40,69
globalvoices-v2018q4-d0155-a0022,globalvoices-v2018q4-doc-c2772464129be191,news,unknown,False,False,False,49,121,False,False,False,106,106,False,False,False,False,178.31933097168803,201.7723053842783,34,23,34,23,1,1,31,23,25,55
globalvoices-v2018q4-d0155-a0023,globalvoices-v2018q4-doc-c2772464129be191,news,unknown,False,False,False,52,128,False,False,False,54,54,False,False,False,False,191.87574519589543,134.36528289318085,38,14,38,14,1,1,33,14,30,32
globalvoices-v2018q4-d0155-a0024,globalvoices-v2018q4-doc-c2772464129be191,news,unknown,False,False,False,63,135,False,False,False,152,152,False,False,False,False,258.49074088037014,266.62485736608505,40,35,40,35,1,1,35,35,37,76
globalvoices-v2018q4-d0159-a0001,globalvoices-v2018q4-doc-03d4a7a84210045a,news,unknown,False,False,False,20,48,False,False,False,52,53,False,False,False,False,104.80519299209118,96.20157122612,16,13,16,13,1,1,15,13,11,27
globalvoices-v2018q4-d0159-a0002,globalvoices-v2018q4-doc-03d4a7a84210045a,news,unknown,False,False,False,23,51,False,False,False,62,62,False,False,False,False,91.23318070173264,82.44929529726505,16,17,16,17,1,1,13,15,9,27
globalvoices-v2018q4-d0159-a0003,globalvoices-v2018q4-doc-03d4a7a84210045a,news,unknown,False,False,False,114,284,False,False,False,221,221,False,False,False,False,397.453454782255,234.2916622539051,84,50,84,50,1,1,73,47,63,112
globalvoices-v2018q4-d0159-a0004,globalvoices-v2018q4-doc-03d4a7a84210045a,news,unknown,False,False,False,82,204,False,False,False,175,175,False,False,False,False,259.90348841808736,198.60502828657627,55,33,55,33,1,1,48,33,40,90
globalvoices-v2018q4-d0159-a0005,globalvoices-v2018q4-doc-03d4a7a84210045a,news,unknown,False,False,False,22,56,False,False,False,21,21,False,False,False,False,123.7257470190525,67.99146580696106,16,6,16,6,1,1,16,6,13,13
globalvoices-v2018q4-d0159-a0006,globalvoices-v2018q4-doc-03d4a7a84210045a,news,unknown,False,False,False,51,129,False,False,False,129,129,False,False,False,False,173.34535010997206,223.31771750422195,34,31,34,31,1,1,30,31,26,67
globalvoices-v2018q4-d0159-a0007,globalvoices-v2018q4-doc-03d4a7a84210045a,news,unknown,False,False,False,44,90,False,False,False,73,73,False,False,False,False,191.90914792567492,157.82285591494292,29,19,29,19,1,1,27,18,26,37
globalvoices-v2018q4-d0159-a0008,globalvoices-v2018q4-doc-03d4a7a84210045a,news,unknown,False,False,False,91,189,False,False,False,134,134,False,False,False,False,310.67119471449405,240.22176517546177,55,35,55,35,1,1,49,35,51,69
globalvoices-v2018q4-d0159-a0009,globalvoices-v2018q4-doc-03d4a7a84210045a,news,unknown,False,False,False,37,93,False,False,False,81,81,False,False,False,False,134.69347704552638,111.86270070075987,26,19,26,19,1,1,22,19,19,36
globalvoices-v2018q4-d0159-a0010,globalvoices-v2018q4-doc-03d4a7a84210045a,news,unknown,False,False,False,124,308,False,False,False,244,244,False,False,False,False,394.2492055674083,264.79148898273706,79,53,79,53,1,1,69,53,67,108
globalvoices-v2018q4-d0159-a0011,globalvoices-v2018q4-doc-03d4a7a84210045a,news,unknown,False,False,False,20,30,False,False,False,14,14,False,False,False,False,107.75371712446211,46.05835723876953,10,5,10,5,1,1,10,5,15,10
globalvoices-v2018q4-d0159-a0012,globalvoices-v2018q4-doc-03d4a7a84210045a,news,unknown,False,False,False,26,66,False,False,False,40,40,False,False,False,False,113.43344968557358,81.92691332101822,18,8,18,8,1,1,16,8,12,22
globalvoices-v2018q4-d0159-a0013,globalvoices-v2018q4-doc-03d4a7a84210045a,news,unknown,False,False,False,52,116,False,False,False,99,99,False,False,False,False,189.2003597319126,172.10874550044537,31,26,31,26,1,1,27,24,31,49
globalvoices-v2018q4-d0159-a0014,globalvoices-v2018q4-doc-03d4a7a84210045a,news,unknown,False,False,False,18,22,False,False,False,12,12,False,False,False,False,100.17430806159972,60.998013496398926,9,6,9,6,1,1,10,6,14,9
globalvoices-v2018q4-d0159-a0015,globalvoices-v2018q4-doc-03d4a7a84210045a,news,unknown,False,False,False,57,133,False,False,False,140,142,False,False,False,False,201.39989345683716,290.6556764729321,36,36,36,36,1,1,35,34,31,74
globalvoices-v2018q4-d0159-a0016,globalvoices-v2018q4-doc-03d4a7a84210045a,news,unknown,False,False,False,109,251,False,False,False,196,196,False,False,False,False,330.1886965567246,243.30904936790463,73,40,73,40,1,1,70,41,67,107
globalvoices-v2018q4-d0159-a0017,globalvoices-v2018q4-doc-03d4a7a84210045a,news,unknown,False,False,False,27,67,False,False,False,84,84,False,False,False,False,100.0497624874115,134.99828899651766,17,20,17,20,1,1,16,20,15,42
globalvoices-v2018q4-d0159-a0018,globalvoices-v2018q4-doc-03d4a7a84210045a,news,unknown,False,False,False,23,51,False,False,False,62,62,False,False,False,False,91.23318070173264,82.44929529726505,16,17,16,17,1,1,13,15,9,27
globalvoices-v2018q4-d0169-a0001,globalvoices-v2018q4-doc-736e83537835ebd4,news,unknown,False,False,False,13,31,False,False,False,45,46,False,False,False,False,82.80772018432617,85.09058690071106,12,11,12,11,1,1,11,11,7,22
globalvoices-v2018q4-d0169-a0002,globalvoices-v2018q4-doc-736e83537835ebd4,news,unknown,False,False,False,76,184,False,False,False,163,163,False,False,False,False,295.5702750310302,163.89486768376082,50,33,50,33,1,1,48,32,42,78
globalvoices-v2018q4-d0169-a0003,globalvoices-v2018q4-doc-736e83537835ebd4,news,unknown,False,False,False,116,288,False,False,False,260,260,False,False,False,False,355.309548937832,208.28765607252717,83,50,83,50,1,1,78,50,64,121
globalvoices-v2018q4-d0169-a0004,globalvoices-v2018q4-doc-736e83537835ebd4,news,unknown,False,False,False,31,75,False,False,False,68,68,False,False,False,False,89.11142351391027,75.19681751728058,22,12,22,12,1,1,17,12,14,33
globalvoices-v2018q4-d0169-a0005,globalvoices-v2018q4-doc-736e83537835ebd4,news,unknown,False,False,False,47,107,False,False,False,117,117,False,False,False,False,196.44685252010825,134.41322056390345,33,25,33,25,1,1,30,23,24,51
globalvoices-v2018q4-d0169-a0006,globalvoices-v2018q4-doc-736e83537835ebd4,news,unknown,False,False,False,59,147,False,False,False,114,114,False,False,False,False,169.7666781693697,120.0236736536026,34,18,34,18,1,1,36,18,25,55
globalvoices-v2018q4-d0169-a0007,globalvoices-v2018q4-doc-736e83537835ebd4,news,unknown,False,False,False,155,383,False,False,False,281,281,False,False,False,False,375.1283157947473,245.4655437846668,92,51,92,51,1,1,83,51,76,134
globalvoices-v2018q4-d0169-a0008,globalvoices-v2018q4-doc-736e83537835ebd4,news,unknown,False,False,False,52,52,False,False,False,52,52,True,False,False,False,89.71198045089841,89.71198045089841,17,17,17,17,1,1,15,15,26,26
globalvoices-v2018q4-d0169-a0009,globalvoices-v2018q4-doc-736e83537835ebd4,news,unknown,False,False,False,47,47,False,False,False,49,49,True,False,False,False,77.81384147447534,80.68004802358337,17,19,17,19,1,1,17,19,26,28
globalvoices-v2018q4-d0169-a0010,globalvoices-v2018q4-doc-736e83537835ebd4,news,unknown,False,False,False,184,405,False,False,False,313,314,False,False,False,False,469.8518205745495,323.05449618422426,113,59,113,59,1,1,95,57,97,155
globalvoices-v2018q4-d0175-a0001,globalvoices-v2018q4-doc-b91a20d6bedb9f0c,news,unknown,False,False,False,30,68,False,False,False,69,70,False,False,False,False,128.24751353578176,88.34251845441759,23,20,23,20,1,1,23,18,17,32
globalvoices-v2018q4-d0175-a0002,globalvoices-v2018q4-doc-b91a20d6bedb9f0c,news,unknown,False,False,False,39,93,False,False,False,90,90,False,False,False,False,181.8536075130105,119.62790691143891,29,23,29,23,1,1,26,20,19,44
globalvoices-v2018q4-d0175-a0003,globalvoices-v2018q4-doc-b91a20d6bedb9f0c,news,unknown,False,False,False,65,159,False,False,False,88,88,False,False,False,False,230.02621250558877,120.02958971261978,53,20,53,20,1,1,45,20,34,43
globalvoices-v2018q4-d0175-a0004,globalvoices-v2018q4-doc-b91a20d6bedb9f0c,news,unknown,False,False,False,50,114,False,False,False,73,73,False,False,False,False,139.18742879130878,109.535994887352,35,22,35,22,1,1,27,19,30,39
globalvoices-v2018q4-d0175-a0005,globalvoices-v2018q4-doc-b91a20d6bedb9f0c,news,unknown,False,False,False,134,284,False,False,False,306,306,False,False,False,False,333.9494742555544,235.19286913263772,104,86,104,86,1,1,86,76,71,147
globalvoices-v2018q4-d0175-a0006,globalvoices-v2018q4-doc-b91a20d6bedb9f0c,news,unknown,False,False,False,69,159,False,False,False,125,125,False,False,False,False,218.9180392861599,112.81464260141364,52,31,52,31,1,1,46,27,33,59
globalvoices-v2018q4-d0175-a0007,globalvoices-v2018q4-doc-b91a20d6bedb9f0c,news,unknown,False,False,False,50,120,False,False,False,100,100,False,False,False,False,194.33218243904412,136.91640955075854,40,41,40,41,1,1,31,28,27,52
globalvoices-v2018q4-d0175-a0008,globalvoices-v2018q4-doc-b91a20d6bedb9f0c,news,unknown,False,False,False,47,70,False,False,False,59,60,False,False,False,False,217.04543006420135,156.83079506456852,33,26,33,26,1,1,28,23,30,38
globalvoices-v2018q4-d0175-a0009,globalvoices-v2018q4-doc-b91a20d6bedb9f0c,news,unknown,False,False,False,87,190,False,False,False,209,209,False,False,False,False,302.4201142308302,245.64743505977097,59,52,59,52,1,1,53,50,50,107
globalvoices-v2018q4-d0175-a0010,globalvoices-v2018q4-doc-b91a20d6bedb9f0c,news,unknown,False,False,False,95,197,False,False,False,277,278,False,False,False,False,300.46165434923023,345.0561335597886,64,71,64,71,1,1,56,67,50,135
globalvoices-v2018q4-d0175-a0011,globalvoices-v2018q4-doc-b91a20d6bedb9f0c,news,unknown,False,False,False,40,86,False,False,False,55,57,False,False,False,False,111.11800647713244,85.84779220819473,27,18,27,18,1,1,23,16,22,31
globalvoices-v2018q4-d0175-a0012,globalvoices-v2018q4-doc-b91a20d6bedb9f0c,news,unknown,False,False,False,22,56,False,False,False,52,54,False,False,False,False,139.47940295934677,102.53212904930116,19,12,19,12,1,1,16,12,13,27
globalvoices-v2018q4-d0175-a0013,globalvoices-v2018q4-doc-b91a20d6bedb9f0c,news,unknown,False,False,False,25,61,False,False,False,30,30,False,False,False,False,118.89677661657332,57.1924067735672,16,8,16,8,1,1,14,8,15,16
globalvoices-v2018q4-d0175-a0014,globalvoices-v2018q4-doc-b91a20d6bedb9f0c,news,unknown,False,False,False,66,150,False,False,False,136,138,False,False,False,False,219.6516930758953,190.3148431479931,42,32,42,32,1,1,40,30,34,69
globalvoices-v2018q4-d0175-a0015,globalvoices-v2018q4-doc-b91a20d6bedb9f0c,news,unknown,False,False,False,56,136,False,False,False,84,86,False,False,False,False,208.19460807647556,115.2340266406536,42,22,42,22,1,1,36,22,34,41
globalvoices-v2018q4-d0175-a0016,globalvoices-v2018q4-doc-b91a20d6bedb9f0c,news,unknown,False,False,False,21,51,False,False,False,16,16,False,False,False,False,72.6017279624939,40.31231212615967,11,4,11,4,1,1,11,4,11,7
globalvoices-v2018q4-d0175-a0017,globalvoices-v2018q4-doc-b91a20d6bedb9f0c,news,unknown,False,False,False,59,143,False,False,False,107,107,False,False,False,False,220.07101476192472,151.1086943149567,43,22,43,22,1,1,38,22,34,53
globalvoices-v2018q4-d0175-a0018,globalvoices-v2018q4-doc-b91a20d6bedb9f0c,news,unknown,False,False,False,54,120,False,False,False,93,95,False,False,False,False,219.00678180158135,165.18681466579437,39,20,39,20,1,1,33,20,34,48
globalvoices-v2018q4-d0175-a0019,globalvoices-v2018q4-doc-b91a20d6bedb9f0c,news,unknown,False,False,False,69,169,False,False,False,74,74,False,False,False,False,210.3646116359159,134.02233862876892,42,20,42,20,1,1,36,20,38,40
globalvoices-v2018q4-d0175-a0020,globalvoices-v2018q4-doc-b91a20d6bedb9f0c,news,unknown,False,False,False,43,101,False,False,False,129,129,False,False,False,False,160.9190764054656,169.9556796103716,30,31,30,31,1,1,27,31,23,61
globalvoices-v2018q4-d0175-a0021,globalvoices-v2018q4-doc-b91a20d6bedb9f0c,news,unknown,False,False,False,11,27,False,False,False,9,11,False,False,False,False,64.81334435939789,26.29298496246338,9,4,9,4,1,1,8,4,8,7
globalvoices-v2018q4-d0175-a0022,globalvoices-v2018q4-doc-b91a20d6bedb9f0c,news,unknown,False,False,False,36,88,False,False,False,93,95,False,False,False,False,106.71639575436711,146.57015004754066,25,21,25,21,1,1,23,21,20,45
globalvoices-v2018q4-d0175-a0023,globalvoices-v2018q4-doc-b91a20d6bedb9f0c,news,unknown,False,False,False,38,94,False,False,False,64,66,False,False,False,False,117.28404219448566,62.795902490615845,24,17,24,17,1,1,20,17,16,34
globalvoices-v2018q4-d0175-a0024,globalvoices-v2018q4-doc-b91a20d6bedb9f0c,news,unknown,False,False,False,26,64,False,False,False,60,60,False,False,False,False,107.328547000885,76.58823446184397,17,14,17,14,1,1,17,14,16,31
globalvoices-v2018q4-d0175-a0025,globalvoices-v2018q4-doc-b91a20d6bedb9f0c,news,unknown,False,False,False,77,189,False,False,False,169,175,False,False,False,False,251.73619486391544,230.26625953614712,57,39,57,39,1,1,51,39,45,86
globalvoices-v2018q4-d0175-a0026,globalvoices-v2018q4-doc-b91a20d6bedb9f0c,news,unknown,False,False,False,54,134,False,False,False,101,103,False,False,False,False,201.63881322741508,118.50909228187813,32,22,32,22,1,1,33,20,28,51
globalvoices-v2018q4-d0175-a0027,globalvoices-v2018q4-doc-b91a20d6bedb9f0c,news,unknown,False,False,False,33,83,False,False,False,66,66,False,False,False,False,145.2448384165764,121.7552328815218,20,16,20,16,1,1,18,14,15,32
globalvoices-v2018q4-d0175-a0028,globalvoices-v2018q4-doc-b91a20d6bedb9f0c,news,unknown,False,False,False,67,161,False,False,False,86,86,False,False,False,False,231.6357394456863,126.6725223660469,43,20,43,20,1,1,37,18,37,42
globalvoices-v2018q4-d0175-a0029,globalvoices-v2018q4-doc-b91a20d6bedb9f0c,news,unknown,False,False,False,42,106,False,False,False,76,76,False,False,False,False,167.93087974190712,107.80681484937668,32,16,32,16,1,1,28,16,25,38
globalvoices-v2018q4-d0175-a0030,globalvoices-v2018q4-doc-b91a20d6bedb9f0c,news,unknown,False,False,False,123,305,False,False,False,218,218,False,False,False,False,341.0325354002416,258.9326653255157,84,54,84,54,1,1,68,48,59,107
globalvoices-v2018q4-d0175-a0031,globalvoices-v2018q4-doc-b91a20d6bedb9f0c,news,unknown,False,False,False,44,82,False,False,False,86,86,False,False,False,False,149.28290233109146,128.6801933646202,24,18,24,18,1,1,22,18,23,44
globalvoices-v2018q4-d0175-a0032,globalvoices-v2018q4-doc-b91a20d6bedb9f0c,news,unknown,False,False,False,93,229,False,False,False,151,151,False,False,False,False,230.47381700668484,174.4461719840765,56,32,56,32,1,1,55,32,50,76
globalvoices-v2018q4-d0175-a0033,globalvoices-v2018q4-doc-b91a20d6bedb9f0c,news,unknown,False,False,False,64,152,False,False,False,152,152,False,False,False,False,180.3761530816555,177.93143468350172,29,36,29,36,1,1,30,36,33,75
globalvoices-v2018q4-d0175-a0034,globalvoices-v2018q4-doc-b91a20d6bedb9f0c,news,unknown,False,False,False,87,211,False,False,False,228,228,False,False,False,False,244.2053989060223,267.70063205943734,51,49,51,49,1,1,48,46,48,116
globalvoices-v2018q4-d0175-a0035,globalvoices-v2018q4-doc-b91a20d6bedb9f0c,news,unknown,False,False,False,46,114,False,False,False,94,94,False,False,False,False,140.88646371662617,126.13957244157793,30,23,30,23,1,1,30,23,28,48
globalvoices-v2018q4-d0175-a0036,globalvoices-v2018q4-doc-b91a20d6bedb9f0c,news,unknown,False,False,False,74,182,False,False,False,158,158,False,False,False,False,230.74205446615815,181.0536143183708,44,33,44,33,1,1,41,33,39,71
globalvoices-v2018q4-d0175-a0037,globalvoices-v2018q4-doc-b91a20d6bedb9f0c,news,unknown,False,False,False,119,287,False,False,False,203,203,False,False,False,False,314.1089891558513,235.52648573601616,77,51,77,51,1,1,67,49,57,104
globalvoices-v2018q4-d0175-a0038,globalvoices-v2018q4-doc-b91a20d6bedb9f0c,news,unknown,False,False,False,41,83,False,False,False,140,140,False,False,False,False,160.00881510972977,137.3112005280309,26,31,26,31,1,1,22,29,22,65
globalvoices-v2018q4-d0175-a0039,globalvoices-v2018q4-doc-b91a20d6bedb9f0c,news,unknown,False,False,False,63,157,False,False,False,143,143,False,False,False,False,259.1210117340088,183.0466583967209,43,26,43,26,1,1,42,26,35,70
globalvoices-v2018q4-d0175-a0040,globalvoices-v2018q4-doc-b91a20d6bedb9f0c,news,unknown,False,False,False,80,196,False,False,False,96,96,False,False,False,False,225.31274222652428,114.03447680175304,50,21,50,21,1,1,47,21,38,50
globalvoices-v2018q4-d0175-a0041,globalvoices-v2018q4-doc-b91a20d6bedb9f0c,news,unknown,False,False,False,45,99,False,False,False,59,59,False,False,False,False,176.4212662448408,84.25088047981262,32,14,32,14,1,1,26,13,28,31
globalvoices-v2018q4-d0175-a0042,globalvoices-v2018q4-doc-b91a20d6bedb9f0c,news,unknown,False,False,False,65,159,False,False,False,104,104,False,False,False,False,202.92658400908113,118.1254289150238,40,21,40,21,1,1,37,21,30,51
globalvoices-v2018q4-d0175-a0043,globalvoices-v2018q4-doc-b91a20d6bedb9f0c,news,unknown,False,False,False,30,72,False,False,False,46,46,False,False,False,False,100.67072972655296,68.47456228733063,15,10,15,10,1,1,15,10,16,21
globalvoices-v2018q4-d0175-a0044,globalvoices-v2018q4-doc-b91a20d6bedb9f0c,news,unknown,False,False,False,13,33,False,False,False,30,30,False,False,False,False,55.278568387031555,38.09383907914162,8,7,8,7,1,1,10,7,7,15
globalvoices-v2018q4-d0175-a0045,globalvoices-v2018q4-doc-b91a20d6bedb9f0c,news,unknown,False,False,False,66,146,False,False,False,94,94,False,False,False,False,206.32807286269963,143.30103614425752,41,22,41,22,1,1,38,20,38,45
globalvoices-v2018q4-d0175-a0046,globalvoices-v2018q4-doc-b91a20d6bedb9f0c,news,unknown,False,False,False,29,65,False,False,False,45,45,False,False,False,False,128.97993758320808,63.57748794555664,21,12,21,12,1,1,20,11,14,19
globalvoices-v2018q4-d0175-a0047,globalvoices-v2018q4-doc-b91a20d6bedb9f0c,news,unknown,False,False,False,59,143,False,False,False,181,181,False,False,False,False,233.1246262602508,170.34091602938133,50,49,50,49,1,1,43,44,31,87
globalvoices-v2018q4-d0175-a0048,globalvoices-v2018q4-doc-b91a20d6bedb9f0c,news,unknown,False,False,False,47,70,False,False,False,60,61,False,False,False,False,198.34457975625992,158.0931530147791,32,26,32,26,1,1,27,23,30,39
globalvoices-v2018q4-d0175-a0049,globalvoices-v2018q4-doc-b91a20d6bedb9f0c,news,unknown,False,False,False,98,170,False,False,False,169,169,False,False,False,False,329.07091080443934,246.313571464736,58,47,58,47,1,1,43,40,54,85
globalvoices-v2018q4-d0175-a0050,globalvoices-v2018q4-doc-b91a20d6bedb9f0c,news,unknown,False,False,False,120,276,False,False,False,216,216,False,False,False,False,387.38244004687294,273.995561536256,89,54,89,54,1,1,75,48,65,114
globalvoices-v2018q4-d0175-a0051,globalvoices-v2018q4-doc-b91a20d6bedb9f0c,news,unknown,False,False,False,21,51,False,False,False,84,84,False,False,False,False,106.90358996391296,108.10572269145632,12,18,12,18,1,1,13,16,12,43
globalvoices-v2018q4-d0175-a0052,globalvoices-v2018q4-doc-b91a20d6bedb9f0c,news,unknown,False,False,False,50,128,False,False,False,99,99,False,False,False,False,203.3427003659308,102.25551829487084,36,23,36,23,1,1,31,23,26,50
globalvoices-v2018q4-d0175-a0053,globalvoices-v2018q4-doc-b91a20d6bedb9f0c,news,unknown,False,False,False,46,118,False,False,False,103,103,False,False,False,False,177.74756556935608,127.3336826681916,34,22,34,22,1,1,29,22,26,48
globalvoices-v2018q4-d0175-a0054,globalvoices-v2018q4-doc-b91a20d6bedb9f0c,news,unknown,False,False,False,52,122,False,False,False,149,149,False,False,False,False,175.70529957860708,169.5948703289032,27,28,27,28,1,1,27,27,26,74
globalvoices-v2018q4-d0175-a0055,globalvoices-v2018q4-doc-b91a20d6bedb9f0c,news,unknown,False,False,False,211,436,False,False,False,366,367,False,False,False,False,557.2631330498261,443.8625811790116,126,84,126,84,1,1,115,81,120,176
globalvoices-v2018q4-d0175-a0056,globalvoices-v2018q4-doc-b91a20d6bedb9f0c,news,unknown,False,False,False,38,94,False,False,False,51,51,False,False,False,False,165.87742648646235,107.46408200263976,27,10,27,10,1,1,25,10,18,26
globalvoices-v2018q4-d0175-a0057,globalvoices-v2018q4-doc-b91a20d6bedb9f0c,news,unknown,False,False,False,85,203,False,False,False,167,167,False,False,False,False,252.2731422749348,211.36540653556585,65,42,65,42,1,1,59,40,47,81
globalvoices-v2018q4-d0175-a0058,globalvoices-v2018q4-doc-b91a20d6bedb9f0c,news,unknown,False,False,False,3,9,False,False,False,21,21,False,False,False,False,50.46135139465332,41.189393520355225,3,3,3,3,1,1,4,3,3,10
globalvoices-v2018q4-d0175-a0059,globalvoices-v2018q4-doc-b91a20d6bedb9f0c,news,unknown,False,False,False,24,56,False,False,False,63,63,False,False,False,False,87.88044410943985,100.63497749483211,19,15,19,15,1,1,16,13,11,34
globalvoices-v2018q4-d0175-a0060,globalvoices-v2018q4-doc-b91a20d6bedb9f0c,news,unknown,False,False,False,52,126,False,False,False,112,112,False,False,False,False,147.1756995236501,129.26259652152658,35,29,35,29,1,1,29,28,30,54
globalvoices-v2018q4-d0175-a0061,globalvoices-v2018q4-doc-b91a20d6bedb9f0c,news,unknown,False,False,False,41,99,False,False,False,65,65,False,False,False,False,130.60630203806795,70.81499543786049,31,16,31,16,1,1,24,16,20,30
globalvoices-v2018q4-d0175-a0062,globalvoices-v2018q4-doc-b91a20d6bedb9f0c,news,unknown,False,False,False,37,97,False,False,False,62,62,False,False,False,False,155.42874693125486,74.36560891655245,31,16,31,16,1,1,27,13,17,34
globalvoices-v2018q4-d0175-a0063,globalvoices-v2018q4-doc-b91a20d6bedb9f0c,news,unknown,False,False,False,47,87,False,False,False,89,89,False,False,False,False,195.8158084191382,159.65592741966248,28,21,28,21,1,1,24,19,26,41
globalvoices-v2018q4-d0178-a0001,globalvoices-v2018q4-doc-0526a07467c7e5b6,news,unknown,False,False,False,41,95,False,False,False,76,77,False,False,False,False,169.6146621783264,107.35260939598083,30,14,30,14,1,1,29,14,21,39
globalvoices-v2018q4-d0178-a0002,globalvoices-v2018q4-doc-0526a07467c7e5b6,news,unknown,False,False,False,161,329,False,False,False,237,237,False,False,False,False,345.69204321107827,202.60787540022284,92,48,92,48,1,1,87,47,78,108
globalvoices-v2018q4-d0178-a0003,globalvoices-v2018q4-doc-0526a07467c7e5b6,news,unknown,False,False,False,70,128,False,False,False,195,195,False,False,False,False,177.90665340423584,220.47185170277953,32,36,32,36,1,1,30,36,38,91
globalvoices-v2018q4-d0178-a0004,globalvoices-v2018q4-doc-0526a07467c7e5b6,news,unknown,False,False,False,95,237,False,False,False,217,217,False,False,False,False,308.23203216772527,256.69194059073925,60,43,60,43,1,1,56,45,53,106
globalvoices-v2018q4-d0178-a0005,globalvoices-v2018q4-doc-0526a07467c7e5b6,news,unknown,False,False,False,50,106,False,False,False,119,119,False,False,False,False,190.2315907308366,290.38151164725423,38,33,38,33,1,1,30,33,28,63
globalvoices-v2018q4-d0179-a0001,globalvoices-v2018q4-doc-24b93095069bbb09,news,unknown,False,False,False,25,63,False,False,False,66,67,False,False,False,False,145.81720976019278,92.62283111177383,24,14,24,14,1,1,21,14,14,28
globalvoices-v2018q4-d0179-a0002,globalvoices-v2018q4-doc-24b93095069bbb09,news,unknown,False,False,False,90,216,False,False,False,209,209,False,False,False,False,279.29083188826917,207.18028647902247,69,44,69,44,1,1,59,43,48,108
globalvoices-v2018q4-d0179-a0003,globalvoices-v2018q4-doc-24b93095069bbb09,news,unknown,False,False,False,29,67,False,False,False,57,57,False,False,False,False,126.77281080861576,64.84068655967712,24,14,24,14,1,1,17,12,15,30
globalvoices-v2018q4-d0179-a0004,globalvoices-v2018q4-doc-24b93095069bbb09,news,unknown,False,False,False,56,142,False,False,False,113,113,False,False,False,False,179.8726481795311,114.14072442054749,37,19,37,19,1,1,34,20,31,57
globalvoices-v2018q4-d0179-a0005,globalvoices-v2018q4-doc-24b93095069bbb09,news,unknown,False,False,False,4,12,False,False,False,7,7,False,False,False,False,44.43666732311249,23.138646125793457,4,2,4,2,1,1,4,2,2,5
globalvoices-v2018q4-d0179-a0006,globalvoices-v2018q4-doc-24b93095069bbb09,news,unknown,False,False,False,89,219,False,False,False,134,134,False,False,False,False,305.37962391227484,194.5411592116579,65,28,65,28,1,1,58,28,51,68
globalvoices-v2018q4-d0179-a0007,globalvoices-v2018q4-doc-24b93095069bbb09,news,unknown,False,False,False,59,117,False,False,False,80,80,False,False,False,False,238.51229229569435,181.5355509519577,37,22,37,22,1,1,32,22,32,45
globalvoices-v2018q4-d0179-a0008,globalvoices-v2018q4-doc-24b93095069bbb09,news,unknown,False,False,False,35,85,False,False,False,55,55,False,False,False,False,119.5736785903573,97.3276596814394,23,14,23,14,1,1,20,14,19,29
globalvoices-v2018q4-d0179-a0009,globalvoices-v2018q4-doc-24b93095069bbb09,news,unknown,False,False,False,69,139,False,False,False,129,129,False,False,False,False,258.2602932139416,229.64968219399452,48,36,48,36,1,1,40,33,36,70
globalvoices-v2018q4-d0179-a0010,globalvoices-v2018q4-doc-24b93095069bbb09,news,unknown,False,False,False,28,66,False,False,False,77,77,False,False,False,False,111.42206680774687,98.14212584495544,18,14,18,14,1,1,18,14,15,39
globalvoices-v2018q4-d0179-a0011,globalvoices-v2018q4-doc-24b93095069bbb09,news,unknown,False,False,False,30,76,False,False,False,45,45,False,False,False,False,127.79124382138252,94.59774243831636,21,12,21,12,1,1,19,12,16,25
globalvoices-v2018q4-d0179-a0012,globalvoices-v2018q4-doc-24b93095069bbb09,news,unknown,False,False,False,102,175,False,False,False,62,63,False,False,False,False,293.7533272728324,137.74085000529885,56,23,56,23,1,1,51,20,59,40
globalvoices-v2018q4-d0179-a0013,globalvoices-v2018q4-doc-24b93095069bbb09,news,unknown,False,False,False,88,182,False,False,True,167,171,False,False,False,False,334.4327838011086,236.98717541992664,57,39,57,39,1,1,54,35,55,88
globalvoices-v2018q4-d0179-a0014,globalvoices-v2018q4-doc-24b93095069bbb09,news,unknown,False,False,True,29,63,False,False,True,41,43,False,False,False,False,134.2631443552673,91.7593268752098,20,12,20,12,1,1,15,11,17,27
globalvoices-v2018q4-d0179-a0015,globalvoices-v2018q4-doc-24b93095069bbb09,news,unknown,False,False,False,80,156,False,False,True,133,137,False,False,False,False,301.54914111830294,190.2494336469099,53,38,53,38,1,1,46,32,43,72
globalvoices-v2018q4-d0179-a0016,globalvoices-v2018q4-doc-24b93095069bbb09,news,unknown,False,False,False,4,10,False,False,False,10,10,False,False,False,False,41.032655000686646,29.56626057624817,4,3,4,3,1,1,6,3,2,6
globalvoices-v2018q4-d0179-a0017,globalvoices-v2018q4-doc-24b93095069bbb09,news,unknown,False,False,False,58,98,False,False,True,60,62,False,False,False,False,208.98530860431492,173.7455820441246,34,21,34,21,1,1,31,20,35,39
globalvoices-v2018q4-d0179-a0018,globalvoices-v2018q4-doc-24b93095069bbb09,news,unknown,False,False,False,26,64,False,False,False,34,34,False,False,False,False,89.81401306390762,56.58156871795654,15,9,15,9,1,1,15,9,16,17
globalvoices-v2018q4-d0179-a0019,globalvoices-v2018q4-doc-24b93095069bbb09,news,unknown,False,False,False,43,93,False,False,False,46,46,False,False,False,False,161.1749204378575,106.04752397537231,36,11,36,11,1,1,29,11,24,25
globalvoices-v2018q4-d0179-a0020,globalvoices-v2018q4-doc-24b93095069bbb09,news,unknown,False,False,False,36,88,False,False,False,217,217,False,False,False,False,128.73826710972935,238.6446057409048,33,45,33,45,1,1,28,44,20,107
globalvoices-v2018q4-d0179-a0021,globalvoices-v2018q4-doc-24b93095069bbb09,news,unknown,False,False,False,59,147,False,False,False,155,155,False,False,False,False,200.09606635849923,133.4547194354236,41,28,41,28,1,1,36,27,32,77
globalvoices-v2018q4-d0179-a0022,globalvoices-v2018q4-doc-24b93095069bbb09,news,unknown,False,False,False,61,127,False,False,False,61,61,False,False,False,False,245.8554254025221,121.02170044183733,42,18,42,18,1,1,39,16,37,38
globalvoices-v2018q4-d0179-a0023,globalvoices-v2018q4-doc-24b93095069bbb09,news,unknown,False,False,False,34,82,False,False,False,51,51,False,False,False,False,112.1931277513504,72.0078159570694,23,10,23,10,1,1,21,10,18,26
globalvoices-v2018q4-d0179-a0024,globalvoices-v2018q4-doc-24b93095069bbb09,news,unknown,False,False,False,35,87,False,False,False,159,159,False,False,False,False,130.99292298033834,180.1748398821801,25,32,25,32,1,1,21,32,16,76
globalvoices-v2018q4-d0179-a0025,globalvoices-v2018q4-doc-24b93095069bbb09,news,unknown,False,False,False,71,169,False,False,False,150,150,False,False,False,False,314.694718927145,225.13183216750625,50,33,50,33,1,1,46,31,40,72
globalvoices-v2018q4-d0179-a0026,globalvoices-v2018q4-doc-24b93095069bbb09,news,unknown,False,False,False,51,125,False,False,False,97,97,False,False,False,False,188.0541984885931,97.8479930907488,39,20,39,20,1,1,36,20,27,52
globalvoices-v2018q4-d0179-a0027,globalvoices-v2018q4-doc-24b93095069bbb09,news,unknown,False,False,False,91,207,False,False,False,243,243,False,False,False,False,332.0031963288784,331.84249478485435,62,56,62,56,1,1,54,55,52,123
globalvoices-v2018q4-d0179-a0028,globalvoices-v2018q4-doc-24b93095069bbb09,news,unknown,False,False,False,42,90,False,False,False,58,58,False,False,False,False,200.31478630006313,121.316978931427,30,15,30,15,1,1,28,15,26,36
globalvoices-v2018q4-d0179-a0029,globalvoices-v2018q4-doc-24b93095069bbb09,news,unknown,False,False,False,98,220,False,False,True,149,153,False,False,False,False,344.07010549120605,234.17758063413203,64,39,64,39,1,1,60,37,50,75
globalvoices-v2018q4-d0179-a0030,globalvoices-v2018q4-doc-24b93095069bbb09,news,unknown,False,False,False,48,94,False,False,False,48,48,False,False,False,False,162.94044990465045,105.59299182891846,30,12,30,12,1,1,26,12,30,26
globalvoices-v2018q4-d0179-a0031,globalvoices-v2018q4-doc-24b93095069bbb09,news,unknown,False,False,False,31,51,False,False,False,36,36,False,False,False,False,102.05166208744048,92.40636134147644,16,13,16,13,1,1,16,13,18,22
globalvoices-v2018q4-d0179-a0032,globalvoices-v2018q4-doc-24b93095069bbb09,news,unknown,False,False,False,32,76,False,False,False,56,56,False,False,False,False,163.513529419899,90.96651881933212,29,12,29,12,1,1,24,12,20,30
globalvoices-v2018q4-d0179-a0033,globalvoices-v2018q4-doc-24b93095069bbb09,news,unknown,False,False,False,26,66,False,False,False,45,45,False,False,False,False,115.24851402454078,50.80951178073883,20,8,20,8,1,1,17,8,12,22
globalvoices-v2018q4-d0179-a0034,globalvoices-v2018q4-doc-24b93095069bbb09,news,unknown,False,False,False,89,213,False,False,False,147,147,False,False,False,False,283.59271680703387,175.58393156901002,66,32,66,32,1,1,56,32,44,72
globalvoices-v2018q4-d0179-a0035,globalvoices-v2018q4-doc-24b93095069bbb09,news,unknown,False,False,False,63,131,False,False,False,81,81,False,False,False,False,270.9503306299448,139.93529601115733,41,22,41,22,1,1,36,23,36,41
globalvoices-v2018q4-d0179-a0036,globalvoices-v2018q4-doc-24b93095069bbb09,news,unknown,False,False,False,42,110,False,False,False,75,75,False,False,False,False,165.74597798474133,91.24696886911988,28,14,28,14,1,1,24,14,23,38
globalvoices-v2018q4-d0179-a0037,globalvoices-v2018q4-doc-24b93095069bbb09,news,unknown,False,False,False,47,105,False,False,True,100,102,False,False,False,False,181.87014336884025,186.57086446136236,32,23,32,23,1,1,30,23,26,51
globalvoices-v2018q4-d0179-a0038,globalvoices-v2018q4-doc-24b93095069bbb09,news,unknown,False,False,False,50,110,False,False,True,123,127,False,False,False,False,257.25699904654175,330.83498956263065,36,44,36,44,1,1,36,41,34,66
globalvoices-v2018q4-d0179-a0039,globalvoices-v2018q4-doc-24b93095069bbb09,news,unknown,False,False,False,11,29,False,False,False,19,19,False,False,False,False,56.58313691616058,41.32205152511597,7,4,7,4,1,1,6,4,6,11
globalvoices-v2018q4-d0179-a0040,globalvoices-v2018q4-doc-24b93095069bbb09,news,unknown,False,False,False,34,70,False,False,False,58,58,False,False,False,False,175.77978694438934,124.5460005942732,25,16,25,16,1,1,22,14,22,31
globalvoices-v2018q4-d0179-a0041,globalvoices-v2018q4-doc-24b93095069bbb09,news,unknown,False,False,False,6,16,False,False,False,23,23,False,False,False,False,39.80057802051306,40.12325751781464,5,5,5,5,1,1,4,5,3,12
globalvoices-v2018q4-d0179-a0042,globalvoices-v2018q4-doc-24b93095069bbb09,news,unknown,False,False,False,12,30,False,False,False,25,25,False,False,False,False,79.5121881365776,55.10853862762451,10,4,10,4,1,1,7,4,9,13
globalvoices-v2018q4-d0179-a0043,globalvoices-v2018q4-doc-24b93095069bbb09,news,unknown,False,False,False,8,20,False,False,False,32,32,False,False,False,False,53.62718077749014,85.14305305480957,8,7,8,7,1,1,7,7,5,16
globalvoices-v2018q4-d0179-a0044,globalvoices-v2018q4-doc-24b93095069bbb09,news,unknown,False,False,False,17,39,False,False,False,34,34,False,False,False,False,83.15933334827423,80.67755341529846,11,11,11,11,1,1,11,11,9,22
globalvoices-v2018q4-d0179-a0045,globalvoices-v2018q4-doc-24b93095069bbb09,news,unknown,False,False,False,16,40,False,False,False,49,49,False,False,False,False,78.0779676437378,56.899999901652336,12,9,12,9,1,1,10,9,9,21
globalvoices-v2018q4-d0179-a0046,globalvoices-v2018q4-doc-24b93095069bbb09,news,unknown,False,False,False,27,61,False,False,False,49,49,False,False,False,False,133.6198085306678,122.87053608894348,22,14,22,14,1,1,20,14,17,25
globalvoices-v2018q4-d0181-a0001,globalvoices-v2018q4-doc-b5fcf6231b7d29e1,news,unknown,False,False,False,26,64,False,False,False,66,67,False,False,False,False,139.9045644979924,101.39354943670332,24,16,24,16,1,1,20,16,16,31
globalvoices-v2018q4-d0181-a0002,globalvoices-v2018q4-doc-b5fcf6231b7d29e1,news,unknown,False,False,False,144,346,False,False,False,303,303,False,False,False,False,422.79650817788206,290.26020708377473,121,75,121,75,1,1,105,69,88,137
globalvoices-v2018q4-d0181-a0003,globalvoices-v2018q4-doc-b5fcf6231b7d29e1,news,unknown,False,False,False,71,177,False,False,False,145,145,False,False,False,False,236.61844252049923,197.15244742110372,57,30,57,30,1,1,48,30,38,65
globalvoices-v2018q4-d0181-a0004,globalvoices-v2018q4-doc-b5fcf6231b7d29e1,news,unknown,False,False,False,182,452,False,False,False,243,243,False,False,False,False,572.0126842125319,226.95805673411817,143,54,143,54,1,1,122,51,103,121
globalvoices-v2018q4-d0181-a0005,globalvoices-v2018q4-doc-b5fcf6231b7d29e1,news,unknown,False,False,False,30,74,False,False,False,62,62,False,False,False,False,103.85822539776564,84.13968461751938,22,13,22,13,1,1,20,13,14,29
globalvoices-v2018q4-d0181-a0006,globalvoices-v2018q4-doc-b5fcf6231b7d29e1,news,unknown,False,False,False,26,48,False,False,True,55,57,False,False,False,False,116.85450983047484,117.88711214065552,12,15,12,15,1,1,13,15,16,34
globalvoices-v2018q4-d0181-a0007,globalvoices-v2018q4-doc-b5fcf6231b7d29e1,news,unknown,False,False,False,37,93,False,False,False,81,81,False,False,False,False,145.8882211484015,113.85301016643643,25,21,25,21,1,1,22,21,20,39
globalvoices-v2018q4-d0181-a0008,globalvoices-v2018q4-doc-b5fcf6231b7d29e1,news,unknown,False,False,False,42,102,False,False,False,30,30,False,False,False,False,128.55023613385856,77.71062541007996,32,9,32,9,1,1,26,9,22,16
globalvoices-v2018q4-d0181-a0009,globalvoices-v2018q4-doc-b5fcf6231b7d29e1,news,unknown,False,False,False,43,105,False,False,False,87,87,False,False,False,False,127.84827625751495,96.89248436689375,25,17,25,17,1,1,24,17,25,43
globalvoices-v2018q4-d0181-a0010,globalvoices-v2018q4-doc-b5fcf6231b7d29e1,news,unknown,False,False,False,45,111,False,False,False,93,93,False,False,False,False,200.41269057430327,131.29374065995216,31,20,31,20,1,1,31,19,25,46
globalvoices-v2018q4-d0181-a0011,globalvoices-v2018q4-doc-b5fcf6231b7d29e1,news,unknown,False,False,False,30,74,False,False,False,68,68,False,False,False,False,113.77557849418372,109.44496190547945,19,14,19,14,1,1,19,14,20,34
globalvoices-v2018q4-d0181-a0012,globalvoices-v2018q4-doc-b5fcf6231b7d29e1,news,unknown,False,False,False,20,50,False,False,False,57,57,False,False,False,False,93.24986191093922,83.48686278238893,14,12,14,12,1,1,15,12,14,30
globalvoices-v2018q4-d0181-a0013,globalvoices-v2018q4-doc-b5fcf6231b7d29e1,news,unknown,False,False,False,58,146,False,False,False,130,130,False,False,False,False,186.0319822530728,153.88083213567734,41,25,41,25,1,1,34,25,33,61
globalvoices-v2018q4-d0181-a0014,globalvoices-v2018q4-doc-b5fcf6231b7d29e1,news,unknown,False,False,False,53,117,False,False,False,132,132,False,False,False,False,194.3175062984228,172.49161556363106,33,28,33,28,1,1,30,28,31,65
globalvoices-v2018q4-d0181-a0015,globalvoices-v2018q4-doc-b5fcf6231b7d29e1,news,unknown,False,False,False,26,64,False,False,False,106,106,False,False,False,False,113.69349457323553,131.82972320914268,19,22,19,22,1,1,14,21,14,51
globalvoices-v2018q4-d0181-a0016,globalvoices-v2018q4-doc-b5fcf6231b7d29e1,news,unknown,False,False,False,1,1,False,False,False,47,47,True,False,False,False,18.394546508789062,71.3153808414936,1,9,1,9,1,1,1,9,1,25
globalvoices-v2018q4-d0192-a0001,globalvoices-v2018q4-doc-5c0274121be52196,news,unknown,False,False,False,25,61,False,False,False,61,62,False,False,False,False,134.9453292042017,118.48575401306152,18,12,18,12,1,1,15,12,13,27
globalvoices-v2018q4-d0192-a0002,globalvoices-v2018q4-doc-5c0274121be52196,news,unknown,False,False,False,131,289,False,False,False,222,222,False,False,False,False,541.807869464159,251.7409466598183,90,56,90,56,1,1,85,55,83,112
globalvoices-v2018q4-d0192-a0003,globalvoices-v2018q4-doc-5c0274121be52196,news,unknown,False,False,False,70,150,False,False,False,176,176,False,False,False,False,215.0156155293807,122.45163252484052,49,37,49,37,1,1,45,36,44,91
globalvoices-v2018q4-d0192-a0004,globalvoices-v2018q4-doc-5c0274121be52196,news,unknown,False,False,False,38,76,False,False,False,37,37,False,False,False,False,137.4515431150794,81.79664421454072,20,9,20,9,1,1,20,9,23,19
globalvoices-v2018q4-d0192-a0005,globalvoices-v2018q4-doc-5c0274121be52196,news,unknown,False,False,False,115,275,False,False,False,208,208,False,False,False,False,420.5123695828952,234.26200333051383,79,45,79,45,1,1,72,43,69,99
globalvoices-v2018q4-d0192-a0006,globalvoices-v2018q4-doc-5c0274121be52196,news,unknown,False,False,False,20,50,False,False,False,41,41,False,False,False,False,73.60333889722824,58.07219362258911,13,6,13,6,1,1,11,6,12,18
globalvoices-v2018q4-d0192-a0007,globalvoices-v2018q4-doc-5c0274121be52196,news,unknown,False,False,False,55,127,False,False,False,84,84,False,False,False,False,175.04352152603678,124.36219918727876,35,18,35,18,1,1,25,18,25,40
globalvoices-v2018q4-d0192-a0008,globalvoices-v2018q4-doc-5c0274121be52196,news,unknown,False,False,False,36,66,False,False,False,42,42,False,False,False,False,116.959284581244,92.0916976928711,17,9,17,9,1,1,15,9,21,24
globalvoices-v2018q4-d0192-a0009,globalvoices-v2018q4-doc-5c0274121be52196,news,unknown,False,False,False,117,257,False,False,False,213,213,False,False,False,False,324.11190089792944,117.55777840134397,71,42,71,42,1,1,69,42,62,103
globalvoices-v2018q4-d0192-a0010,globalvoices-v2018q4-doc-5c0274121be52196,news,unknown,False,False,False,106,228,False,False,False,192,192,False,False,False,False,312.90634306520224,186.01017147954553,69,50,69,50,1,1,62,45,53,89
globalvoices-v2018q4-d0192-a0011,globalvoices-v2018q4-doc-5c0274121be52196,news,unknown,False,False,False,55,135,False,False,False,160,160,False,False,False,False,279.47090944601223,190.68056818842888,45,38,45,38,1,1,43,37,33,74
globalvoices-v2018q4-d0192-a0012,globalvoices-v2018q4-doc-5c0274121be52196,news,unknown,False,False,False,87,209,False,False,False,426,426,False,False,False,False,330.653317470802,490.3098330670037,69,107,69,107,1,1,59,98,43,203
globalvoices-v2018q4-d0192-a0013,globalvoices-v2018q4-doc-5c0274121be52196,news,unknown,False,False,False,34,84,False,False,False,109,109,False,False,False,False,128.27163804788142,126.70910334587096,26,19,26,19,1,1,22,19,19,49
globalvoices-v2018q4-d0192-a0014,globalvoices-v2018q4-doc-5c0274121be52196,news,unknown,False,False,False,96,230,False,False,False,141,141,False,False,False,False,416.6625865078531,185.26554924994707,72,32,72,32,1,1,65,32,57,65
globalvoices-v2018q4-d0192-a0015,globalvoices-v2018q4-doc-5c0274121be52196,news,unknown,False,False,False,51,125,False,False,False,111,111,False,False,False,False,163.22801743564196,228.45113103091717,30,34,30,34,1,1,26,34,27,65
globalvoices-v2018q4-d0192-a0016,globalvoices-v2018q4-doc-5c0274121be52196,news,unknown,False,False,False,54,132,False,False,False,135,135,False,False,False,False,266.54871508665383,271.9321447807597,41,37,41,37,1,1,37,39,30,77
globalvoices-v2018q4-d0192-a0017,globalvoices-v2018q4-doc-5c0274121be52196,news,unknown,False,False,False,22,52,False,False,False,72,72,False,False,False,False,89.65219143684953,169.5651879310608,18,19,18,19,1,1,15,19,11,36
globalvoices-v2018q4-d0192-a0018,globalvoices-v2018q4-doc-5c0274121be52196,news,unknown,False,False,False,47,95,False,False,False,53,53,False,False,False,False,183.68367177806795,177.6210272051394,30,22,30,22,1,1,25,22,25,36
globalvoices-v2018q4-d0192-a0019,globalvoices-v2018q4-doc-5c0274121be52196,news,unknown,False,False,False,42,42,False,False,False,89,89,True,False,False,False,141.54205428808928,180.36996844410896,16,25,16,25,1,1,16,25,27,48
globalvoices-v2018q4-d0192-a0020,globalvoices-v2018q4-doc-5c0274121be52196,news,unknown,False,False,False,32,58,False,False,False,38,38,False,False,False,False,151.31830072402954,133.99676862359047,18,17,18,17,1,1,19,16,21,27
globalvoices-v2018q4-d0192-a0021,globalvoices-v2018q4-doc-5c0274121be52196,news,unknown,False,False,False,30,70,False,False,False,56,56,False,False,False,False,132.94112436287105,83.09268927574158,19,13,19,13,1,1,16,13,16,29
globalvoices-v2018q4-d0192-a0022,globalvoices-v2018q4-doc-5c0274121be52196,news,unknown,False,False,False,40,64,False,False,False,129,129,False,False,False,False,199.46185522899032,336.167332445737,27,44,27,44,1,1,27,43,29,71
globalvoices-v2018q4-d0192-a0023,globalvoices-v2018q4-doc-5c0274121be52196,news,unknown,False,False,False,109,269,False,False,False,196,196,False,False,False,False,398.829427881632,211.40455120723345,78,42,78,42,1,1,71,41,60,96
globalvoices-v2018q4-d0192-a0024,globalvoices-v2018q4-doc-5c0274121be52196,news,unknown,False,False,False,79,197,False,False,False,160,160,False,False,False,False,358.55230639176443,184.60131604899652,60,34,60,34,1,1,53,34,43,82
globalvoices-v2018q4-d0192-a0025,globalvoices-v2018q4-doc-5c0274121be52196,news,unknown,False,False,False,95,231,False,False,False,186,186,False,False,False,False,314.30057359021157,196.96073877811432,62,38,62,38,1,1,56,37,51,94
globalvoices-v2018q4-d0193-a0001,globalvoices-v2018q4-doc-53038e697e79f17d,news,unknown,False,False,False,35,83,False,False,False,75,76,False,False,False,False,111.3367974627763,115.04793951613829,27,23,27,23,1,1,22,21,18,36
globalvoices-v2018q4-d0193-a0002,globalvoices-v2018q4-doc-53038e697e79f17d,news,unknown,False,False,False,59,145,False,False,False,127,127,False,False,False,False,174.29701546090655,98.15779738652054,42,32,42,32,1,1,36,30,31,58
globalvoices-v2018q4-d0193-a0003,globalvoices-v2018q4-doc-53038e697e79f17d,news,unknown,False,False,False,68,164,False,False,False,126,126,False,False,False,False,220.60806693229824,150.71260375157,46,25,46,25,1,1,40,25,32,59
globalvoices-v2018q4-d0193-a0004,globalvoices-v2018q4-doc-53038e697e79f17d,news,unknown,False,False,False,71,163,False,False,False,127,127,False,False,False,False,237.91573174111545,184.28477523475885,54,36,54,36,1,1,47,33,36,65
globalvoices-v2018q4-d0193-a0005,globalvoices-v2018q4-doc-53038e697e79f17d,news,unknown,False,False,False,64,150,False,False,False,82,82,False,False,False,False,194.0690515693277,141.13967154547572,44,29,44,29,1,1,40,24,38,42
globalvoices-v2018q4-d0193-a0006,globalvoices-v2018q4-doc-53038e697e79f17d,news,unknown,False,False,False,52,130,False,False,False,110,110,False,False,False,False,157.3307135105133,138.8118512928486,31,22,31,22,1,1,30,23,29,54
globalvoices-v2018q4-d0193-a0007,globalvoices-v2018q4-doc-53038e697e79f17d,news,unknown,False,False,False,38,94,False,False,False,45,45,False,False,False,False,125.77438227273524,56.350356835871935,30,11,30,11,1,1,25,11,24,22
globalvoices-v2018q4-d0193-a0008,globalvoices-v2018q4-doc-53038e697e79f17d,news,unknown,False,False,False,61,149,False,False,False,68,68,False,False,False,False,142.65300418436527,86.61266732215881,37,15,37,15,1,1,31,15,30,32
globalvoices-v2018q4-d0193-a0009,globalvoices-v2018q4-doc-53038e697e79f17d,news,unknown,False,False,False,20,52,False,False,False,29,29,False,False,False,False,71.44143665395677,47.066457986831665,14,7,14,7,1,1,11,7,9,13
globalvoices-v2018q4-d0193-a0010,globalvoices-v2018q4-doc-53038e697e79f17d,news,unknown,False,False,False,39,99,False,False,False,77,77,False,False,False,False,134.88213067053584,87.99573183059692,22,13,22,13,1,1,21,13,21,35
globalvoices-v2018q4-d0193-a0011,globalvoices-v2018q4-doc-53038e697e79f17d,news,unknown,False,False,False,128,318,False,False,False,226,226,False,False,False,False,424.2250424160157,256.2705600578338,86,41,86,41,1,1,75,42,67,109
globalvoices-v2018q4-d0193-a0012,globalvoices-v2018q4-doc-53038e697e79f17d,news,unknown,False,False,False,130,326,False,False,False,221,221,False,False,False,False,374.51803951431066,217.9773958902806,78,42,78,42,1,1,73,44,64,109
globalvoices-v2018q4-d0193-a0013,globalvoices-v2018q4-doc-53038e697e79f17d,news,unknown,False,False,False,72,176,False,False,False,159,159,False,False,False,False,261.3432389860973,195.76575566641984,55,31,55,31,1,1,44,31,38,79
globalvoices-v2018q4-d0193-a0014,globalvoices-v2018q4-doc-53038e697e79f17d,news,unknown,False,False,False,48,120,False,False,False,96,96,False,False,False,False,143.30474946461618,102.0718501918018,33,18,33,18,1,1,28,18,22,48
globalvoices-v2018q4-d0193-a0015,globalvoices-v2018q4-doc-53038e697e79f17d,news,unknown,False,False,False,55,137,False,False,False,80,80,False,False,False,False,189.83062083087864,136.46434664726257,37,20,37,20,1,1,34,20,30,41
globalvoices-v2018q4-d0193-a0016,globalvoices-v2018q4-doc-53038e697e79f17d,news,unknown,False,False,False,58,144,False,False,False,96,96,False,False,False,False,170.96328267536592,110.48851690557784,47,23,47,23,1,1,35,23,27,48
globalvoices-v2018q4-d0193-a0017,globalvoices-v2018q4-doc-53038e697e79f17d,news,unknown,False,False,False,19,49,False,False,False,45,45,False,False,False,False,98.5066841840744,49.46714973449707,14,9,14,9,1,1,12,9,8,23
globalvoices-v2018q4-d0193-a0018,globalvoices-v2018q4-doc-53038e697e79f17d,news,unknown,False,False,False,87,209,False,False,False,143,143,False,False,False,False,263.5810457682237,165.6656467393041,63,33,63,33,1,1,54,31,46,72
globalvoices-v2018q4-d0193-a0019,globalvoices-v2018q4-doc-53038e697e79f17d,news,unknown,False,False,False,43,107,False,False,False,101,101,False,False,False,False,153.13374078273773,115.86558881402016,27,20,27,20,1,1,24,20,21,48
globalvoices-v2018q4-d0193-a0020,globalvoices-v2018q4-doc-53038e697e79f17d,news,unknown,False,False,False,70,176,False,False,False,116,116,False,False,False,False,219.75601203087717,154.45622503757477,45,24,45,24,1,1,41,24,34,64
globalvoices-v2018q4-d0193-a0021,globalvoices-v2018q4-doc-53038e697e79f17d,news,unknown,False,False,False,24,58,False,False,False,36,36,False,False,False,False,113.2927377242595,74.46399414539337,19,10,19,10,1,1,18,9,13,18
globalvoices-v2018q4-d0193-a0022,globalvoices-v2018q4-doc-53038e697e79f17d,news,unknown,False,False,False,50,128,False,False,False,99,99,False,False,False,False,171.36912160739303,117.51254048105328,34,21,34,21,1,1,33,21,27,51
globalvoices-v2018q4-d0193-a0023,globalvoices-v2018q4-doc-53038e697e79f17d,news,unknown,False,False,False,73,177,False,False,False,136,136,False,False,False,False,210.66793223563585,168.17201229929924,55,34,55,34,1,1,46,33,42,70
globalvoices-v2018q4-d0193-a0024,globalvoices-v2018q4-doc-53038e697e79f17d,news,unknown,False,False,False,14,36,False,False,False,13,13,False,False,False,False,75.91816544532776,44.22944951057434,9,6,9,6,1,1,8,6,9,10
globalvoices-v2018q4-d0193-a0025,globalvoices-v2018q4-doc-53038e697e79f17d,news,unknown,False,False,False,30,74,False,False,False,62,62,False,False,False,False,112.53903543949129,91.5005898475647,20,15,20,15,1,1,17,15,15,32
globalvoices-v2018q4-d0193-a0026,globalvoices-v2018q4-doc-53038e697e79f17d,news,unknown,False,False,False,57,143,False,False,False,78,78,False,False,False,False,167.7571027232334,102.56978957355022,31,17,31,17,1,1,31,17,30,37
globalvoices-v2018q4-d0193-a0027,globalvoices-v2018q4-doc-53038e697e79f17d,news,unknown,False,False,False,33,83,False,False,False,61,61,False,False,False,False,84.81997993774712,79.00773757696152,20,12,20,12,1,1,18,12,14,29
globalvoices-v2018q4-d0193-a0028,globalvoices-v2018q4-doc-53038e697e79f17d,news,unknown,False,False,False,60,146,False,False,False,106,106,False,False,False,False,192.53592611430213,168.1075640320778,40,23,40,23,1,1,37,23,32,56
globalvoices-v2018q4-d0193-a0029,globalvoices-v2018q4-doc-53038e697e79f17d,news,unknown,False,False,False,35,89,False,False,False,69,69,False,False,False,False,127.54707172513008,77.97595489025116,24,13,24,13,1,1,21,13,18,38
globalvoices-v2018q4-d0193-a0030,globalvoices-v2018q4-doc-53038e697e79f17d,news,unknown,False,False,False,117,297,False,False,False,320,320,False,False,False,False,479.1652561817318,343.870575154433,89,66,89,66,1,1,86,66,68,167
globalvoices-v2018q4-d0193-a0031,globalvoices-v2018q4-doc-53038e697e79f17d,news,unknown,False,False,False,92,220,False,False,False,169,169,False,False,False,False,269.27108478499576,194.38639188883823,72,36,72,36,1,1,62,34,46,83
globalvoices-v2018q4-d0195-a0001,globalvoices-v2018q4-doc-8d89db822d12a2b6,news,unknown,False,False,False,19,49,False,False,False,54,55,False,False,False,False,88.53176227211952,93.35771679878236,14,10,14,10,1,1,13,10,8,27
globalvoices-v2018q4-d0195-a0002,globalvoices-v2018q4-doc-8d89db822d12a2b6,news,unknown,False,False,False,32,66,False,False,False,65,65,False,False,False,False,120.07248690724371,87.73921880871058,23,20,23,20,1,1,19,17,13,30
globalvoices-v2018q4-d0195-a0003,globalvoices-v2018q4-doc-8d89db822d12a2b6,news,unknown,False,False,False,30,76,False,False,False,92,92,False,False,False,False,115.79654840797592,103.8819608092308,22,17,22,17,1,1,20,18,17,48
globalvoices-v2018q4-d0195-a0004,globalvoices-v2018q4-doc-8d89db822d12a2b6,news,unknown,False,False,False,82,204,False,False,False,74,74,False,False,False,False,229.78854640119243,75.86438201367855,54,14,54,14,1,1,48,14,40,35
globalvoices-v2018q4-d0195-a0005,globalvoices-v2018q4-doc-8d89db822d12a2b6,news,unknown,False,False,False,70,174,False,False,False,94,94,False,False,False,False,262.9422119720839,93.14261219650508,45,19,45,19,1,1,43,19,33,40
globalvoices-v2018q4-d0195-a0006,globalvoices-v2018q4-doc-8d89db822d12a2b6,news,unknown,False,False,False,118,282,False,False,False,182,184,False,False,False,False,418.22432893607765,187.5236254981719,87,47,87,47,1,1,73,47,61,94
globalvoices-v2018q4-d0195-a0007,globalvoices-v2018q4-doc-8d89db822d12a2b6,news,unknown,False,False,False,49,119,False,False,False,87,87,False,False,False,False,159.54805925444816,104.01843054778874,35,25,35,25,1,1,28,22,23,42
globalvoices-v2018q4-d0195-a0008,globalvoices-v2018q4-doc-8d89db822d12a2b6,news,unknown,False,False,False,30,76,False,False,False,43,43,False,False,False,False,100.80577048286796,53.06601029634476,20,11,20,11,1,1,19,10,15,24
globalvoices-v2018q4-d0195-a0009,globalvoices-v2018q4-doc-8d89db822d12a2b6,news,unknown,False,False,False,45,111,False,False,False,91,91,False,False,False,False,183.94624138623476,106.769605666399,34,19,34,19,1,1,33,19,27,39
globalvoices-v2018q4-d0195-a0010,globalvoices-v2018q4-doc-8d89db822d12a2b6,news,unknown,False,False,False,70,172,False,False,False,109,109,False,False,False,False,239.8356231575308,82.59594724327326,48,24,48,24,1,1,46,25,35,54
globalvoices-v2018q4-d0195-a0011,globalvoices-v2018q4-doc-8d89db822d12a2b6,news,unknown,False,False,False,11,23,False,False,False,114,114,False,False,False,False,68.3718472123146,132.10138088464737,11,21,11,21,1,1,9,21,6,50
globalvoices-v2018q4-d0195-a0012,globalvoices-v2018q4-doc-8d89db822d12a2b6,news,unknown,False,False,False,35,87,False,False,False,133,133,False,False,False,False,126.53351752460004,132.17462754109874,26,27,26,27,1,1,26,27,19,59
globalvoices-v2018q4-d0195-a0013,globalvoices-v2018q4-doc-8d89db822d12a2b6,news,unknown,False,False,False,73,183,False,False,False,175,175,False,False,False,False,258.8560775066726,201.34232625365257,43,37,43,37,1,1,43,35,33,81
globalvoices-v2018q4-d0195-a0014,globalvoices-v2018q4-doc-8d89db822d12a2b6,news,unknown,False,False,False,25,59,False,False,False,42,42,False,False,False,False,120.36063587665558,70.26092529296875,16,11,16,11,1,1,14,11,13,20
globalvoices-v2018q4-d0195-a0015,globalvoices-v2018q4-doc-8d89db822d12a2b6,news,unknown,False,False,False,65,157,False,False,False,118,118,False,False,False,False,156.35628481209278,104.12358465790749,42,25,42,25,1,1,37,25,35,59
globalvoices-v2018q4-d0195-a0016,globalvoices-v2018q4-doc-8d89db822d12a2b6,news,unknown,False,False,False,26,60,False,False,False,38,38,False,False,False,False,64.50708708167076,41.69689476490021,12,9,12,9,1,1,11,9,14,21
globalvoices-v2018q4-d0195-a0017,globalvoices-v2018q4-doc-8d89db822d12a2b6,news,unknown,False,False,False,52,130,False,False,False,107,107,False,False,False,False,168.78832100704312,119.0663965344429,36,20,36,20,1,1,33,21,27,49
globalvoices-v2018q4-d0195-a0018,globalvoices-v2018q4-doc-8d89db822d12a2b6,news,unknown,False,False,False,29,71,False,False,False,72,72,False,False,False,False,104.62302035093307,95.20037704706192,19,12,19,12,1,1,18,12,18,36
globalvoices-v2018q4-d0195-a0019,globalvoices-v2018q4-doc-8d89db822d12a2b6,news,unknown,False,False,False,95,239,False,False,False,208,210,False,False,False,False,256.611063497141,215.36909903213385,59,42,59,42,1,1,56,42,48,102
globalvoices-v2018q4-d0195-a0020,globalvoices-v2018q4-doc-8d89db822d12a2b6,news,unknown,False,False,False,59,149,False,False,False,96,96,False,False,False,False,217.1663616411388,107.27156852185726,41,18,41,18,1,1,39,18,30,44
globalvoices-v2018q4-d0195-a0021,globalvoices-v2018q4-doc-8d89db822d12a2b6,news,unknown,False,False,False,66,158,False,False,False,128,130,False,False,False,False,190.8314579273574,171.43042540550232,38,28,38,28,1,1,32,27,37,68
globalvoices-v2018q4-d0195-a0022,globalvoices-v2018q4-doc-8d89db822d12a2b6,news,unknown,False,False,False,63,155,False,False,False,144,144,False,False,False,False,214.22962762322277,177.9684753715992,37,25,37,25,1,1,34,25,31,64
globalvoices-v2018q4-d0195-a0023,globalvoices-v2018q4-doc-8d89db822d12a2b6,news,unknown,False,False,False,54,132,False,False,False,100,100,False,False,False,False,255.76873084157705,154.84428536891937,37,22,37,22,1,1,35,22,28,45
globalvoices-v2018q4-d0195-a0024,globalvoices-v2018q4-doc-8d89db822d12a2b6,news,unknown,False,False,False,31,77,False,False,False,69,69,False,False,False,False,173.47461706399918,108.98488062620164,21,15,21,15,1,1,20,15,17,31
globalvoices-v2018q4-d0195-a0025,globalvoices-v2018q4-doc-8d89db822d12a2b6,news,unknown,False,False,False,24,60,False,False,False,31,31,False,False,False,False,137.08601607009768,95.15680122375488,20,10,20,10,1,1,17,10,15,16
globalvoices-v2018q4-d0195-a0026,globalvoices-v2018q4-doc-8d89db822d12a2b6,news,unknown,False,False,False,19,49,False,False,False,41,41,False,False,False,False,115.97467768192293,72.91690012812614,14,7,14,7,1,1,14,7,10,19
globalvoices-v2018q4-d0195-a0027,globalvoices-v2018q4-doc-8d89db822d12a2b6,news,unknown,False,False,False,25,59,False,False,False,56,56,False,False,False,False,137.47739046812055,95.232962757349,18,12,18,12,1,1,17,14,14,26
globalvoices-v2018q4-d0195-a0028,globalvoices-v2018q4-doc-8d89db822d12a2b6,news,unknown,False,False,False,34,84,False,False,False,38,38,False,False,False,False,152.5327685624361,57.36506175994873,24,7,24,7,1,1,23,9,20,18
globalvoices-v2018q4-d0195-a0029,globalvoices-v2018q4-doc-8d89db822d12a2b6,news,unknown,False,False,False,32,78,False,False,False,73,73,False,False,False,False,158.42257991619408,132.45115274190903,21,15,21,15,1,1,20,17,16,34
globalvoices-v2018q4-d0195-a0030,globalvoices-v2018q4-doc-8d89db822d12a2b6,news,unknown,False,False,False,40,100,False,False,False,113,113,False,False,False,False,120.32383413612844,158.65325998608023,31,26,31,26,1,1,26,26,23,57
globalvoices-v2018q4-d0195-a0031,globalvoices-v2018q4-doc-8d89db822d12a2b6,news,unknown,False,False,False,33,79,False,False,False,84,84,False,False,False,False,205.46645402908325,98.46886805444956,23,18,23,18,1,1,21,19,17,39
globalvoices-v2018q4-d0195-a0032,globalvoices-v2018q4-doc-8d89db822d12a2b6,news,unknown,False,False,False,8,22,False,False,False,17,17,False,False,False,False,68.51277017593384,29.282931327819824,6,5,6,5,1,1,6,5,5,9
globalvoices-v2018q4-d0195-a0033,globalvoices-v2018q4-doc-8d89db822d12a2b6,news,unknown,False,False,False,28,70,False,False,False,70,70,False,False,False,False,171.5762754008174,170.53572231531143,24,20,24,20,1,1,19,21,16,37
globalvoices-v2018q4-d0195-a0034,globalvoices-v2018q4-doc-8d89db822d12a2b6,news,unknown,False,False,False,24,60,False,False,False,73,73,False,False,False,False,177.5575029850006,139.61477354168892,20,19,20,19,1,1,20,20,17,35
globalvoices-v2018q4-d0195-a0035,globalvoices-v2018q4-doc-8d89db822d12a2b6,news,unknown,False,False,False,36,80,False,False,False,72,72,False,False,False,False,116.30745989829302,96.26973905786872,24,15,24,15,1,1,18,15,20,38
globalvoices-v2018q4-d0195-a0036,globalvoices-v2018q4-doc-8d89db822d12a2b6,news,unknown,False,False,False,62,152,False,False,False,117,117,False,False,False,False,204.3849327981734,141.5714514553547,47,21,47,21,1,1,38,22,30,58
globalvoices-v2018q4-d0195-a0037,globalvoices-v2018q4-doc-8d89db822d12a2b6,news,unknown,False,False,False,32,66,False,False,False,65,65,False,False,False,False,120.07248690724371,87.73921880871058,23,20,23,20,1,1,19,17,13,30
globalvoices-v2018q4-d0197-a0001,globalvoices-v2018q4-doc-b898aa48643aed61,news,unknown,False,False,False,27,61,False,False,False,65,66,False,False,False,False,99.20798360742629,121.99991441890596,22,19,22,19,1,1,18,16,11,31
globalvoices-v2018q4-d0197-a0002,globalvoices-v2018q4-doc-b898aa48643aed61,news,unknown,False,False,False,37,93,False,False,False,69,69,False,False,False,False,112.18676545843482,66.14738568663597,23,12,23,12,1,1,19,12,16,26
globalvoices-v2018q4-d0197-a0003,globalvoices-v2018q4-doc-b898aa48643aed61,news,unknown,False,False,False,27,27,False,False,False,27,27,True,False,False,False,58.46578189730644,58.46578189730644,7,7,7,7,1,1,7,7,15,15
globalvoices-v2018q4-d0197-a0004,globalvoices-v2018q4-doc-b898aa48643aed61,news,unknown,False,False,False,85,85,False,False,False,87,87,True,False,False,False,150.1986717430409,153.3010998624377,26,28,26,28,1,1,26,28,50,52
globalvoices-v2018q4-d0197-a0005,globalvoices-v2018q4-doc-b898aa48643aed61,news,unknown,False,False,False,39,83,False,False,False,88,88,False,False,False,False,92.49281977675857,75.93832231685519,33,25,33,25,1,1,28,22,18,40
globalvoices-v2018q4-d0197-a0006,globalvoices-v2018q4-doc-b898aa48643aed61,news,unknown,False,False,False,66,160,False,False,False,127,131,False,False,False,False,201.0069342473289,164.58032588823698,54,31,54,31,1,1,45,29,31,57
globalvoices-v2018q4-d0197-a0007,globalvoices-v2018q4-doc-b898aa48643aed61,news,unknown,False,False,False,53,135,False,False,False,124,124,False,False,False,False,178.8034573171899,115.3882142342627,43,23,43,23,1,1,41,23,27,57
globalvoices-v2018q4-d0197-a0008,globalvoices-v2018q4-doc-b898aa48643aed61,news,unknown,False,False,False,59,143,False,False,False,133,135,False,False,False,False,172.3942636590291,124.5098128169775,43,25,43,25,1,1,36,25,30,61
globalvoices-v2018q4-d0197-a0009,globalvoices-v2018q4-doc-b898aa48643aed61,news,unknown,False,False,False,70,170,False,False,False,161,161,False,False,False,False,186.98938661348075,94.17871637362988,52,34,52,34,1,1,49,34,32,73
globalvoices-v2018q4-d0197-a0010,globalvoices-v2018q4-doc-b898aa48643aed61,news,unknown,False,False,False,79,199,False,False,False,184,186,False,False,False,False,235.23522379260157,155.71825115010142,57,30,57,30,1,1,49,31,35,96
globalvoices-v2018q4-d0197-a0011,globalvoices-v2018q4-doc-b898aa48643aed61,news,unknown,False,False,False,70,178,False,False,False,121,121,False,False,False,False,239.3636801423272,116.72302593418864,50,28,50,28,1,1,44,28,39,58
globalvoices-v2018q4-d0197-a0012,globalvoices-v2018q4-doc-b898aa48643aed61,news,unknown,False,False,False,23,53,False,False,False,95,95,False,False,False,False,105.96781635284424,123.52212619781494,17,22,17,22,1,1,15,21,14,47
globalvoices-v2018q4-d0197-a0013,globalvoices-v2018q4-doc-b898aa48643aed61,news,unknown,False,False,False,36,90,False,False,False,57,57,False,False,False,False,136.06492776423693,78.34070360660553,27,12,27,12,1,1,25,12,17,28
globalvoices-v2018q4-d0197-a0014,globalvoices-v2018q4-doc-b898aa48643aed61,news,unknown,False,False,False,104,260,False,False,False,138,138,False,False,False,False,256.3693572446937,186.3199199438095,70,27,70,27,1,1,62,27,48,70
globalvoices-v2018q4-d0197-a0015,globalvoices-v2018q4-doc-b898aa48643aed61,news,unknown,False,False,False,73,181,False,False,False,112,112,False,False,False,False,177.4660357030225,113.63892352581024,45,23,45,23,1,1,39,23,36,57
globalvoices-v2018q4-d0197-a0016,globalvoices-v2018q4-doc-b898aa48643aed61,news,unknown,False,False,False,48,90,False,False,False,59,59,False,False,False,False,183.86944559961557,113.33665157854556,28,17,28,17,1,1,26,16,29,34
globalvoices-v2018q4-d0197-a0017,globalvoices-v2018q4-doc-b898aa48643aed61,news,unknown,False,False,False,40,100,False,False,False,84,84,False,False,False,False,171.9454187466763,109.26276615262032,29,17,29,17,1,1,26,16,21,46
globalvoices-v2018q4-d0197-a0018,globalvoices-v2018q4-doc-b898aa48643aed61,news,unknown,False,False,False,24,60,False,False,False,42,42,False,False,False,False,102.35759379155934,65.9948399066925,19,12,19,12,1,1,16,12,12,23
globalvoices-v2018q4-d0197-a0019,globalvoices-v2018q4-doc-b898aa48643aed61,news,unknown,False,False,False,118,290,False,False,False,314,318,False,False,False,False,345.98788182996213,339.611710999161,75,69,75,69,1,1,66,69,61,157
globalvoices-v2018q4-d0197-a0020,globalvoices-v2018q4-doc-b898aa48643aed61,news,unknown,False,False,False,12,30,False,False,False,35,35,False,False,False,False,72.84960293769836,40.14326232671738,8,8,8,8,1,1,9,8,6,18
globalvoices-v2018q4-d0197-a0021,globalvoices-v2018q4-doc-b898aa48643aed61,news,unknown,False,False,False,50,98,False,False,False,54,54,False,False,False,False,198.53389218449593,128.86689662188292,30,19,30,19,1,1,28,18,30,29
globalvoices-v2018q4-d0197-a0022,globalvoices-v2018q4-doc-b898aa48643aed61,news,unknown,False,False,False,32,76,False,False,False,54,54,False,False,False,False,87.59063686616719,67.22869320958853,25,13,25,13,1,1,21,11,13,28
globalvoices-v2018q4-d0197-a0023,globalvoices-v2018q4-doc-b898aa48643aed61,news,unknown,False,False,False,19,39,False,False,False,32,32,False,False,False,False,83.70371425151825,60.161579847335815,12,11,12,11,1,1,10,9,9,14
globalvoices-v2018q4-d0197-a0024,globalvoices-v2018q4-doc-b898aa48643aed61,news,unknown,False,False,False,28,68,False,False,False,50,50,False,False,False,False,86.24877155665308,62.6332751698792,20,11,20,11,1,1,17,11,12,26
globalvoices-v2018q4-d0197-a0025,globalvoices-v2018q4-doc-b898aa48643aed61,news,unknown,False,False,False,13,33,False,False,False,16,16,False,False,False,False,53.79787743091583,41.598063945770264,7,4,7,4,1,1,7,4,8,10
globalvoices-v2018q4-d0197-a0026,globalvoices-v2018q4-doc-b898aa48643aed61,news,unknown,False,False,False,31,77,False,False,False,37,37,False,False,False,False,85.6421709060669,53.363806353881955,15,10,15,10,1,1,16,10,17,20
globalvoices-v2018q4-d0197-a0027,globalvoices-v2018q4-doc-b898aa48643aed61,news,unknown,False,False,False,35,87,False,False,False,70,70,False,False,False,False,125.96491706371307,82.9490775205195,22,15,22,15,1,1,23,15,20,35
globalvoices-v2018q4-d0197-a0028,globalvoices-v2018q4-doc-b898aa48643aed61,news,unknown,False,False,False,53,109,False,False,False,91,91,False,False,False,False,176.79689171165228,122.32091542333364,29,22,29,22,1,1,29,22,31,49
globalvoices-v2018q4-d0197-a0029,globalvoices-v2018q4-doc-b898aa48643aed61,news,unknown,False,False,False,36,86,False,False,False,91,91,False,False,False,False,136.4634610079229,94.44232242926957,26,22,26,22,1,1,22,21,19,41
globalvoices-v2018q4-d0197-a0030,globalvoices-v2018q4-doc-b898aa48643aed61,news,unknown,False,False,False,42,104,False,False,False,117,117,False,False,False,False,122.85529923439026,130.14836841262877,25,23,25,23,1,1,24,23,21,59
globalvoices-v2018q4-d0197-a0031,globalvoices-v2018q4-doc-b898aa48643aed61,news,unknown,False,False,False,20,50,False,False,False,15,15,False,False,False,False,69.88053587079048,37.39610958099365,13,5,13,5,1,1,11,5,10,9
globalvoices-v2018q4-d0197-a0032,globalvoices-v2018q4-doc-b898aa48643aed61,news,unknown,False,False,False,56,130,False,False,False,132,132,False,False,False,False,170.3022650857456,99.627063411579,40,24,40,24,1,1,34,24,28,60
globalvoices-v2018q4-d0197-a0033,globalvoices-v2018q4-doc-b898aa48643aed61,news,unknown,False,False,False,26,66,False,False,False,52,52,False,False,False,False,109.6041647195816,83.93690383434296,18,10,18,10,1,1,17,10,14,31
globalvoices-v2018q4-d0197-a0034,globalvoices-v2018q4-doc-b898aa48643aed61,news,unknown,False,False,False,39,97,False,False,False,63,63,False,False,False,False,118.53801246732472,65.06147527694702,26,12,26,12,1,1,22,12,17,28
globalvoices-v2018q4-d0197-a0035,globalvoices-v2018q4-doc-b898aa48643aed61,news,unknown,False,False,False,28,64,False,False,False,32,32,False,False,False,False,97.75132675468922,54.06097009778023,21,12,21,12,1,1,17,10,14,14
globalvoices-v2018q4-d0197-a0036,globalvoices-v2018q4-doc-b898aa48643aed61,news,unknown,False,False,False,23,49,False,False,False,33,33,False,False,False,False,62.67842275253497,48.12204419821501,17,13,17,13,1,1,15,11,14,17
globalvoices-v2018q4-d0197-a0037,globalvoices-v2018q4-doc-b898aa48643aed61,news,unknown,False,False,False,20,50,False,False,False,47,47,False,False,False,False,81.31840409711003,57.93633484840393,18,10,18,10,1,1,14,10,11,24
globalvoices-v2018q4-d0197-a0038,globalvoices-v2018q4-doc-b898aa48643aed61,news,unknown,False,False,False,44,110,False,False,False,84,84,False,False,False,False,122.51439193118132,96.58848029375076,30,16,30,16,1,1,25,15,24,39
globalvoices-v2018q4-d0197-a0039,globalvoices-v2018q4-doc-b898aa48643aed61,news,unknown,False,False,False,63,133,False,False,False,120,120,False,False,False,False,225.41871295124292,125.67328625917436,47,26,47,26,1,1,38,24,32,60
globalvoices-v2018q4-d0197-a0040,globalvoices-v2018q4-doc-b898aa48643aed61,news,unknown,False,False,False,16,40,False,False,False,11,11,False,False,False,False,72.45211100578308,39.3478217124939,8,5,8,5,1,1,8,4,10,7
globalvoices-v2018q4-d0197-a0041,globalvoices-v2018q4-doc-b898aa48643aed61,news,unknown,False,False,False,80,200,False,False,False,213,213,False,False,False,False,191.0693547260016,169.28523639983905,56,36,56,36,1,1,48,36,36,97
globalvoices-v2018q4-d0197-a0042,globalvoices-v2018q4-doc-b898aa48643aed61,news,unknown,False,False,False,70,154,False,False,False,107,107,False,False,False,False,229.04788318742067,151.52359840273857,49,22,49,22,1,1,44,22,37,55
globalvoices-v2018q4-d0197-a0043,globalvoices-v2018q4-doc-b898aa48643aed61,news,unknown,False,False,False,60,132,False,False,False,79,79,False,False,False,False,201.15558540800703,169.87254005670547,43,18,43,18,1,1,36,18,32,46
globalvoices-v2018q4-d0197-a0044,globalvoices-v2018q4-doc-b898aa48643aed61,news,unknown,False,False,False,37,93,False,False,False,66,66,False,False,False,False,150.13643250986934,107.7201328277588,26,12,26,12,1,1,23,12,19,34
globalvoices-v2018q4-d0197-a0045,globalvoices-v2018q4-doc-b898aa48643aed61,news,unknown,False,False,False,104,248,False,False,False,232,232,False,False,False,False,292.79603342164773,174.13274359609932,69,40,69,40,1,1,60,40,49,101
globalvoices-v2018q4-d0197-a0046,globalvoices-v2018q4-doc-b898aa48643aed61,news,unknown,False,False,False,45,103,False,False,False,72,72,False,False,False,False,145.264234688133,87.683953166008,33,16,33,16,1,1,29,16,24,36
globalvoices-v2018q4-d0218-a0001,globalvoices-v2018q4-doc-aa0a7cf379245fd3,news,unknown,False,False,False,23,57,False,False,False,71,72,False,False,False,False,104.23124152049422,152.363734126091,19,19,19,19,1,1,18,18,11,37
globalvoices-v2018q4-d0218-a0002,globalvoices-v2018q4-doc-aa0a7cf379245fd3,news,unknown,False,False,False,98,240,False,False,False,225,225,False,False,False,False,320.08212128374726,216.35236829973292,75,45,75,45,1,1,71,42,50,113
globalvoices-v2018q4-d0218-a0003,globalvoices-v2018q4-doc-aa0a7cf379245fd3,news,unknown,False,False,False,37,81,False,False,False,69,69,False,False,False,False,120.0570872295648,85.2305915550096,27,21,27,21,1,1,22,17,22,36
globalvoices-v2018q4-d0218-a0004,globalvoices-v2018q4-doc-aa0a7cf379245fd3,news,unknown,False,False,False,185,345,False,False,False,231,231,False,False,False,False,499.7851130431518,200.51609367970377,120,52,120,52,1,1,99,50,97,127
globalvoices-v2018q4-d0218-a0005,globalvoices-v2018q4-doc-aa0a7cf379245fd3,news,unknown,False,False,False,53,119,False,False,False,131,131,False,False,False,False,213.10981690138576,124.31315136462216,46,34,46,34,1,1,42,31,32,61
globalvoices-v2018q4-d0218-a0006,globalvoices-v2018q4-doc-aa0a7cf379245fd3,news,unknown,False,False,False,81,203,False,False,False,129,129,False,False,False,False,280.2470114286989,138.4302312672371,51,28,51,28,1,1,47,28,42,69
globalvoices-v2018q4-d0218-a0007,globalvoices-v2018q4-doc-aa0a7cf379245fd3,news,unknown,False,False,False,40,100,False,False,False,56,56,False,False,False,False,124.5406528711319,90.97685459256172,23,13,23,13,1,1,20,12,20,25
globalvoices-v2018q4-d0218-a0008,globalvoices-v2018q4-doc-aa0a7cf379245fd3,news,unknown,False,False,False,20,52,False,False,False,28,28,False,False,False,False,112.14206835627556,73.89886856079102,15,8,15,8,1,1,16,8,13,16
globalvoices-v2018q4-d0218-a0009,globalvoices-v2018q4-doc-aa0a7cf379245fd3,news,unknown,False,False,False,33,33,False,False,False,33,33,True,False,False,False,62.87340094242245,62.87340094242245,11,11,11,11,1,1,11,11,19,19
globalvoices-v2018q4-d0218-a0010,globalvoices-v2018q4-doc-aa0a7cf379245fd3,news,unknown,False,False,False,29,29,False,False,False,29,29,True,False,False,False,72.79848496615887,72.79848496615887,15,15,15,15,1,1,12,12,16,16
globalvoices-v2018q4-d0218-a0011,globalvoices-v2018q4-doc-aa0a7cf379245fd3,news,unknown,False,False,False,50,128,False,False,False,114,114,False,False,False,False,261.23337683081627,159.3501899219118,39,26,39,26,1,1,35,26,30,54
globalvoices-v2018q4-d0218-a0012,globalvoices-v2018q4-doc-aa0a7cf379245fd3,news,unknown,False,False,False,20,50,False,False,False,31,31,False,False,False,False,92.65413185954094,43.87085509300232,17,7,17,7,1,1,15,7,11,15
globalvoices-v2018q4-d0218-a0013,globalvoices-v2018q4-doc-aa0a7cf379245fd3,news,unknown,False,False,False,34,86,False,False,False,52,52,False,False,False,False,137.1694541517645,80.72166574001312,26,10,26,10,1,1,23,10,15,25
globalvoices-v2018q4-d0218-a0014,globalvoices-v2018q4-doc-aa0a7cf379245fd3,news,unknown,False,False,False,27,67,False,False,False,61,61,False,False,False,False,111.46065454371274,79.61141037940979,19,10,19,10,1,1,18,10,13,30
globalvoices-v2018q4-d0218-a0015,globalvoices-v2018q4-doc-aa0a7cf379245fd3,news,unknown,False,False,False,19,47,False,False,False,39,39,False,False,False,False,75.97556743444875,46.4478759765625,14,8,14,8,1,1,14,8,10,22
globalvoices-v2018q4-d0218-a0016,globalvoices-v2018q4-doc-aa0a7cf379245fd3,news,unknown,False,False,False,50,124,False,False,False,95,95,False,False,False,False,248.27026200294495,185.00021743774417,38,21,38,21,1,1,35,21,27,49
globalvoices-v2018q4-d0218-a0017,globalvoices-v2018q4-doc-aa0a7cf379245fd3,news,unknown,False,False,False,74,186,False,False,False,154,154,False,False,False,False,243.03755033481863,183.07575261592865,43,34,43,34,1,1,45,34,34,72
globalvoices-v2018q4-d0218-a0018,globalvoices-v2018q4-doc-aa0a7cf379245fd3,news,unknown,False,False,False,22,52,False,False,False,39,39,False,False,False,False,82.80116222798824,77.5798271894455,14,9,14,9,1,1,13,9,12,19
globalvoices-v2018q4-d0218-a0019,globalvoices-v2018q4-doc-aa0a7cf379245fd3,news,unknown,False,False,False,28,70,False,False,False,61,61,False,False,False,False,128.84023379161954,94.73547834157944,22,16,22,16,1,1,21,16,18,29
globalvoices-v2018q4-d0218-a0020,globalvoices-v2018q4-doc-aa0a7cf379245fd3,news,unknown,False,False,False,44,110,False,False,False,84,84,False,False,False,False,201.72483178414404,146.89590442180634,33,19,33,19,1,1,31,19,27,40
globalvoices-v2018q4-d0218-a0021,globalvoices-v2018q4-doc-aa0a7cf379245fd3,news,unknown,False,False,False,92,220,False,False,False,160,160,False,False,False,False,374.68463669903576,248.23247981071472,72,38,72,38,1,1,65,37,49,85
globalvoices-v2018q4-d0218-a0022,globalvoices-v2018q4-doc-aa0a7cf379245fd3,news,unknown,False,False,False,26,66,False,False,False,47,47,False,False,False,False,139.49954037368298,112.98420989513396,21,13,21,13,1,1,20,13,15,25
globalvoices-v2018q4-d0218-a0023,globalvoices-v2018q4-doc-aa0a7cf379245fd3,news,unknown,False,False,False,95,181,False,False,False,93,93,False,False,False,False,352.0780684798956,203.70005793869495,61,32,61,32,1,1,58,30,64,50
globalvoices-v2018q4-d0218-a0024,globalvoices-v2018q4-doc-aa0a7cf379245fd3,news,unknown,False,False,False,34,84,False,False,False,72,72,False,False,False,False,138.10540060326457,103.16308212280272,28,20,28,20,1,1,24,20,19,37
globalvoices-v2018q4-d0218-a0025,globalvoices-v2018q4-doc-aa0a7cf379245fd3,news,unknown,False,False,False,70,166,False,False,False,257,257,False,False,False,False,278.6322271162644,362.2470693159849,65,55,65,55,1,1,57,55,38,128
globalvoices-v2018q4-d0218-a0026,globalvoices-v2018q4-doc-aa0a7cf379245fd3,news,unknown,False,False,False,28,50,False,False,False,29,29,False,False,False,False,122.44064307957888,78.85705232620239,19,7,19,7,1,1,16,6,17,16
globalvoices-v2018q4-d0218-a0027,globalvoices-v2018q4-doc-aa0a7cf379245fd3,news,unknown,False,False,False,21,21,False,False,False,21,21,True,False,False,False,51.61335849761963,51.61335849761963,7,7,7,7,1,1,7,7,14,14
globalvoices-v2018q4-d0218-a0028,globalvoices-v2018q4-doc-aa0a7cf379245fd3,news,unknown,False,False,False,29,29,False,False,False,29,29,True,False,False,False,72.79848496615887,72.79848496615887,15,15,15,15,1,1,12,12,16,16
globalvoices-v2018q4-d0218-a0029,globalvoices-v2018q4-doc-aa0a7cf379245fd3,news,unknown,False,False,False,38,94,False,False,False,219,219,False,False,False,False,125.90299758454783,265.60727854818106,24,45,24,45,1,1,20,47,21,114
globalvoices-v2018q4-d0218-a0030,globalvoices-v2018q4-doc-aa0a7cf379245fd3,news,unknown,False,False,False,46,116,False,False,False,107,107,False,False,False,False,219.46672318130732,214.02786481380463,38,27,38,27,1,1,35,28,26,52
globalvoices-v2018q4-d0218-a0031,globalvoices-v2018q4-doc-aa0a7cf379245fd3,news,unknown,False,False,False,29,75,False,False,False,63,63,False,False,False,False,136.39581947028637,100.10369898378848,24,15,24,15,1,1,23,15,17,29
globalvoices-v2018q4-d0218-a0032,globalvoices-v2018q4-doc-aa0a7cf379245fd3,news,unknown,False,False,False,22,56,False,False,False,52,52,False,False,False,False,126.873537003994,56.4212566614151,18,12,18,12,1,1,15,12,13,26
globalvoices-v2018q4-d0218-a0033,globalvoices-v2018q4-doc-aa0a7cf379245fd3,news,unknown,False,False,False,39,91,False,False,False,51,51,False,False,False,False,190.25966921634972,87.53187668323517,28,15,28,15,1,1,26,13,23,29
globalvoices-v2018q4-d0218-a0034,globalvoices-v2018q4-doc-aa0a7cf379245fd3,news,unknown,False,False,False,13,33,False,False,False,21,21,False,False,False,False,62.850060790777206,40.186999559402466,9,5,9,5,1,1,9,5,7,10
globalvoices-v2018q4-d0218-a0035,globalvoices-v2018q4-doc-aa0a7cf379245fd3,news,unknown,False,False,False,45,109,False,False,False,114,114,False,False,False,False,228.41839588806033,143.34237607941031,37,24,37,24,1,1,31,24,26,59
globalvoices-v2018q4-d0218-a0036,globalvoices-v2018q4-doc-aa0a7cf379245fd3,news,unknown,False,False,False,55,135,False,False,False,106,106,False,False,False,False,197.6202210281044,207.5044606262818,38,29,38,29,1,1,35,28,29,53
globalvoices-v2018q4-d0218-a0037,globalvoices-v2018q4-doc-aa0a7cf379245fd3,news,unknown,False,False,False,37,93,False,False,False,59,59,False,False,False,False,125.78962698578836,106.91948747634888,26,15,26,15,1,1,23,15,17,31
globalvoices-v2018q4-d0218-a0038,globalvoices-v2018q4-doc-aa0a7cf379245fd3,news,unknown,False,False,False,14,36,False,False,False,30,30,False,False,False,False,77.03187027573586,62.41443729400635,9,5,9,5,1,1,8,5,9,14
globalvoices-v2018q4-d0218-a0039,globalvoices-v2018q4-doc-aa0a7cf379245fd3,news,unknown,False,False,False,33,33,False,False,False,33,33,True,False,False,False,62.87340094242245,62.87340094242245,11,11,11,11,1,1,11,11,19,19
globalvoices-v2018q4-d0218-a0040,globalvoices-v2018q4-doc-aa0a7cf379245fd3,news,unknown,False,False,False,29,29,False,False,False,29,29,True,False,False,False,72.79848496615887,72.79848496615887,15,15,15,15,1,1,12,12,16,16
globalvoices-v2018q4-d0218-a0041,globalvoices-v2018q4-doc-aa0a7cf379245fd3,news,unknown,False,False,False,58,142,False,False,False,125,125,False,False,False,False,244.4476484704064,210.99340358376503,41,27,41,27,1,1,40,26,30,60
globalvoices-v2018q4-d0218-a0042,globalvoices-v2018q4-doc-aa0a7cf379245fd3,news,unknown,False,False,False,6,8,False,False,False,7,7,False,False,False,False,65.2254467010498,50.41577243804931,4,4,4,4,1,1,3,3,4,5
globalvoices-v2018q4-d0218-a0043,globalvoices-v2018q4-doc-aa0a7cf379245fd3,news,unknown,False,False,False,22,56,False,False,False,36,36,False,False,False,False,88.22176204621792,83.23762059211731,17,10,17,10,1,1,17,10,14,18
globalvoices-v2018q4-d0218-a0044,globalvoices-v2018q4-doc-aa0a7cf379245fd3,news,unknown,False,False,False,17,41,False,False,False,31,31,False,False,False,False,90.44589388370514,61.19054412841797,12,8,12,8,1,1,12,8,12,17
globalvoices-v2018q4-d0218-a0045,globalvoices-v2018q4-doc-aa0a7cf379245fd3,news,unknown,False,False,False,34,84,False,False,False,54,54,False,False,False,False,92.81808358430862,74.44934630393982,19,9,19,9,1,1,17,9,19,25
globalvoices-v2018q4-d0218-a0046,globalvoices-v2018q4-doc-aa0a7cf379245fd3,news,unknown,False,False,False,31,77,False,False,False,57,57,False,False,False,False,86.44640605151653,76.57434618473053,21,11,21,11,1,1,18,11,15,25
globalvoices-v2018q4-d0218-a0047,globalvoices-v2018q4-doc-aa0a7cf379245fd3,news,unknown,False,False,False,27,67,False,False,False,34,34,False,False,False,False,148.22668692469597,72.64043946564198,18,10,18,10,1,1,16,10,16,21
globalvoices-v2018q4-d0218-a0048,globalvoices-v2018q4-doc-aa0a7cf379245fd3,news,unknown,False,False,False,31,77,False,False,False,65,65,False,False,False,False,107.91794827580452,81.52472668886185,15,13,15,13,1,1,14,13,16,32
globalvoices-v2018q4-d0218-a0049,globalvoices-v2018q4-doc-aa0a7cf379245fd3,news,unknown,False,False,False,19,47,False,False,False,38,38,False,False,False,False,93.94533604383469,53.958481311798096,11,8,11,8,1,1,11,8,11,17
globalvoices-v2018q4-d0218-a0050,globalvoices-v2018q4-doc-aa0a7cf379245fd3,news,unknown,False,False,False,25,61,False,False,False,70,70,False,False,False,False,109.13851726800203,82.15408051013947,19,12,19,12,1,1,18,12,12,32
globalvoices-v2018q4-d0218-a0051,globalvoices-v2018q4-doc-aa0a7cf379245fd3,news,unknown,False,False,False,45,109,False,False,False,74,74,False,False,False,False,116.94924595890916,115.79625260829926,23,16,23,16,1,1,21,16,24,33
globalvoices-v2018q4-d0218-a0052,globalvoices-v2018q4-doc-aa0a7cf379245fd3,news,unknown,False,False,False,50,126,False,False,False,80,80,False,False,False,False,153.66426060162485,112.83062529563904,33,18,33,18,1,1,31,18,27,42
globalvoices-v2018q4-d0218-a0053,globalvoices-v2018q4-doc-aa0a7cf379245fd3,news,unknown,False,False,False,29,71,False,False,False,36,36,False,False,False,False,85.79965281486511,60.25985908508301,17,7,17,7,1,1,17,7,15,16
globalvoices-v2018q4-d0218-a0054,globalvoices-v2018q4-doc-aa0a7cf379245fd3,news,unknown,False,False,False,21,53,False,False,False,55,55,False,False,False,False,87.67039780318737,69.00234025716782,14,9,14,9,1,1,15,9,12,22
globalvoices-v2018q4-d0218-a0055,globalvoices-v2018q4-doc-aa0a7cf379245fd3,news,unknown,False,False,False,50,126,False,False,False,108,108,False,False,False,False,146.01162680983543,114.53049838915469,29,22,29,22,1,1,27,22,25,47
globalvoices-v2018q4-d0218-a0056,globalvoices-v2018q4-doc-aa0a7cf379245fd3,news,unknown,False,False,False,20,48,False,False,False,26,26,False,False,False,False,69.11198115348816,34.98374617099762,8,6,8,6,1,1,8,6,10,16
globalvoices-v2018q4-d0218-a0057,globalvoices-v2018q4-doc-aa0a7cf379245fd3,news,unknown,False,False,False,75,179,False,False,False,150,150,False,False,False,False,241.04319581389427,210.1596281528473,49,33,49,33,1,1,46,32,37,74
globalvoices-v2018q4-d0218-a0058,globalvoices-v2018q4-doc-aa0a7cf379245fd3,news,unknown,False,False,False,50,118,False,False,False,74,74,False,False,False,False,126.8885878548026,122.77522073686124,30,20,30,20,1,1,27,18,24,33
globalvoices-v2018q4-d0218-a0059,globalvoices-v2018q4-doc-aa0a7cf379245fd3,news,unknown,False,False,False,44,100,False,False,False,74,74,False,False,False,False,136.74796694144607,115.7196352854371,25,20,25,20,1,1,24,18,19,35
globalvoices-v2018q4-d0218-a0060,globalvoices-v2018q4-doc-aa0a7cf379245fd3,news,unknown,False,False,False,43,107,False,False,False,79,79,False,False,False,False,116.43234744668008,91.78727957606316,28,15,28,15,1,1,26,15,20,37
globalvoices-v2018q4-d0218-a0061,globalvoices-v2018q4-doc-aa0a7cf379245fd3,news,unknown,False,False,False,67,165,False,False,False,129,129,False,False,False,False,285.76838408224285,229.69615870714188,53,25,53,25,1,1,43,25,38,58
globalvoices-v2018q4-d0218-a0062,globalvoices-v2018q4-doc-aa0a7cf379245fd3,news,unknown,False,False,False,42,106,False,False,False,78,78,False,False,False,False,174.0135463476181,81.4637815207243,28,15,28,15,1,1,27,15,26,40
globalvoices-v2018q4-d0224-a0001,globalvoices-v2018q4-doc-dbaac5dded087c04,news,unknown,False,False,False,49,117,False,False,False,71,72,False,False,False,False,166.08282514638267,121.16232134401798,32,18,32,18,1,1,28,14,26,35
globalvoices-v2018q4-d0224-a0002,globalvoices-v2018q4-doc-dbaac5dded087c04,news,unknown,False,False,False,95,225,False,False,False,259,261,False,False,False,False,286.7564380473468,259.0611368715763,66,52,66,52,1,1,51,51,45,125
globalvoices-v2018q4-d0224-a0003,globalvoices-v2018q4-doc-dbaac5dded087c04,news,unknown,False,False,False,47,115,False,False,False,81,85,False,False,False,False,161.26092953442276,91.46916000545023,30,15,30,15,1,1,26,15,26,41
globalvoices-v2018q4-d0224-a0004,globalvoices-v2018q4-doc-dbaac5dded087c04,news,unknown,False,False,False,8,20,False,False,False,18,18,False,False,False,False,55.20478227734566,34.545894622802734,7,3,7,3,1,1,7,3,6,8
globalvoices-v2018q4-d0224-a0005,globalvoices-v2018q4-doc-dbaac5dded087c04,news,unknown,False,False,False,61,151,False,False,False,136,136,False,False,False,False,170.8555485982215,136.52802401036024,36,26,36,26,1,1,33,26,34,64
globalvoices-v2018q4-d0224-a0006,globalvoices-v2018q4-doc-dbaac5dded087c04,news,unknown,False,False,False,81,201,False,False,False,168,168,False,False,False,False,211.08324582874775,185.37701106071472,47,30,47,30,1,1,45,29,43,80
globalvoices-v2018q4-d0224-a0007,globalvoices-v2018q4-doc-dbaac5dded087c04,news,unknown,False,False,False,62,138,False,False,False,129,129,False,False,False,False,204.39587873592973,186.11603002808988,38,25,38,25,1,1,36,24,32,64
globalvoices-v2018q4-d0224-a0008,globalvoices-v2018q4-doc-dbaac5dded087c04,news,unknown,False,False,False,49,111,False,False,False,92,92,False,False,False,False,193.25911347195503,126.53434446454048,33,18,33,18,1,1,30,18,28,46
globalvoices-v2018q4-d0224-a0009,globalvoices-v2018q4-doc-dbaac5dded087c04,news,unknown,False,False,False,12,30,False,False,False,8,8,False,False,False,False,56.42301046848297,24.50740003585815,9,3,9,3,1,1,8,3,8,6
globalvoices-v2018q4-d0224-a0010,globalvoices-v2018q4-doc-dbaac5dded087c04,news,unknown,False,False,False,108,256,False,False,False,260,262,False,False,False,False,286.7819875134155,238.28802452236417,75,64,75,64,1,1,71,59,55,122
globalvoices-v2018q4-d0224-a0011,globalvoices-v2018q4-doc-dbaac5dded087c04,news,unknown,False,False,False,55,135,False,False,False,188,190,False,False,False,False,168.77546331769554,163.92288862681016,40,37,40,37,1,1,32,37,26,93
globalvoices-v2018q4-d0224-a0012,globalvoices-v2018q4-doc-dbaac5dded087c04,news,unknown,False,False,False,36,90,False,False,False,99,99,False,False,False,False,128.59011290967464,103.33605036884546,25,19,25,19,1,1,25,19,19,49
globalvoices-v2018q4-d0224-a0013,globalvoices-v2018q4-doc-dbaac5dded087c04,news,unknown,False,False,False,61,133,False,False,False,96,96,False,False,False,False,186.3077977916546,133.80843776464462,41,19,41,19,1,1,36,19,32,50
globalvoices-v2018q4-d0224-a0014,globalvoices-v2018q4-doc-dbaac5dded087c04,news,unknown,False,False,False,63,157,False,False,False,141,141,False,False,False,False,219.851566953992,133.65048090182245,45,25,45,25,1,1,37,25,30,67
globalvoices-v2018q4-d0224-a0015,globalvoices-v2018q4-doc-dbaac5dded087c04,news,unknown,False,False,False,46,114,False,False,False,90,92,False,False,False,False,147.0616880899761,81.87135160714388,34,19,34,19,1,1,27,19,23,41
globalvoices-v2018q4-d0224-a0016,globalvoices-v2018q4-doc-dbaac5dded087c04,news,unknown,False,False,False,55,113,False,False,False,74,74,False,False,False,False,227.92498517781496,118.5699248611927,35,14,35,14,1,1,31,13,32,34
globalvoices-v2018q4-d0224-a0017,globalvoices-v2018q4-doc-dbaac5dded087c04,news,unknown,False,False,False,68,152,False,False,False,154,154,False,False,False,False,221.7972402945161,203.0139493793249,42,33,42,33,1,1,36,33,40,79
globalvoices-v2018q4-d0224-a0018,globalvoices-v2018q4-doc-dbaac5dded087c04,news,unknown,False,False,False,84,178,False,False,False,130,134,False,False,False,False,239.68853800433865,198.4985510124825,54,32,54,32,1,1,44,31,45,69
globalvoices-v2018q4-d0224-a0019,globalvoices-v2018q4-doc-dbaac5dded087c04,news,unknown,False,False,False,39,77,False,False,False,143,143,False,False,False,False,210.59954327344897,206.35205014795065,26,31,26,31,1,1,24,30,24,66
globalvoices-v2018q4-d0224-a0020,globalvoices-v2018q4-doc-dbaac5dded087c04,news,unknown,False,False,False,50,126,False,False,False,53,57,False,False,False,False,165.36557614710182,134.5729479789734,30,14,30,14,1,1,31,15,28,28
globalvoices-v2018q4-d0224-a0021,globalvoices-v2018q4-doc-dbaac5dded087c04,news,unknown,False,False,False,59,149,False,False,False,137,137,False,False,False,False,225.51119060860947,156.43044295255095,45,24,45,24,1,1,39,24,31,67
globalvoices-v2018q4-d0224-a0022,globalvoices-v2018q4-doc-dbaac5dded087c04,news,unknown,False,False,False,101,245,False,False,False,356,356,False,False,False,False,325.88092234311625,303.59100010525435,69,61,69,61,1,1,61,63,52,165
globalvoices-v2018q4-d0224-a0023,globalvoices-v2018q4-doc-dbaac5dded087c04,news,unknown,False,False,False,36,88,False,False,False,121,121,False,False,False,False,125.20030453801157,97.14039296656848,22,24,22,24,1,1,19,24,17,58
globalvoices-v2018q4-d0224-a0024,globalvoices-v2018q4-doc-dbaac5dded087c04,news,unknown,False,False,False,39,77,False,False,False,83,83,False,False,False,False,131.88171019032598,139.82937896251678,27,17,27,17,1,1,22,17,23,37
globalvoices-v2018q4-d0224-a0025,globalvoices-v2018q4-doc-dbaac5dded087c04,news,unknown,False,False,False,98,234,False,False,False,149,149,False,False,False,False,297.7019685804844,176.43061709403992,54,32,54,32,1,1,52,32,53,76
globalvoices-v2018q4-d0224-a0026,globalvoices-v2018q4-doc-dbaac5dded087c04,news,unknown,False,False,False,55,127,False,False,False,64,64,False,False,False,False,199.0427338667214,121.94091248512268,37,14,37,14,1,1,32,14,30,32
globalvoices-v2018q4-d0224-a0027,globalvoices-v2018q4-doc-dbaac5dded087c04,news,unknown,False,False,False,35,87,False,False,False,55,55,False,False,False,False,123.21747753676028,84.81650191545486,25,12,25,12,1,1,20,11,16,33
globalvoices-v2018q4-d0224-a0028,globalvoices-v2018q4-doc-dbaac5dded087c04,news,unknown,False,False,False,69,173,False,False,False,160,160,False,False,False,False,226.68795218877497,175.63822983205318,45,33,45,33,1,1,40,33,32,79
globalvoices-v2018q4-d0224-a0029,globalvoices-v2018q4-doc-dbaac5dded087c04,news,unknown,False,False,False,23,57,False,False,False,30,30,False,False,False,False,109.8469825941138,54.485595703125,19,7,19,7,1,1,17,7,11,17
globalvoices-v2018q4-d0233-a0001,globalvoices-v2018q4-doc-ac781d1dea1f2aa5,news,unknown,False,False,False,23,59,False,False,False,62,63,False,False,False,False,94.40417415974662,89.13940303400159,18,14,18,14,1,1,16,13,13,31
globalvoices-v2018q4-d0233-a0002,globalvoices-v2018q4-doc-ac781d1dea1f2aa5,news,unknown,False,False,False,65,163,False,False,False,136,136,False,False,False,False,211.9733707155101,154.53677125275135,51,29,51,29,1,1,43,30,33,69
globalvoices-v2018q4-d0233-a0003,globalvoices-v2018q4-doc-ac781d1dea1f2aa5,news,unknown,False,False,False,84,204,False,False,False,162,162,False,False,False,False,305.84593623830006,181.74032447487116,58,31,58,31,1,1,51,31,49,75
globalvoices-v2018q4-d0235-a0001,globalvoices-v2018q4-doc-482f25b36831ebaa,news,unknown,False,False,False,19,47,False,False,False,60,61,False,False,False,False,101.09834511578084,91.98657804727554,15,14,15,14,1,1,14,15,9,30
globalvoices-v2018q4-d0235-a0002,globalvoices-v2018q4-doc-482f25b36831ebaa,news,unknown,False,False,False,84,190,False,False,False,138,138,False,False,False,False,270.4649221096188,143.56674303067848,55,29,55,29,1,1,49,30,43,71
globalvoices-v2018q4-d0235-a0003,globalvoices-v2018q4-doc-482f25b36831ebaa,news,unknown,False,False,False,57,143,False,False,False,118,118,False,False,False,False,173.91408113855869,125.58049884065986,40,27,40,27,1,1,36,27,30,61
globalvoices-v2018q4-d0235-a0004,globalvoices-v2018q4-doc-482f25b36831ebaa,news,unknown,False,False,False,70,144,False,False,False,76,76,False,False,False,False,211.06497872341424,153.2764257788658,39,23,39,23,1,1,37,22,36,42
globalvoices-v2018q4-d0235-a0005,globalvoices-v2018q4-doc-482f25b36831ebaa,news,unknown,False,False,False,42,82,False,False,False,68,68,False,False,False,False,169.44925248622894,146.99494647979736,25,22,25,22,1,1,22,21,24,38
globalvoices-v2018q4-d0235-a0006,globalvoices-v2018q4-doc-482f25b36831ebaa,news,unknown,False,False,False,31,79,False,False,False,49,49,False,False,False,False,120.24788249959238,64.9702183008194,21,11,21,11,1,1,18,11,14,24
globalvoices-v2018q4-d0235-a0007,globalvoices-v2018q4-doc-482f25b36831ebaa,news,unknown,False,False,False,16,42,False,False,False,22,22,False,False,False,False,78.1269462108612,44.07601660490036,13,5,13,5,1,1,13,5,10,13
globalvoices-v2018q4-d0235-a0008,globalvoices-v2018q4-doc-482f25b36831ebaa,news,unknown,False,False,False,34,88,False,False,False,83,83,False,False,False,False,170.22252982854843,107.6028271690011,28,19,28,19,1,1,24,19,19,39
globalvoices-v2018q4-d0235-a0009,globalvoices-v2018q4-doc-482f25b36831ebaa,news,unknown,False,False,False,33,59,False,False,False,47,47,False,False,False,False,138.33951465412974,112.93287754058838,20,17,20,17,1,1,18,15,20,28
globalvoices-v2018q4-d0235-a0010,globalvoices-v2018q4-doc-482f25b36831ebaa,news,unknown,False,False,False,36,90,False,False,False,72,72,False,False,False,False,129.88934767781757,146.02773928642273,28,16,28,16,1,1,24,16,23,38
globalvoices-v2018q4-d0235-a0011,globalvoices-v2018q4-doc-482f25b36831ebaa,news,unknown,False,False,False,35,85,False,False,False,42,42,False,False,False,False,146.13820960000157,82.52175742387772,20,11,20,11,1,1,21,11,18,19
globalvoices-v2018q4-d0235-a0012,globalvoices-v2018q4-doc-482f25b36831ebaa,news,unknown,False,False,False,25,41,False,False,False,35,35,False,False,False,False,130.50567293167114,107.32033383846284,16,13,16,13,1,1,15,12,17,20
globalvoices-v2018q4-d0235-a0013,globalvoices-v2018q4-doc-482f25b36831ebaa,news,unknown,False,False,False,16,36,False,False,False,27,27,False,False,False,False,64.38523477315903,47.37986558675766,14,9,14,9,1,1,13,8,10,17
globalvoices-v2018q4-d0235-a0014,globalvoices-v2018q4-doc-482f25b36831ebaa,news,unknown,False,False,False,26,64,False,False,False,52,52,False,False,False,False,92.85105857625604,72.81742668151855,21,11,21,11,1,1,15,11,15,28
globalvoices-v2018q4-d0235-a0015,globalvoices-v2018q4-doc-482f25b36831ebaa,news,unknown,False,False,False,27,69,False,False,False,26,26,False,False,False,False,84.57482486963272,62.32740569114685,16,8,16,8,1,1,16,8,14,15
globalvoices-v2018q4-d0235-a0016,globalvoices-v2018q4-doc-482f25b36831ebaa,news,unknown,False,False,False,38,92,False,False,False,78,78,False,False,False,False,170.76066907774657,122.55381195247172,31,20,31,20,1,1,25,20,22,38
globalvoices-v2018q4-d0235-a0017,globalvoices-v2018q4-doc-482f25b36831ebaa,news,unknown,False,False,False,7,17,False,False,False,11,11,False,False,False,False,54.74199854582548,35.05861234664917,7,3,7,3,1,1,7,3,4,8
globalvoices-v2018q4-d0235-a0018,globalvoices-v2018q4-doc-482f25b36831ebaa,news,unknown,False,False,False,52,104,False,False,False,90,90,False,False,False,False,194.10346591612324,186.5330691114068,38,28,38,28,1,1,32,26,30,47
globalvoices-v2018q4-d0235-a0019,globalvoices-v2018q4-doc-482f25b36831ebaa,news,unknown,False,False,False,27,63,False,False,False,39,39,False,False,False,False,130.74086867796723,74.78342032432556,21,7,21,7,1,1,20,7,16,18
globalvoices-v2018q4-d0235-a0020,globalvoices-v2018q4-doc-482f25b36831ebaa,news,unknown,False,False,False,38,88,False,False,False,78,78,False,False,False,False,198.5138486530632,148.79201981425285,31,22,31,22,1,1,26,22,23,39
globalvoices-v2018q4-d0235-a0021,globalvoices-v2018q4-doc-482f25b36831ebaa,news,unknown,False,False,False,32,60,False,False,False,44,44,False,False,False,False,139.11874948255718,86.53463333845139,21,12,21,12,1,1,17,11,19,27
globalvoices-v2018q4-d0235-a0022,globalvoices-v2018q4-doc-482f25b36831ebaa,news,unknown,False,False,False,60,126,False,False,False,77,77,False,False,False,False,234.99397921189663,154.91417839750648,47,24,47,24,1,1,42,23,37,43
globalvoices-v2018q4-d0235-a0023,globalvoices-v2018q4-doc-482f25b36831ebaa,news,unknown,False,False,False,32,78,False,False,False,65,65,False,False,False,False,106.4504114454612,103.36918091773988,22,14,22,14,1,1,20,13,16,32
globalvoices-v2018q4-d0235-a0024,globalvoices-v2018q4-doc-482f25b36831ebaa,news,unknown,False,False,False,77,167,False,False,False,114,114,False,False,False,False,276.2498532140162,235.10716423392296,56,33,56,33,1,1,47,30,42,63
globalvoices-v2018q4-d0235-a0025,globalvoices-v2018q4-doc-482f25b36831ebaa,news,unknown,False,False,False,24,56,False,False,False,31,31,False,False,False,False,109.70156918093562,69.58687567710876,18,10,18,10,1,1,16,9,13,18
globalvoices-v2018q4-d0235-a0026,globalvoices-v2018q4-doc-482f25b36831ebaa,news,unknown,False,False,False,26,64,False,False,False,61,61,False,False,False,False,109.7795486766845,95.09530293941498,17,11,17,11,1,1,15,11,15,29
globalvoices-v2018q4-d0235-a0027,globalvoices-v2018q4-doc-482f25b36831ebaa,news,unknown,False,False,False,41,79,False,False,False,52,52,False,False,False,False,190.1922627091408,135.930042386055,25,18,25,18,1,1,22,17,25,33
globalvoices-v2018q4-d0235-a0028,globalvoices-v2018q4-doc-482f25b36831ebaa,news,unknown,False,False,False,31,75,False,False,False,56,56,False,False,False,False,120.4966150932014,104.19408592581748,19,13,19,13,1,1,20,13,19,29
globalvoices-v2018q4-d0235-a0029,globalvoices-v2018q4-doc-482f25b36831ebaa,news,unknown,False,False,False,17,43,False,False,False,35,35,False,False,False,False,71.08584579452872,57.68769818544388,14,9,14,9,1,1,13,9,10,17
globalvoices-v2018q4-d0235-a0030,globalvoices-v2018q4-doc-482f25b36831ebaa,news,unknown,False,False,False,25,61,False,False,False,38,38,False,False,False,False,92.95213617384434,69.11856722831726,18,8,18,8,1,1,14,8,13,17
globalvoices-v2018q4-d0235-a0031,globalvoices-v2018q4-doc-482f25b36831ebaa,news,unknown,False,False,False,28,48,False,False,False,44,44,False,False,False,False,98.29720725538208,93.0611110329628,17,14,17,14,1,1,15,12,18,26
globalvoices-v2018q4-d0235-a0032,globalvoices-v2018q4-doc-482f25b36831ebaa,news,unknown,False,False,False,9,21,False,False,False,15,15,False,False,False,False,62.07230472564697,43.05203676223755,6,4,6,4,1,1,7,4,6,10
globalvoices-v2018q4-d0235-a0033,globalvoices-v2018q4-doc-482f25b36831ebaa,news,unknown,False,False,False,31,75,False,False,False,39,39,False,False,False,False,160.06851169466972,88.91179668903351,25,11,25,11,1,1,24,11,21,20
globalvoices-v2018q4-d0235-a0034,globalvoices-v2018q4-doc-482f25b36831ebaa,news,unknown,False,False,False,8,18,False,False,False,19,19,False,False,False,False,48.37889909744263,49.93912959098816,6,5,6,5,1,1,6,5,6,8
globalvoices-v2018q4-d0241-a0001,globalvoices-v2018q4-doc-bdb38ed441165ceb,news,unknown,False,False,False,29,71,False,False,False,84,85,False,False,False,False,95.66120837349445,126.26659869379364,23,18,23,18,1,1,21,18,13,39
globalvoices-v2018q4-d0241-a0002,globalvoices-v2018q4-doc-bdb38ed441165ceb,news,unknown,False,False,False,63,155,False,False,False,116,116,False,False,False,False,204.8524740318535,154.14206792786717,41,21,41,21,1,1,39,21,31,56
globalvoices-v2018q4-d0241-a0003,globalvoices-v2018q4-doc-bdb38ed441165ceb,news,unknown,False,False,False,71,167,False,False,False,116,116,False,False,False,False,219.7380030314671,162.28387814667076,48,26,48,26,1,1,43,25,38,57
globalvoices-v2018q4-d0241-a0004,globalvoices-v2018q4-doc-bdb38ed441165ceb,news,unknown,False,False,False,98,224,False,False,False,184,184,False,False,False,False,284.49966836173553,261.84004268050194,68,41,68,41,1,1,62,39,54,96
globalvoices-v2018q4-d0242-a0001,globalvoices-v2018q4-doc-664d0b51e06ac9ae,news,unknown,False,False,False,32,74,False,False,False,81,82,False,False,False,False,139.80453965067863,127.12730549275877,25,18,25,18,1,1,22,17,14,40
globalvoices-v2018q4-d0242-a0002,globalvoices-v2018q4-doc-664d0b51e06ac9ae,news,unknown,False,False,False,92,228,False,False,False,218,218,False,False,False,False,271.46724497526884,219.18619286455217,63,46,63,46,1,1,60,42,46,104
globalvoices-v2018q4-d0242-a0003,globalvoices-v2018q4-doc-664d0b51e06ac9ae,news,unknown,False,False,False,73,179,False,False,False,217,217,False,False,False,False,255.65690907058888,209.64004732336616,56,41,56,41,1,1,51,43,39,106
globalvoices-v2018q4-d0242-a0004,globalvoices-v2018q4-doc-664d0b51e06ac9ae,news,unknown,False,False,False,91,225,False,False,False,182,182,False,False,False,False,270.1932167895138,218.6782977152616,65,34,65,34,1,1,56,35,43,90
globalvoices-v2018q4-d0242-a0005,globalvoices-v2018q4-doc-664d0b51e06ac9ae,news,unknown,False,False,False,133,331,False,False,False,282,282,False,False,False,False,428.4253317404655,311.32784265466034,95,60,95,60,1,1,85,58,72,137
globalvoices-v2018q4-d0242-a0006,globalvoices-v2018q4-doc-664d0b51e06ac9ae,news,unknown,False,False,False,55,141,False,False,False,113,113,False,False,False,False,180.13441873528063,147.61544721096288,42,23,42,23,1,1,37,22,26,54
globalvoices-v2018q4-d0242-a0007,globalvoices-v2018q4-doc-664d0b51e06ac9ae,news,unknown,False,False,False,64,64,False,False,False,209,209,True,False,False,False,129.9140772819519,314.65930140949786,17,52,17,52,1,1,17,51,36,110
globalvoices-v2018q4-d0242-a0008,globalvoices-v2018q4-doc-664d0b51e06ac9ae,news,unknown,False,False,False,109,217,False,False,False,221,221,False,False,False,False,351.84152276068926,304.588754854165,68,53,68,53,1,1,62,52,60,108
globalvoices-v2018q4-d0242-a0009,globalvoices-v2018q4-doc-664d0b51e06ac9ae,news,unknown,False,False,False,14,34,False,False,False,56,56,False,False,False,False,67.90636840090156,56.2423449754715,10,12,10,12,1,1,9,12,7,28
globalvoices-v2018q4-d0242-a0010,globalvoices-v2018q4-doc-664d0b51e06ac9ae,news,unknown,False,False,False,9,9,False,False,False,27,27,True,False,False,False,28.97819203138351,62.502814531326294,4,7,4,7,1,1,4,7,6,15
globalvoices-v2018q4-d0242-a0011,globalvoices-v2018q4-doc-664d0b51e06ac9ae,news,unknown,False,False,False,49,55,False,False,False,252,252,False,False,False,False,210.17196922402945,283.44620121154003,28,53,28,53,1,1,25,52,29,125
globalvoices-v2018q4-d0242-a0012,globalvoices-v2018q4-doc-664d0b51e06ac9ae,news,unknown,False,False,False,81,207,False,False,False,158,158,False,False,False,False,311.52270167320967,163.1538433432579,53,29,53,29,1,1,53,29,39,81
globalvoices-v2018q4-d0242-a0013,globalvoices-v2018q4-doc-664d0b51e06ac9ae,news,unknown,False,False,False,32,82,False,False,False,51,51,False,False,False,False,96.86245518922806,116.97794353961945,20,15,20,15,1,1,18,13,18,28
globalvoices-v2018q4-d0242-a0014,globalvoices-v2018q4-doc-664d0b51e06ac9ae,news,unknown,False,False,False,35,43,False,False,False,119,119,False,False,False,False,112.5107304660196,208.1806356906891,19,27,19,27,1,1,15,27,19,60
globalvoices-v2018q4-d0242-a0015,globalvoices-v2018q4-doc-664d0b51e06ac9ae,news,unknown,False,False,False,63,129,False,False,False,141,141,False,False,False,False,272.1996103289421,241.70818370580673,49,40,49,40,1,1,41,37,38,70
globalvoices-v2018q4-d0242-a0016,globalvoices-v2018q4-doc-664d0b51e06ac9ae,news,unknown,False,False,False,10,26,False,False,False,17,17,False,False,False,False,78.09433376789093,38.083377838134766,10,5,10,5,1,1,9,5,7,11
globalvoices-v2018q4-d0242-a0017,globalvoices-v2018q4-doc-664d0b51e06ac9ae,news,unknown,False,False,False,12,26,False,False,False,52,52,False,False,False,False,77.98054313659668,74.65055644512177,10,10,10,10,1,1,9,10,8,27
globalvoices-v2018q4-d0242-a0018,globalvoices-v2018q4-doc-664d0b51e06ac9ae,news,unknown,False,False,False,19,47,False,False,False,70,70,False,False,False,False,124.42668151855467,88.48225392401218,15,14,15,14,1,1,15,14,11,35
globalvoices-v2018q4-d0242-a0019,globalvoices-v2018q4-doc-664d0b51e06ac9ae,news,unknown,False,False,False,37,45,False,False,False,126,126,False,False,False,False,118.73106217966416,172.02450695633888,22,29,22,29,1,1,16,29,20,63
globalvoices-v2018q4-d0242-a0020,globalvoices-v2018q4-doc-664d0b51e06ac9ae,news,unknown,False,False,False,91,227,False,False,False,227,227,False,False,False,False,376.0986106263881,298.31465991865844,68,51,68,51,1,1,61,49,45,106
globalvoices-v2018q4-d0242-a0021,globalvoices-v2018q4-doc-664d0b51e06ac9ae,news,unknown,False,False,False,56,112,False,False,False,155,155,False,False,False,False,251.34033804247156,201.93945072498173,49,34,49,34,1,1,39,34,30,82
globalvoices-v2018q4-d0243-a0001,globalvoices-v2018q4-doc-5d26d58c5fd03f8f,news,unknown,False,False,False,34,76,False,False,False,98,99,False,False,False,False,142.65657571842894,160.0339699909091,30,22,30,22,1,1,26,21,16,47
globalvoices-v2018q4-d0243-a0002,globalvoices-v2018q4-doc-5d26d58c5fd03f8f,news,unknown,False,False,False,166,412,False,False,False,339,339,False,False,False,False,470.3145514908246,262.6421164702624,113,59,113,59,1,1,96,59,81,160
globalvoices-v2018q4-d0243-a0003,globalvoices-v2018q4-doc-5d26d58c5fd03f8f,news,unknown,False,False,False,149,363,False,False,False,431,431,False,False,False,False,403.7951095942408,361.87558776163496,121,85,121,85,1,1,105,83,74,208
globalvoices-v2018q4-d0243-a0004,globalvoices-v2018q4-doc-5d26d58c5fd03f8f,news,unknown,False,False,False,59,145,False,False,False,114,114,False,False,False,False,212.48779201321304,150.16560996882615,38,20,38,20,1,1,36,20,32,58
globalvoices-v2018q4-d0243-a0005,globalvoices-v2018q4-doc-5d26d58c5fd03f8f,news,unknown,False,False,False,29,69,False,False,False,184,184,False,False,False,False,134.29899430443766,204.6002416945994,26,32,26,32,1,1,22,32,13,81
globalvoices-v2018q4-d0243-a0006,globalvoices-v2018q4-doc-5d26d58c5fd03f8f,news,unknown,False,False,False,32,66,False,False,False,97,97,False,False,False,False,150.4149883184582,148.15733733400702,33,28,33,28,1,1,25,25,18,51
globalvoices-v2018q4-d0243-a0007,globalvoices-v2018q4-doc-5d26d58c5fd03f8f,news,unknown,False,False,False,25,51,False,False,False,110,110,False,False,False,False,106.49718123674393,129.63552479073405,21,30,21,30,1,1,16,27,12,52
globalvoices-v2018q4-d0243-a0008,globalvoices-v2018q4-doc-5d26d58c5fd03f8f,news,unknown,False,False,False,33,79,False,False,False,95,95,False,False,False,False,196.78905496001244,115.43346631526948,33,20,33,20,1,1,27,20,19,51
globalvoices-v2018q4-d0243-a0009,globalvoices-v2018q4-doc-5d26d58c5fd03f8f,news,unknown,False,False,False,33,41,False,False,False,126,126,False,False,False,False,103.7366169859597,175.33924958109856,20,26,20,26,1,1,16,26,18,56
globalvoices-v2018q4-d0243-a0010,globalvoices-v2018q4-doc-5d26d58c5fd03f8f,news,unknown,False,False,False,74,182,False,False,False,192,194,False,False,False,False,250.86444916552864,236.96193570736796,55,42,55,42,1,1,47,41,36,96
globalvoices-v2018q4-d0243-a0011,globalvoices-v2018q4-doc-5d26d58c5fd03f8f,news,unknown,False,False,False,49,117,False,False,False,82,82,False,False,False,False,183.91638110182248,114.33821162581444,37,17,37,17,1,1,32,16,24,44
globalvoices-v2018q4-d0243-a0012,globalvoices-v2018q4-doc-5d26d58c5fd03f8f,news,unknown,False,False,False,24,34,False,False,False,110,112,False,False,False,False,125.10634768009186,203.05138778686523,17,33,17,33,1,1,14,30,15,56
globalvoices-v2018q4-d0243-a0013,globalvoices-v2018q4-doc-5d26d58c5fd03f8f,news,unknown,False,False,False,8,20,False,False,False,30,30,False,False,False,False,78.54993891716003,73.28774404525757,9,8,9,8,1,1,7,8,5,13
globalvoices-v2018q4-d0243-a0014,globalvoices-v2018q4-doc-5d26d58c5fd03f8f,news,unknown,False,False,False,50,122,False,False,False,93,93,False,False,False,False,168.69100423436612,91.63529327511787,30,17,30,17,1,1,28,17,25,41
globalvoices-v2018q4-d0243-a0015,globalvoices-v2018q4-doc-5d26d58c5fd03f8f,news,unknown,False,False,False,63,151,False,False,False,185,185,False,False,False,False,249.5099175069481,189.88036920502785,40,37,40,37,1,1,35,37,28,93
globalvoices-v2018q4-d0243-a0016,globalvoices-v2018q4-doc-5d26d58c5fd03f8f,news,unknown,False,False,False,70,122,False,False,False,100,100,False,False,False,False,284.6333856965939,143.78674113750458,45,21,45,21,1,1,37,21,37,54
globalvoices-v2018q4-d0243-a0017,globalvoices-v2018q4-doc-5d26d58c5fd03f8f,news,unknown,False,False,False,32,54,False,False,False,102,102,False,False,False,False,200.1553975492716,144.8609220981598,26,22,26,22,1,1,23,21,21,51
globalvoices-v2018q4-d0243-a0018,globalvoices-v2018q4-doc-5d26d58c5fd03f8f,news,unknown,False,False,False,24,58,False,False,False,41,43,False,False,False,False,99.86091628670692,82.69705895613879,20,13,20,13,1,1,16,12,12,23
globalvoices-v2018q4-d0243-a0019,globalvoices-v2018q4-doc-5d26d58c5fd03f8f,news,unknown,False,False,False,30,72,False,False,False,68,68,False,False,False,False,117.95414847135544,73.92846634890884,18,15,18,15,1,1,16,15,14,33
globalvoices-v2018q4-d0243-a0020,globalvoices-v2018q4-doc-5d26d58c5fd03f8f,news,unknown,False,False,False,34,42,False,False,False,95,95,False,False,False,False,90.44582168216584,104.87868164479733,19,21,19,21,1,1,16,21,21,44
globalvoices-v2018q4-d0243-a0021,globalvoices-v2018q4-doc-5d26d58c5fd03f8f,news,unknown,False,False,False,74,182,False,False,False,191,191,False,False,False,False,241.8570013817516,239.57966644596308,58,34,58,34,1,1,50,33,35,96
globalvoices-v2018q4-d0243-a0022,globalvoices-v2018q4-doc-5d26d58c5fd03f8f,news,unknown,False,False,False,47,95,False,False,False,106,106,False,False,False,False,159.56560155004263,160.1807161271572,30,23,30,23,1,1,27,23,24,53
globalvoices-v2018q4-d0245-a0001,globalvoices-v2018q4-doc-ee785ff2de69da33,news,unknown,False,False,False,29,69,False,False,False,101,102,False,False,False,False,139.82460153661668,148.2514329329133,22,22,22,22,1,1,20,22,15,47
globalvoices-v2018q4-d0245-a0002,globalvoices-v2018q4-doc-ee785ff2de69da33,news,unknown,False,False,False,96,240,False,False,False,261,261,False,False,False,False,271.8529633701546,235.2555849980563,69,44,69,44,1,1,63,42,43,123
globalvoices-v2018q4-d0245-a0003,globalvoices-v2018q4-doc-ee785ff2de69da33,news,unknown,False,False,False,104,258,False,False,False,258,258,False,False,False,False,312.57185938348994,247.6043983811396,71,54,71,54,1,1,66,53,50,117
globalvoices-v2018q4-d0245-a0004,globalvoices-v2018q4-doc-ee785ff2de69da33,news,unknown,False,False,False,152,358,False,False,False,333,333,False,False,False,False,398.49879120546393,331.32373667741194,106,71,106,71,1,1,94,70,74,163
globalvoices-v2018q4-d0245-a0005,globalvoices-v2018q4-doc-ee785ff2de69da33,news,unknown,False,False,False,33,83,False,False,False,82,82,False,False,False,False,111.7685827575624,113.31259396672247,24,14,24,14,1,1,20,14,17,40
globalvoices-v2018q4-d0245-a0006,globalvoices-v2018q4-doc-ee785ff2de69da33,news,unknown,False,False,False,82,200,False,False,False,187,187,False,False,False,False,241.4611082780175,187.35882974497508,59,39,59,39,1,1,55,39,44,87
globalvoices-v2018q4-d0245-a0007,globalvoices-v2018q4-doc-ee785ff2de69da33,news,unknown,False,False,False,120,294,False,False,False,246,246,False,False,False,False,410.8280959799886,319.8219919279218,78,54,78,54,1,1,71,54,62,123
globalvoices-v2018q4-d0245-a0008,globalvoices-v2018q4-doc-ee785ff2de69da33,news,unknown,False,False,False,85,213,False,False,False,283,283,False,False,False,False,298.24529335298575,261.2625861717388,63,50,63,50,1,1,60,50,41,130
globalvoices-v2018q4-d0245-a0009,globalvoices-v2018q4-doc-ee785ff2de69da33,news,unknown,False,False,False,107,253,False,False,False,248,248,False,False,False,False,381.83912647049874,265.92904707137495,91,59,91,59,1,1,75,55,56,112
globalvoices-v2018q4-d0245-a0010,globalvoices-v2018q4-doc-ee785ff2de69da33,news,unknown,False,False,False,94,232,False,False,False,249,249,False,False,False,False,302.30561812547967,259.4455909478711,68,49,68,49,1,1,63,48,42,121
globalvoices-v2018q4-d0245-a0011,globalvoices-v2018q4-doc-ee785ff2de69da33,news,unknown,False,False,False,71,175,False,False,False,162,162,False,False,False,False,215.65792054962367,163.08585435617715,46,30,46,30,1,1,41,30,37,80
globalvoices-v2018q4-d0245-a0012,globalvoices-v2018q4-doc-ee785ff2de69da33,news,unknown,False,False,False,80,200,False,False,False,146,146,False,False,False,False,217.04912086203697,158.17883204994723,49,27,49,27,1,1,42,26,38,64
globalvoices-v2018q4-d0245-a0013,globalvoices-v2018q4-doc-ee785ff2de69da33,news,unknown,False,False,False,71,151,False,False,False,142,142,False,False,False,False,288.6386297540739,233.04232606757432,51,31,51,31,1,1,44,31,39,73
globalvoices-v2018q4-d0245-a0014,globalvoices-v2018q4-doc-ee785ff2de69da33,news,unknown,False,False,False,39,91,False,False,False,80,80,False,False,False,False,127.10360391030554,96.27193516492844,29,15,29,15,1,1,26,12,16,37
globalvoices-v2018q4-d0245-a0015,globalvoices-v2018q4-doc-ee785ff2de69da33,news,unknown,False,False,False,82,196,False,False,False,193,193,False,False,False,False,280.78707014396787,212.32212985306975,61,35,61,35,1,1,52,35,38,86
globalvoices-v2018q4-d0245-a0016,globalvoices-v2018q4-doc-ee785ff2de69da33,news,unknown,False,False,False,74,190,False,False,False,159,159,False,False,False,False,200.50534914527088,188.01631974428892,43,28,43,28,1,1,39,28,35,80
globalvoices-v2018q4-d0245-a0017,globalvoices-v2018q4-doc-ee785ff2de69da33,news,unknown,False,False,False,73,185,False,False,False,106,106,False,False,False,False,256.409394938848,196.0522145566065,49,27,49,27,1,1,45,27,37,51
globalvoices-v2018q4-d0245-a0018,globalvoices-v2018q4-doc-ee785ff2de69da33,news,unknown,False,False,False,15,37,False,False,False,102,102,False,False,False,False,71.62351635098457,124.43936544656754,12,24,12,24,1,1,11,24,7,52
globalvoices-v2018q4-d0245-a0019,globalvoices-v2018q4-doc-ee785ff2de69da33,news,unknown,False,False,False,42,106,False,False,False,54,54,False,False,False,False,180.91593980789185,73.2608743160963,28,13,28,13,1,1,29,13,20,24
globalvoices-v2018q4-d0245-a0020,globalvoices-v2018q4-doc-ee785ff2de69da33,news,unknown,False,False,False,82,156,False,False,False,161,161,False,False,False,False,305.7121989487641,245.43539812974632,52,33,52,33,1,1,48,33,40,86
globalvoices-v2018q4-d0245-a0021,globalvoices-v2018q4-doc-ee785ff2de69da33,news,unknown,False,False,False,1,1,False,False,False,22,22,True,False,False,False,18.394546508789062,34.959242939949036,1,5,1,5,1,1,1,5,1,12
globalvoices-v2018q4-d0245-a0022,globalvoices-v2018q4-doc-ee785ff2de69da33,news,unknown,False,False,False,35,89,False,False,False,113,113,False,False,False,False,141.5297773480415,125.32316478621216,22,24,22,24,1,1,21,24,18,57
globalvoices-v2018q4-d0245-a0023,globalvoices-v2018q4-doc-ee785ff2de69da33,news,unknown,False,False,False,16,28,False,False,False,60,60,False,False,False,False,78.24693638086319,112.92897582054138,11,15,11,15,1,1,11,15,11,32
globalvoices-v2018q4-d0245-a0024,globalvoices-v2018q4-doc-ee785ff2de69da33,news,unknown,False,False,False,46,58,False,False,False,139,139,False,False,False,False,174.0655800072709,161.91412676870823,28,27,28,27,1,1,20,27,25,68
globalvoices-v2018q4-d0245-a0025,globalvoices-v2018q4-doc-ee785ff2de69da33,news,unknown,False,False,False,29,75,False,False,False,73,73,False,False,False,False,135.0993926525116,153.87062245607376,22,18,22,18,1,1,20,18,15,40
globalvoices-v2018q4-d0245-a0026,globalvoices-v2018q4-doc-ee785ff2de69da33,news,unknown,False,False,False,130,280,False,False,False,332,332,False,False,False,False,435.8218224668235,370.2254451960325,92,62,92,62,1,1,80,62,69,153
globalvoices-v2018q4-d0245-a0027,globalvoices-v2018q4-doc-ee785ff2de69da33,news,unknown,False,False,False,79,199,False,False,False,188,188,False,False,False,False,265.3334117094055,189.7376177944243,50,33,50,33,1,1,48,33,36,92
globalvoices-v2018q4-d0245-a0028,globalvoices-v2018q4-doc-ee785ff2de69da33,news,unknown,False,False,False,59,145,False,False,False,199,199,False,False,False,False,276.7049461007118,170.38783394172788,43,39,43,39,1,1,42,40,35,93
globalvoices-v2018q4-d0245-a0029,globalvoices-v2018q4-doc-ee785ff2de69da33,news,unknown,False,False,False,24,62,False,False,False,82,82,False,False,False,False,135.6740471671801,145.29549646377563,19,15,19,15,1,1,18,15,12,36
globalvoices-v2018q4-d0245-a0030,globalvoices-v2018q4-doc-ee785ff2de69da33,news,unknown,False,False,False,24,58,False,False,False,101,101,False,False,False,False,132.24978970736265,110.90991793666036,18,22,18,22,1,1,18,21,13,50
globalvoices-v2018q4-d0245-a0031,globalvoices-v2018q4-doc-ee785ff2de69da33,news,unknown,False,False,False,9,23,False,False,False,44,44,False,False,False,False,52.65434002876282,70.7818466424942,9,9,9,9,1,1,7,9,6,20
globalvoices-v2018q4-d0245-a0032,globalvoices-v2018q4-doc-ee785ff2de69da33,news,unknown,False,False,False,12,30,False,False,False,22,22,False,False,False,False,65.09031844139099,35.51132011413574,8,6,8,6,1,1,7,6,8,10
globalvoices-v2018q4-d0245-a0033,globalvoices-v2018q4-doc-ee785ff2de69da33,news,unknown,False,False,False,46,74,False,False,False,112,112,False,False,False,False,171.03011457502726,185.12590678967535,31,25,31,25,1,1,26,25,23,59
globalvoices-v2018q4-d0245-a0034,globalvoices-v2018q4-doc-ee785ff2de69da33,news,unknown,False,False,False,160,302,False,False,False,195,195,False,False,False,False,574.2403877690958,301.05751088634133,109,45,109,45,1,1,102,43,96,101
globalvoices-v2018q4-d0245-a0035,globalvoices-v2018q4-doc-ee785ff2de69da33,news,unknown,False,False,False,63,165,False,False,False,197,197,False,False,False,False,249.08011550223455,250.48472483456135,49,39,49,39,1,1,46,39,31,101
globalvoices-v2018q4-d0245-a0036,globalvoices-v2018q4-doc-ee785ff2de69da33,news,unknown,False,False,False,37,43,False,False,False,70,70,False,False,False,False,123.82717751036398,127.47967119514942,22,22,22,22,1,1,17,22,21,40
globalvoices-v2018q4-d0245-a0037,globalvoices-v2018q4-doc-ee785ff2de69da33,news,unknown,False,False,False,60,158,False,False,False,64,64,False,False,False,False,267.977827295661,138.5375724826008,51,17,51,17,1,1,50,17,35,31
globalvoices-v2018q4-d0245-a0038,globalvoices-v2018q4-doc-ee785ff2de69da33,news,unknown,False,False,False,21,53,False,False,False,69,69,False,False,False,False,102.23267060518263,128.27106362581253,16,17,16,17,1,1,15,16,9,35
globalvoices-v2018q4-d0245-a0039,globalvoices-v2018q4-doc-ee785ff2de69da33,news,unknown,False,False,False,64,96,False,False,False,93,93,False,False,False,False,317.42559442674974,125.4883054047823,47,21,47,21,1,1,40,22,41,45
globalvoices-v2018q4-d0255-a0001,globalvoices-v2018q4-doc-2113c40a3b064752,news,unknown,False,False,False,42,102,False,False,False,87,88,False,False,False,False,158.8973648250103,134.66568388185988,31,20,31,20,1,1,28,21,23,42
globalvoices-v2018q4-d0257-a0001,globalvoices-v2018q4-doc-7aad8aa1c8a3a92e,news,unknown,False,False,False,27,65,False,False,False,87,88,False,False,False,False,143.53891640156507,135.42879259586334,20,18,20,18,1,1,18,19,14,45
globalvoices-v2018q4-d0257-a0002,globalvoices-v2018q4-doc-7aad8aa1c8a3a92e,news,unknown,False,False,False,22,56,False,False,False,44,44,False,False,False,False,113.03576275706293,58.9026038646698,17,11,17,11,1,1,17,11,11,23
globalvoices-v2018q4-d0257-a0003,globalvoices-v2018q4-doc-7aad8aa1c8a3a92e,news,unknown,False,False,False,33,81,False,False,False,80,80,False,False,False,False,104.91769233345984,84.89717370271683,20,15,20,15,1,1,17,15,17,41
globalvoices-v2018q4-d0257-a0004,globalvoices-v2018q4-doc-7aad8aa1c8a3a92e,news,unknown,False,False,False,48,118,False,False,False,112,112,False,False,False,False,161.38932287227362,117.32231090962888,35,20,35,20,1,1,31,19,24,58
globalvoices-v2018q4-d0257-a0005,globalvoices-v2018q4-doc-7aad8aa1c8a3a92e,news,unknown,False,False,False,140,338,False,False,False,315,315,False,False,False,False,418.6461739955703,382.5738361009862,104,66,104,66,1,1,81,63,71,153
globalvoices-v2018q4-d0257-a0006,globalvoices-v2018q4-doc-7aad8aa1c8a3a92e,news,unknown,False,False,False,117,277,False,False,False,278,278,False,False,False,False,318.9653923488222,287.60678938031197,77,58,77,58,1,1,72,58,61,131
globalvoices-v2018q4-d0257-a0007,globalvoices-v2018q4-doc-7aad8aa1c8a3a92e,news,unknown,False,False,False,140,334,False,False,False,419,419,False,False,False,False,379.6265772531915,431.34699922427535,86,86,86,86,1,1,75,84,69,214
globalvoices-v2018q4-d0257-a0008,globalvoices-v2018q4-doc-7aad8aa1c8a3a92e,news,unknown,False,False,False,68,164,False,False,False,264,264,False,False,False,False,218.0527635589242,245.76842545892575,40,52,40,52,1,1,36,51,32,126
globalvoices-v2018q4-d0257-a0009,globalvoices-v2018q4-doc-7aad8aa1c8a3a92e,news,unknown,False,False,False,56,126,False,False,False,118,118,False,False,False,False,223.89411443431163,188.85095842927697,37,27,37,27,1,1,35,28,32,60
globalvoices-v2018q4-d0257-a0010,globalvoices-v2018q4-doc-7aad8aa1c8a3a92e,news,unknown,False,False,False,128,324,False,False,False,262,262,False,False,False,False,427.4566849586554,314.5577619075775,96,48,96,48,1,1,90,49,65,124
globalvoices-v2018q4-d0257-a0011,globalvoices-v2018q4-doc-7aad8aa1c8a3a92e,news,unknown,False,False,False,77,181,False,False,False,217,217,False,False,False,False,265.40626852121204,260.71715853735805,49,45,49,45,1,1,49,45,43,102
globalvoices-v2018q4-d0257-a0012,globalvoices-v2018q4-doc-7aad8aa1c8a3a92e,news,unknown,False,False,False,75,179,False,False,False,198,198,False,False,False,False,175.57647098359303,156.7152009299025,46,38,46,38,1,1,39,38,38,87
globalvoices-v2018q4-d0257-a0013,globalvoices-v2018q4-doc-7aad8aa1c8a3a92e,news,unknown,False,False,False,76,182,False,False,False,107,107,False,False,False,False,255.7066860087216,121.2468972504139,52,20,52,20,1,1,43,20,38,55
globalvoices-v2018q4-d0257-a0014,globalvoices-v2018q4-doc-7aad8aa1c8a3a92e,news,unknown,False,False,False,123,279,False,False,False,264,264,False,False,False,False,364.04105582030024,343.5415845885873,83,57,83,57,1,1,69,56,60,119
globalvoices-v2018q4-d0257-a0015,globalvoices-v2018q4-doc-7aad8aa1c8a3a92e,news,unknown,False,False,False,19,39,False,False,False,72,72,False,False,False,False,92.05291986465454,132.38041931390762,12,14,12,14,1,1,12,15,12,33
globalvoices-v2018q4-d0257-a0016,globalvoices-v2018q4-doc-7aad8aa1c8a3a92e,news,unknown,False,False,False,37,91,False,False,True,185,187,False,False,False,False,149.3032054360956,257.2361118197441,22,36,22,36,1,1,24,34,20,92
globalvoices-v2018q4-d0257-a0017,globalvoices-v2018q4-doc-7aad8aa1c8a3a92e,news,unknown,False,False,False,60,150,False,False,False,186,186,False,False,False,False,177.46495171602146,154.5032103508711,38,35,38,35,1,1,36,35,32,91
globalvoices-v2018q4-d0257-a0018,globalvoices-v2018q4-doc-7aad8aa1c8a3a92e,news,unknown,False,False,False,31,77,False,False,False,74,74,False,False,False,False,95.16788029670715,82.23511189967394,13,12,13,12,1,1,13,12,15,35
globalvoices-v2018q4-d0257-a0019,globalvoices-v2018q4-doc-7aad8aa1c8a3a92e,news,unknown,False,False,False,40,40,False,False,False,42,42,True,False,False,False,78.36813872354105,80.64752866793424,13,15,13,15,1,1,13,15,20,22
globalvoices-v2018q4-d0257-a0020,globalvoices-v2018q4-doc-7aad8aa1c8a3a92e,news,unknown,False,False,False,70,162,False,False,False,130,130,False,False,False,False,239.3376326748985,184.288919813931,50,27,50,27,1,1,40,25,37,60
globalvoices-v2018q4-d0257-a0021,globalvoices-v2018q4-doc-7aad8aa1c8a3a92e,news,unknown,False,False,False,40,90,False,False,False,70,70,False,False,False,False,162.79137370735407,148.45421528816223,27,17,27,17,1,1,25,17,22,39
globalvoices-v2018q4-d0257-a0022,globalvoices-v2018q4-doc-7aad8aa1c8a3a92e,news,unknown,False,False,False,113,275,False,False,False,266,266,False,False,False,False,354.82484618772287,299.0936141833663,77,49,77,49,1,1,64,48,56,122
globalvoices-v2018q4-d0257-a0023,globalvoices-v2018q4-doc-7aad8aa1c8a3a92e,news,unknown,False,False,False,79,189,False,False,False,277,277,False,False,False,False,252.83875039801933,367.3999921493232,58,58,58,58,1,1,44,57,34,138
globalvoices-v2018q4-d0257-a0024,globalvoices-v2018q4-doc-7aad8aa1c8a3a92e,news,unknown,False,False,False,56,64,False,False,False,208,208,False,False,False,False,172.8880177998799,286.1659865505062,30,48,30,48,1,1,26,47,34,100
globalvoices-v2018q4-d0261-a0001,globalvoices-v2018q4-doc-53578211fdfa562c,news,unknown,False,False,False,19,47,False,False,False,64,65,False,False,False,False,88.46661823987961,108.56356339156628,14,14,14,14,1,1,12,13,10,29
globalvoices-v2018q4-d0261-a0002,globalvoices-v2018q4-doc-53578211fdfa562c,news,unknown,False,False,False,107,269,False,False,False,274,278,False,False,False,False,320.77814249973744,306.1395450157288,75,56,75,56,1,1,70,54,50,130
globalvoices-v2018q4-d0261-a0003,globalvoices-v2018q4-doc-53578211fdfa562c,news,unknown,False,False,False,154,370,False,False,False,328,334,False,False,False,False,504.630282611819,376.98473876860226,113,70,113,70,1,1,99,70,81,163
globalvoices-v2018q4-d0261-a0004,globalvoices-v2018q4-doc-53578211fdfa562c,news,unknown,False,False,False,99,247,False,False,False,195,199,False,False,False,False,335.6213157363236,293.7335689337924,64,38,64,38,1,1,55,38,49,99
globalvoices-v2018q4-d0273-a0001,globalvoices-v2018q4-doc-9ecd70a718bc6f53,news,unknown,False,False,False,74,126,False,False,False,98,99,False,False,False,False,222.42148284160064,139.5701091233641,43,21,43,21,1,1,34,22,35,50
globalvoices-v2018q4-d0273-a0002,globalvoices-v2018q4-doc-9ecd70a718bc6f53,news,unknown,False,False,False,8,8,False,False,False,39,39,True,False,False,False,36.10933907330036,57.52082315040752,5,11,5,11,1,1,5,10,5,21
globalvoices-v2018q4-d0273-a0003,globalvoices-v2018q4-doc-9ecd70a718bc6f53,news,unknown,False,False,False,1,1,False,False,False,9,9,True,False,False,False,11.271241188049316,38.01938445866108,1,6,1,6,1,1,1,6,1,6
globalvoices-v2018q4-d0273-a0004,globalvoices-v2018q4-doc-9ecd70a718bc6f53,news,unknown,False,False,False,21,51,False,False,False,52,52,False,False,False,False,77.28634186089039,65.37176561355591,14,10,14,10,1,1,11,10,12,28
globalvoices-v2018q4-d0273-a0005,globalvoices-v2018q4-doc-9ecd70a718bc6f53,news,unknown,False,False,False,68,158,False,False,False,170,170,False,False,False,False,173.7567154855351,165.2157674934715,47,40,47,40,1,1,37,37,36,88
globalvoices-v2018q4-d0273-a0006,globalvoices-v2018q4-doc-9ecd70a718bc6f53,news,unknown,False,False,False,48,122,False,False,False,125,125,False,False,False,False,161.6074108434841,141.44344751536846,33,23,33,23,1,1,31,22,25,60
globalvoices-v2018q4-d0273-a0007,globalvoices-v2018q4-doc-9ecd70a718bc6f53,news,unknown,False,False,False,25,63,False,False,False,90,90,False,False,False,False,102.53746791090816,79.6842071134597,20,18,20,18,1,1,15,18,14,41
globalvoices-v2018q4-d0273-a0008,globalvoices-v2018q4-doc-9ecd70a718bc6f53,news,unknown,False,False,False,120,302,False,False,False,267,268,False,False,False,False,343.4496999156545,297.61755549907684,82,57,82,57,1,1,72,54,65,130
globalvoices-v2018q4-d0273-a0009,globalvoices-v2018q4-doc-9ecd70a718bc6f53,news,unknown,False,False,False,45,93,False,False,False,57,57,False,False,False,False,146.01047043129802,79.39114936441183,30,15,30,15,1,1,25,14,27,28
globalvoices-v2018q4-d0273-a0010,globalvoices-v2018q4-doc-9ecd70a718bc6f53,news,unknown,False,False,False,101,212,False,False,False,148,149,False,False,False,False,358.28292778506875,240.9486848891247,72,41,72,41,1,1,62,37,59,74
globalvoices-v2018q4-d0273-a0011,globalvoices-v2018q4-doc-9ecd70a718bc6f53,news,unknown,False,False,False,79,193,False,False,False,180,180,False,False,False,False,267.4359419278335,228.7329117693007,58,39,58,39,1,1,48,39,42,77
globalvoices-v2018q4-d0273-a0012,globalvoices-v2018q4-doc-9ecd70a718bc6f53,news,unknown,False,False,False,13,31,False,False,False,19,19,False,False,False,False,54.22197151184082,43.730143785476685,8,6,8,6,1,1,8,6,8,12
globalvoices-v2018q4-d0273-a0013,globalvoices-v2018q4-doc-9ecd70a718bc6f53,news,unknown,False,False,False,22,56,False,False,False,41,41,False,False,False,False,89.78634054283611,54.05294394493103,17,10,17,10,1,1,16,10,11,19
globalvoices-v2018q4-d0273-a0014,globalvoices-v2018q4-doc-9ecd70a718bc6f53,news,unknown,False,False,False,21,53,False,False,False,48,48,False,False,False,False,104.87049722671507,80.59009803831577,17,11,17,11,1,1,15,11,11,26
globalvoices-v2018q4-d0273-a0015,globalvoices-v2018q4-doc-9ecd70a718bc6f53,news,unknown,False,False,False,22,56,False,False,False,22,22,False,False,False,False,101.07392013072968,56.69201183319092,13,6,13,6,1,1,14,6,10,12
globalvoices-v2018q4-d0273-a0016,globalvoices-v2018q4-doc-9ecd70a718bc6f53,news,unknown,False,False,False,48,122,False,False,False,90,90,False,False,False,False,167.8974630413577,113.17386095738038,34,21,34,21,1,1,31,20,26,47
globalvoices-v2018q4-d0273-a0017,globalvoices-v2018q4-doc-9ecd70a718bc6f53,news,unknown,False,False,False,34,82,False,False,False,64,64,False,False,False,False,105.8390308469534,96.81088331341743,20,15,20,15,1,1,16,15,16,31
globalvoices-v2018q4-d0273-a0018,globalvoices-v2018q4-doc-9ecd70a718bc6f53,news,unknown,False,False,False,55,131,False,False,False,125,129,False,False,False,False,234.6508030781406,157.8841704260558,39,33,39,33,1,1,37,33,33,64
globalvoices-v2018q4-d0273-a0019,globalvoices-v2018q4-doc-9ecd70a718bc6f53,news,unknown,False,False,False,95,239,False,False,False,218,218,False,False,False,False,249.19830987253223,249.8111824542284,59,33,59,33,1,1,52,33,48,110
globalvoices-v2018q4-d0273-a0020,globalvoices-v2018q4-doc-9ecd70a718bc6f53,news,unknown,False,False,False,130,322,False,False,False,310,311,False,False,False,False,440.5642033118056,332.7926951930276,88,70,88,70,1,1,82,67,71,156
globalvoices-v2018q4-d0273-a0021,globalvoices-v2018q4-doc-9ecd70a718bc6f53,news,unknown,False,False,False,168,398,False,False,False,340,340,False,False,False,False,473.0630321211647,413.2731679454446,111,71,111,71,1,1,100,71,86,179
globalvoices-v2018q4-d0273-a0022,globalvoices-v2018q4-doc-9ecd70a718bc6f53,news,unknown,False,False,False,45,45,False,False,False,45,45,True,False,False,False,92.26888208487073,92.26888208487073,11,11,11,11,1,1,11,11,23,23
globalvoices-v2018q4-d0273-a0023,globalvoices-v2018q4-doc-9ecd70a718bc6f53,news,unknown,False,False,False,39,95,False,False,False,85,85,False,False,False,False,135.86540522961877,89.42677915096283,32,15,32,15,1,1,25,15,23,37
globalvoices-v2018q4-d0273-a0024,globalvoices-v2018q4-doc-9ecd70a718bc6f53,news,unknown,False,False,False,60,132,False,False,False,107,107,False,False,False,False,257.6301952027716,153.17194973677397,42,22,42,22,1,1,37,22,33,52
globalvoices-v2018q4-d0273-a0025,globalvoices-v2018q4-doc-9ecd70a718bc6f53,news,unknown,False,False,False,24,62,False,False,False,47,47,False,False,False,False,110.320691883564,83.39050298929214,18,9,18,9,1,1,16,9,14,26
globalvoices-v2018q4-d0273-a0026,globalvoices-v2018q4-doc-9ecd70a718bc6f53,news,unknown,False,False,False,15,35,False,False,False,38,38,False,False,False,False,62.69144821166992,37.731862887740135,11,10,11,10,1,1,9,9,10,16
globalvoices-v2018q4-d0273-a0027,globalvoices-v2018q4-doc-9ecd70a718bc6f53,news,unknown,False,False,False,21,53,False,False,False,47,47,False,False,False,False,92.12193179130554,71.95370984077454,14,9,14,9,1,1,11,9,11,19
globalvoices-v2018q4-d0273-a0028,globalvoices-v2018q4-doc-9ecd70a718bc6f53,news,unknown,False,False,False,63,153,False,False,False,185,185,False,False,False,False,208.9676466844976,245.31510442495343,39,41,39,41,1,1,36,40,31,93
globalvoices-v2018q4-d0273-a0029,globalvoices-v2018q4-doc-9ecd70a718bc6f53,news,unknown,False,False,False,42,98,False,False,False,39,39,False,False,False,False,132.9198655486107,109.89364498853683,24,13,24,13,1,1,23,12,21,22
globalvoices-v2018q4-d0273-a0030,globalvoices-v2018q4-doc-9ecd70a718bc6f53,news,unknown,False,False,False,42,84,False,False,False,109,109,False,False,False,False,182.94433316309005,179.65551825985312,26,24,26,24,1,1,24,23,27,59
globalvoices-v2018q4-d0273-a0031,globalvoices-v2018q4-doc-9ecd70a718bc6f53,news,unknown,False,False,False,64,160,False,False,False,113,113,False,False,False,False,192.3980203187093,151.74435837194324,39,28,39,28,1,1,34,28,37,56
globalvoices-v2018q4-d0273-a0032,globalvoices-v2018q4-doc-9ecd70a718bc6f53,news,unknown,False,False,False,44,114,False,False,False,102,102,False,False,False,False,180.2671003416181,127.14159908890724,32,23,32,23,1,1,29,23,24,50
globalvoices-v2018q4-d0273-a0033,globalvoices-v2018q4-doc-9ecd70a718bc6f53,news,unknown,False,False,False,39,89,False,False,False,46,46,False,False,False,False,184.6628262102604,105.42417085170746,26,14,26,14,1,1,25,14,24,27
globalvoices-v2018q4-d0273-a0034,globalvoices-v2018q4-doc-9ecd70a718bc6f53,news,unknown,False,False,False,28,70,False,False,False,48,48,False,False,False,False,88.60213474354532,55.97876098752022,22,10,22,10,1,1,17,10,15,23
globalvoices-v2018q4-d0273-a0035,globalvoices-v2018q4-doc-9ecd70a718bc6f53,news,unknown,False,False,False,76,190,False,False,False,122,122,False,False,False,False,264.3451201420976,161.11853272467852,57,24,57,24,1,1,49,25,33,61
globalvoices-v2018q4-d0273-a0036,globalvoices-v2018q4-doc-9ecd70a718bc6f53,news,unknown,False,False,False,97,219,False,False,False,128,128,False,False,False,False,300.26011345302686,192.66498346999288,62,25,62,25,1,1,52,24,49,61
globalvoices-v2018q4-d0273-a0037,globalvoices-v2018q4-doc-9ecd70a718bc6f53,news,unknown,False,False,False,101,253,False,False,False,250,250,False,False,False,False,332.19163656275487,276.59717605356127,73,47,73,47,1,1,60,47,49,123
globalvoices-v2018q4-d0273-a0038,globalvoices-v2018q4-doc-9ecd70a718bc6f53,news,unknown,False,False,False,44,106,False,False,False,129,129,False,False,False,False,180.21346717514095,149.36755996756256,32,25,32,25,1,1,30,25,25,56
globalvoices-v2018q4-d0273-a0039,globalvoices-v2018q4-doc-9ecd70a718bc6f53,news,unknown,False,False,False,21,51,False,False,False,99,99,False,False,False,False,91.30176869034769,130.06752063520253,15,18,15,18,1,1,15,18,12,48
globalvoices-v2018q4-d0273-a0040,globalvoices-v2018q4-doc-9ecd70a718bc6f53,news,unknown,False,False,False,53,133,False,False,False,68,68,False,False,False,False,210.09528351575136,89.93493866920471,37,13,37,13,1,1,30,13,22,35
globalvoices-v2018q4-d0273-a0041,globalvoices-v2018q4-doc-9ecd70a718bc6f53,news,unknown,False,False,False,46,116,False,False,False,92,92,False,False,False,False,137.07796775456518,105.65465876273812,30,18,30,18,1,1,27,18,25,48
globalvoices-v2018q4-d0273-a0042,globalvoices-v2018q4-doc-9ecd70a718bc6f53,news,unknown,False,False,False,37,91,False,False,False,139,139,False,False,False,False,107.05527144670486,186.82003739476204,22,30,22,30,1,1,20,30,19,70
globalvoices-v2018q4-d0277-a0001,globalvoices-v2018q4-doc-96f1dc32fcebad50,news,unknown,False,False,False,26,62,False,False,False,88,89,False,False,False,False,118.70294447243214,102.167717481032,21,19,21,19,1,1,20,18,14,39
globalvoices-v2018q4-d0277-a0002,globalvoices-v2018q4-doc-96f1dc32fcebad50,news,unknown,False,False,False,19,45,False,False,False,34,34,False,False,False,False,78.40260226279497,61.846282958984375,14,7,14,7,1,1,15,7,13,16
globalvoices-v2018q4-d0277-a0003,globalvoices-v2018q4-doc-96f1dc32fcebad50,news,unknown,False,False,False,41,103,False,False,False,82,82,False,False,False,False,134.91535359993577,98.62128696590662,28,15,28,15,1,1,25,14,22,41
globalvoices-v2018q4-d0277-a0004,globalvoices-v2018q4-doc-96f1dc32fcebad50,news,unknown,False,False,False,30,66,False,False,False,45,45,False,False,False,False,111.75297998823224,95.18994981050491,24,12,24,12,1,1,15,10,10,21
globalvoices-v2018q4-d0277-a0005,globalvoices-v2018q4-doc-96f1dc32fcebad50,news,unknown,False,False,False,102,238,False,False,False,236,236,False,False,False,False,276.80436223751167,154.26359157916158,80,51,80,51,1,1,73,49,56,102
globalvoices-v2018q4-d0277-a0006,globalvoices-v2018q4-doc-96f1dc32fcebad50,news,unknown,False,False,False,48,122,False,False,False,108,108,False,False,False,False,149.44090466946363,90.26416287384929,30,18,30,18,1,1,27,18,24,51
globalvoices-v2018q4-d0277-a0007,globalvoices-v2018q4-doc-96f1dc32fcebad50,news,unknown,False,False,False,281,689,False,False,False,370,370,False,False,False,False,622.2449827808305,272.82245660806075,176,69,176,69,1,1,159,68,137,177
globalvoices-v2018q4-d0277-a0008,globalvoices-v2018q4-doc-96f1dc32fcebad50,news,unknown,False,False,False,215,519,False,False,False,524,524,False,False,False,False,497.3262822063989,377.4036514319014,147,81,147,81,1,1,129,81,105,244
globalvoices-v2018q4-d0277-a0009,globalvoices-v2018q4-doc-96f1dc32fcebad50,news,unknown,False,False,False,61,147,False,False,False,112,112,False,False,False,False,175.7237023189664,105.89592027664185,40,19,40,19,1,1,38,19,30,54
globalvoices-v2018q4-d0277-a0010,globalvoices-v2018q4-doc-96f1dc32fcebad50,news,unknown,False,False,False,63,159,False,False,False,279,279,False,False,False,False,220.57135713193568,262.5626631854102,46,60,46,60,1,1,43,59,32,138
globalvoices-v2018q4-d0277-a0011,globalvoices-v2018q4-doc-96f1dc32fcebad50,news,unknown,False,False,False,135,325,False,False,False,137,137,False,False,False,False,347.32227375369985,109.20899169548647,91,26,91,26,1,1,76,26,69,70
globalvoices-v2018q4-d0277-a0012,globalvoices-v2018q4-doc-96f1dc32fcebad50,news,unknown,False,False,False,123,299,False,False,False,272,272,False,False,False,False,334.11328947742004,252.88976587727663,95,57,95,57,1,1,76,54,62,136
globalvoices-v2018q4-d0277-a0013,globalvoices-v2018q4-doc-96f1dc32fcebad50,news,unknown,False,False,False,65,161,False,False,False,142,142,False,False,False,False,197.69561599940064,119.76541460305452,46,28,46,28,1,1,41,28,33,65
globalvoices-v2018q4-d0277-a0014,globalvoices-v2018q4-doc-96f1dc32fcebad50,news,unknown,False,False,False,59,145,False,False,False,101,101,False,False,False,False,172.67126110408572,96.61059093475342,41,18,41,18,1,1,37,18,29,48
globalvoices-v2018q4-d0277-a0015,globalvoices-v2018q4-doc-96f1dc32fcebad50,news,unknown,False,False,False,22,54,False,False,False,37,37,False,False,False,False,93.86964792013168,72.93197167338803,16,11,16,11,1,1,14,11,10,17
globalvoices-v2018q4-d0277-a0016,globalvoices-v2018q4-doc-96f1dc32fcebad50,news,unknown,False,False,False,110,272,False,False,False,231,231,False,False,False,False,323.0208247672417,220.30814107879996,77,38,77,38,1,1,67,37,53,116
globalvoices-v2018q4-d0277-a0017,globalvoices-v2018q4-doc-96f1dc32fcebad50,news,unknown,False,False,False,48,120,False,False,False,99,99,False,False,False,False,162.8626447841525,104.24304497241974,26,19,26,19,1,1,25,19,24,47
globalvoices-v2018q4-d0277-a0018,globalvoices-v2018q4-doc-96f1dc32fcebad50,news,unknown,False,False,False,156,386,False,False,False,302,302,False,False,False,False,341.0053846039227,262.5813079783693,100,53,100,53,1,1,94,53,76,139
globalvoices-v2018q4-d0277-a0019,globalvoices-v2018q4-doc-96f1dc32fcebad50,news,unknown,False,False,False,81,207,False,False,False,200,200,False,False,False,False,222.47192288498627,199.1028437791392,54,33,54,33,1,1,48,33,39,91
globalvoices-v2018q4-d0277-a0020,globalvoices-v2018q4-doc-96f1dc32fcebad50,news,unknown,False,False,False,93,229,False,False,False,168,168,False,False,False,False,264.34125449717976,174.59479377046227,62,32,62,32,1,1,54,30,44,86
globalvoices-v2018q4-d0277-a0021,globalvoices-v2018q4-doc-96f1dc32fcebad50,news,unknown,False,False,False,52,126,False,False,False,113,113,False,False,False,False,140.99055940657854,106.21718592196704,34,19,34,19,1,1,31,19,24,55
globalvoices-v2018q4-d0277-a0022,globalvoices-v2018q4-doc-96f1dc32fcebad50,news,unknown,False,False,False,69,177,False,False,False,196,196,False,False,False,False,213.15861885709455,160.22327160835266,49,33,49,33,1,1,43,32,35,88
globalvoices-v2018q4-d0277-a0023,globalvoices-v2018q4-doc-96f1dc32fcebad50,news,unknown,False,False,False,57,141,False,False,False,69,69,False,False,False,False,145.7730138632469,91.70687843859196,38,15,38,15,1,1,33,15,31,33
globalvoices-v2018q4-d0277-a0024,globalvoices-v2018q4-doc-96f1dc32fcebad50,news,unknown,False,False,False,45,113,False,False,False,129,129,False,False,False,False,165.20890539046377,138.65600592643025,29,22,29,22,1,1,28,22,22,64
globalvoices-v2018q4-d0277-a0025,globalvoices-v2018q4-doc-96f1dc32fcebad50,news,unknown,False,False,False,75,189,False,False,False,133,133,False,False,False,False,206.30768411565805,165.09998789383098,52,23,52,23,1,1,41,23,36,61
globalvoices-v2018q4-d0277-a0026,globalvoices-v2018q4-doc-96f1dc32fcebad50,news,unknown,False,False,False,51,123,False,False,False,113,117,False,False,False,False,159.1160404458642,140.46371340192854,31,26,31,26,1,1,29,25,24,55
globalvoices-v2018q4-d0277-a0027,globalvoices-v2018q4-doc-96f1dc32fcebad50,news,unknown,False,False,False,63,141,False,False,False,140,148,False,False,False,False,201.71491890773177,190.17375379847363,47,36,47,36,1,1,44,33,34,66
globalvoices-v2018q4-d0277-a0028,globalvoices-v2018q4-doc-96f1dc32fcebad50,news,unknown,False,False,False,78,192,False,False,False,147,147,False,False,False,False,238.49630128592253,156.9947106987238,50,24,50,24,1,1,46,24,39,71
globalvoices-v2018q4-d0277-a0029,globalvoices-v2018q4-doc-96f1dc32fcebad50,news,unknown,False,False,False,30,72,False,False,False,73,73,False,False,False,False,122.47224327921867,92.03846330940723,21,17,21,17,1,1,17,16,18,34
globalvoices-v2018q4-d0277-a0030,globalvoices-v2018q4-doc-96f1dc32fcebad50,news,unknown,False,False,False,84,208,False,False,False,182,182,False,False,False,False,208.21100758970715,164.0032363391947,51,33,51,33,1,1,46,32,43,89
globalvoices-v2018q4-d0277-a0031,globalvoices-v2018q4-doc-96f1dc32fcebad50,news,unknown,False,False,False,78,194,False,False,False,142,142,False,False,False,False,232.7034732726752,161.79970935732126,54,27,54,27,1,1,48,27,39,69
globalvoices-v2018q4-d0295-a0001,globalvoices-v2018q4-doc-6dfdf059eba22a59,news,unknown,False,False,False,36,90,False,False,False,93,96,False,False,False,False,134.23409490287304,123.249408159405,29,19,29,19,1,1,23,19,19,49
globalvoices-v2018q4-d0295-a0002,globalvoices-v2018q4-doc-6dfdf059eba22a59,news,unknown,False,False,False,23,33,False,False,False,65,65,False,False,False,False,77.98343724384904,108.5067104101181,12,12,12,12,1,1,9,12,13,31
globalvoices-v2018q4-d0295-a0003,globalvoices-v2018q4-doc-6dfdf059eba22a59,news,unknown,False,False,False,114,280,False,False,False,227,227,False,False,False,False,244.81906846660425,224.93465984705836,74,41,74,41,1,1,57,41,50,115
globalvoices-v2018q4-d0295-a0004,globalvoices-v2018q4-doc-6dfdf059eba22a59,news,unknown,False,False,False,111,267,False,False,False,256,264,False,False,False,False,301.34925325313816,237.53306838590652,77,59,77,59,1,1,70,58,51,130
globalvoices-v2018q4-d0295-a0005,globalvoices-v2018q4-doc-6dfdf059eba22a59,news,unknown,False,False,False,72,160,False,False,False,138,140,False,False,False,False,240.92619625106457,156.56473443936557,43,32,43,32,1,1,38,32,36,69
globalvoices-v2018q4-d0295-a0006,globalvoices-v2018q4-doc-6dfdf059eba22a59,news,unknown,False,False,False,88,206,False,False,False,174,176,False,False,False,False,261.4955549049191,207.48211773857471,63,40,63,40,1,1,49,40,46,97
globalvoices-v2018q4-d0295-a0007,globalvoices-v2018q4-doc-6dfdf059eba22a59,news,unknown,False,False,False,53,121,False,False,False,81,81,False,False,False,False,135.89556287648156,115.9049500823021,40,22,40,22,1,1,27,18,26,38
globalvoices-v2018q4-d0295-a0008,globalvoices-v2018q4-doc-6dfdf059eba22a59,news,unknown,False,False,False,89,219,False,False,False,187,191,False,False,False,False,322.6006065051333,261.64349785260856,66,39,66,39,1,1,51,38,43,95
globalvoices-v2018q4-d0295-a0009,globalvoices-v2018q4-doc-6dfdf059eba22a59,news,unknown,False,False,False,42,104,False,False,False,81,81,False,False,False,False,169.62123981118202,123.57073760032654,32,14,32,14,1,1,27,14,21,40
globalvoices-v2018q4-d0295-a0010,globalvoices-v2018q4-doc-6dfdf059eba22a59,news,unknown,False,False,False,91,229,False,False,False,204,206,False,False,False,False,259.65822319401195,202.20137577760033,68,41,68,41,1,1,55,41,40,102
globalvoices-v2018q4-d0295-a0011,globalvoices-v2018q4-doc-6dfdf059eba22a59,news,unknown,False,False,False,83,199,False,False,False,177,177,False,False,False,False,210.19797424582063,115.42787507548928,70,38,70,38,1,1,56,35,39,84
globalvoices-v2018q4-d0295-a0012,globalvoices-v2018q4-doc-6dfdf059eba22a59,news,unknown,False,False,False,78,182,False,False,False,115,119,False,False,False,False,216.6931745527545,118.76238532364368,56,27,56,27,1,1,47,25,40,55
globalvoices-v2018q4-d0295-a0013,globalvoices-v2018q4-doc-6dfdf059eba22a59,news,unknown,False,False,False,63,157,False,False,False,109,109,False,False,False,False,185.6524941958487,119.83944348618388,40,22,40,22,1,1,30,22,27,56
globalvoices-v2018q4-d0295-a0014,globalvoices-v2018q4-doc-6dfdf059eba22a59,news,unknown,False,False,False,91,227,False,False,False,155,161,False,False,False,False,261.39682648004964,160.87171797151677,75,34,75,34,1,1,59,34,43,80
globalvoices-v2018q4-d0295-a0015,globalvoices-v2018q4-doc-6dfdf059eba22a59,news,unknown,False,False,False,131,315,False,False,False,234,240,False,False,False,False,367.2148643451365,255.64291934558423,108,49,108,49,1,1,89,48,69,112
globalvoices-v2018q4-d0295-a0016,globalvoices-v2018q4-doc-6dfdf059eba22a59,news,unknown,False,False,False,31,77,False,False,False,69,71,False,False,False,False,101.45229232311247,90.42074754834177,21,15,21,15,1,1,19,15,16,32
globalvoices-v2018q4-d0295-a0017,globalvoices-v2018q4-doc-6dfdf059eba22a59,news,unknown,False,False,False,90,198,False,False,False,164,168,False,False,False,False,213.5402147931527,153.20375637616962,74,39,74,39,1,1,53,34,41,73
globalvoices-v2018q4-d0295-a0018,globalvoices-v2018q4-doc-6dfdf059eba22a59,news,unknown,False,False,False,91,221,False,False,False,228,232,False,False,False,False,267.6911755693727,238.6738285832107,71,44,71,44,1,1,58,44,46,113
globalvoices-v2018q4-d0295-a0019,globalvoices-v2018q4-doc-6dfdf059eba22a59,news,unknown,False,False,False,79,193,False,False,False,174,174,False,False,False,False,216.65165286208503,187.55322632193565,57,26,57,26,1,1,42,26,38,80
globalvoices-v2018q4-d0295-a0020,globalvoices-v2018q4-doc-6dfdf059eba22a59,news,unknown,False,False,False,153,373,False,False,False,238,248,False,False,False,False,418.96317619038746,282.92354646511376,105,52,105,52,1,1,84,52,74,128
globalvoices-v2018q4-d0295-a0021,globalvoices-v2018q4-doc-6dfdf059eba22a59,news,unknown,False,False,False,213,531,False,False,False,321,325,False,False,False,False,442.68162792276416,301.5079631935805,140,63,140,63,1,1,117,64,100,158
globalvoices-v2018q4-d0295-a0022,globalvoices-v2018q4-doc-6dfdf059eba22a59,news,unknown,False,False,False,115,285,False,False,False,194,196,False,False,False,False,287.97386847273447,231.2939641197445,78,43,78,43,1,1,57,42,52,95
globalvoices-v2018q4-d0304-a0001,globalvoices-v2018q4-doc-1975dbebc41f871a,news,unknown,False,False,False,27,63,False,False,False,95,96,False,False,False,False,126.9519853591919,152.42011569440365,23,21,23,21,1,1,20,21,13,47
globalvoices-v2018q4-d0304-a0002,globalvoices-v2018q4-doc-1975dbebc41f871a,news,unknown,False,False,False,34,66,False,False,False,33,33,False,False,False,False,157.35058297077194,88.18497896194458,23,8,23,8,1,1,21,8,18,16
globalvoices-v2018q4-d0304-a0003,globalvoices-v2018q4-doc-1975dbebc41f871a,news,unknown,False,False,False,95,197,False,False,False,317,317,False,False,False,False,278.0069850233849,306.58192406315356,72,68,72,68,1,1,61,63,52,160
globalvoices-v2018q4-d0304-a0004,globalvoices-v2018q4-doc-1975dbebc41f871a,news,unknown,False,False,False,28,60,False,False,False,49,51,False,False,False,False,113.26338577270508,106.12235450744627,20,13,20,13,1,1,16,11,16,22
globalvoices-v2018q4-d0304-a0005,globalvoices-v2018q4-doc-1975dbebc41f871a,news,unknown,False,False,False,17,41,False,False,False,21,23,False,False,False,False,66.92487817257643,47.40937554836273,10,5,10,5,1,1,7,5,7,9
globalvoices-v2018q4-d0304-a0006,globalvoices-v2018q4-doc-1975dbebc41f871a,news,unknown,False,False,False,49,111,False,False,False,70,70,False,False,False,False,150.17147913458757,102.97184477001429,36,17,36,17,1,1,30,16,23,34
globalvoices-v2018q4-d0304-a0007,globalvoices-v2018q4-doc-1975dbebc41f871a,news,unknown,False,False,False,63,165,False,False,False,153,155,False,False,False,False,236.00252869399264,184.3351827505976,49,27,49,27,1,1,37,27,32,77
globalvoices-v2018q4-d0304-a0008,globalvoices-v2018q4-doc-1975dbebc41f871a,news,unknown,False,False,False,50,122,False,False,False,72,76,False,False,False,False,146.18260325444862,77.92884969711304,39,15,39,15,1,1,31,15,26,33
globalvoices-v2018q4-d0304-a0009,globalvoices-v2018q4-doc-1975dbebc41f871a,news,unknown,False,False,False,123,277,False,False,False,214,218,False,False,False,False,310.2954997597262,213.31515132350617,84,47,84,47,1,1,69,47,66,105
globalvoices-v2018q4-d0304-a0010,globalvoices-v2018q4-doc-1975dbebc41f871a,news,unknown,False,False,False,56,134,False,False,False,137,137,False,False,False,False,188.37731433007863,137.91414299607277,44,28,44,28,1,1,37,28,33,71
globalvoices-v2018q4-d0304-a0011,globalvoices-v2018q4-doc-1975dbebc41f871a,news,unknown,False,False,False,78,174,False,False,False,119,119,False,False,False,False,207.67247885407417,142.89569242158905,66,33,66,33,1,1,50,30,39,57
globalvoices-v2018q4-d0304-a0012,globalvoices-v2018q4-doc-1975dbebc41f871a,news,unknown,False,False,False,138,328,False,False,False,301,305,False,False,False,False,451.24140420835465,312.37697627351736,115,73,115,73,1,1,89,65,71,149
globalvoices-v2018q4-d0306-a0001,globalvoices-v2018q4-doc-0a3df9253dce97ac,news,unknown,False,False,False,36,88,False,False,False,94,95,False,False,False,False,191.32214410835877,145.56539979577065,31,21,31,21,1,1,24,21,16,48
globalvoices-v2018q4-d0306-a0002,globalvoices-v2018q4-doc-0a3df9253dce97ac,news,unknown,False,False,False,54,134,False,False,False,102,104,False,False,False,False,158.03226535208523,98.62617758102716,43,26,43,26,1,1,35,27,29,51
globalvoices-v2018q4-d0306-a0003,globalvoices-v2018q4-doc-0a3df9253dce97ac,news,unknown,False,False,False,129,315,False,False,False,234,234,False,False,False,False,389.35198147105984,237.06529708951712,96,46,96,46,1,1,88,47,66,116
globalvoices-v2018q4-d0306-a0004,globalvoices-v2018q4-doc-0a3df9253dce97ac,news,unknown,False,False,False,147,357,False,False,False,288,314,False,False,False,False,375.5995656435843,305.0589810407255,102,61,102,61,1,1,90,62,76,162
globalvoices-v2018q4-d0306-a0005,globalvoices-v2018q4-doc-0a3df9253dce97ac,news,unknown,False,False,False,120,276,False,False,False,215,219,False,False,False,False,387.8915808541351,255.48023368726717,85,56,85,56,1,1,75,51,62,109
globalvoices-v2018q4-d0306-a0006,globalvoices-v2018q4-doc-0a3df9253dce97ac,news,unknown,False,False,False,98,234,False,False,False,186,186,False,False,False,False,318.1934929988347,248.9127122872742,79,42,79,42,1,1,68,42,55,89
globalvoices-v2018q4-d0306-a0007,globalvoices-v2018q4-doc-0a3df9253dce97ac,news,unknown,False,False,False,38,92,False,False,False,90,96,False,False,False,False,172.42889677919447,119.90212962031364,35,22,35,22,1,1,28,22,22,43
globalvoices-v2018q4-d0306-a0008,globalvoices-v2018q4-doc-0a3df9253dce97ac,news,unknown,False,False,False,25,63,False,False,False,51,51,False,False,False,False,65.76329866424203,38.01052462682128,15,10,15,10,1,1,12,10,12,23
globalvoices-v2018q4-d0306-a0009,globalvoices-v2018q4-doc-0a3df9253dce97ac,news,unknown,False,False,False,20,50,False,False,False,19,19,False,False,False,False,70.75543594360352,36.821417570114136,12,5,12,5,1,1,12,5,10,10
globalvoices-v2018q4-d0306-a0010,globalvoices-v2018q4-doc-0a3df9253dce97ac,news,unknown,False,False,False,89,215,False,False,False,245,245,False,False,False,False,305.6504391958006,289.30335579486564,64,51,64,51,1,1,55,52,47,120
globalvoices-v2018q4-d0306-a0011,globalvoices-v2018q4-doc-0a3df9253dce97ac,news,unknown,False,False,False,79,175,False,False,False,140,150,False,False,False,False,289.7059866609052,235.77129237126792,63,44,63,44,1,1,57,41,44,87
globalvoices-v2018q4-d0306-a0012,globalvoices-v2018q4-doc-0a3df9253dce97ac,news,unknown,False,False,False,94,230,False,False,False,191,191,False,False,False,False,274.9423690531403,181.9064283100888,61,36,61,36,1,1,56,36,49,92
globalvoices-v2018q4-d0316-a0001,globalvoices-v2018q4-doc-0cf51c0e4ec1305c,news,unknown,False,False,False,28,70,False,False,False,96,97,False,False,False,False,125.9607210420072,158.21371844410896,22,22,22,22,1,1,18,22,13,55
globalvoices-v2018q4-d0316-a0002,globalvoices-v2018q4-doc-0cf51c0e4ec1305c,news,unknown,False,False,False,61,147,False,False,False,97,97,False,False,False,False,209.8103758218931,117.41083717346191,48,19,48,19,1,1,41,18,28,48
globalvoices-v2018q4-d0316-a0003,globalvoices-v2018q4-doc-0cf51c0e4ec1305c,news,unknown,False,False,False,15,35,False,False,False,24,24,False,False,False,False,72.50356223993003,54.32051992416382,16,5,16,5,1,1,11,5,6,13
globalvoices-v2018q4-d0316-a0004,globalvoices-v2018q4-doc-0cf51c0e4ec1305c,news,unknown,False,False,False,10,24,False,False,False,19,19,False,False,False,False,81.59227205067873,31.208818912506104,8,4,8,4,1,1,7,4,6,10
globalvoices-v2018q4-d0316-a0005,globalvoices-v2018q4-doc-0cf51c0e4ec1305c,news,unknown,False,False,False,97,231,False,False,False,252,252,False,False,False,False,335.68211643234827,246.5344812934054,74,54,74,54,1,1,68,49,45,124
globalvoices-v2018q4-d0316-a0006,globalvoices-v2018q4-doc-0cf51c0e4ec1305c,news,unknown,False,False,False,62,154,False,False,False,126,126,False,False,False,False,184.65376630751416,140.18589407205582,39,24,39,24,1,1,35,24,30,63
globalvoices-v2018q4-d0316-a0007,globalvoices-v2018q4-doc-0cf51c0e4ec1305c,news,unknown,False,False,False,62,158,False,False,False,124,124,False,False,False,False,198.7095088418573,172.30707047507167,42,24,42,24,1,1,34,24,32,62
globalvoices-v2018q4-d0316-a0008,globalvoices-v2018q4-doc-0cf51c0e4ec1305c,news,unknown,False,False,False,32,78,False,False,False,69,69,False,False,False,False,136.13222674280405,97.14104932546616,23,16,23,16,1,1,21,16,20,35
globalvoices-v2018q4-d0316-a0009,globalvoices-v2018q4-doc-0cf51c0e4ec1305c,news,unknown,False,False,False,61,145,False,False,False,95,95,False,False,False,False,203.34857872966677,146.98228448443115,41,22,41,22,1,1,36,20,32,51
globalvoices-v2018q4-d0316-a0010,globalvoices-v2018q4-doc-0cf51c0e4ec1305c,news,unknown,False,False,False,23,55,False,False,False,27,27,False,False,False,False,78.5668962742202,39.07888627052307,14,7,14,7,1,1,14,7,12,14
globalvoices-v2018q4-d0316-a0011,globalvoices-v2018q4-doc-0cf51c0e4ec1305c,news,unknown,False,False,False,11,25,False,False,False,16,16,False,False,False,False,58.392730832099915,30.71938467025757,6,4,6,4,1,1,6,4,6,7
globalvoices-v2018q4-d0316-a0012,globalvoices-v2018q4-doc-0cf51c0e4ec1305c,news,unknown,False,False,False,29,73,False,False,False,40,40,False,False,False,False,98.05036506126636,68.61111170053482,21,10,21,10,1,1,18,9,16,24
globalvoices-v2018q4-d0316-a0013,globalvoices-v2018q4-doc-0cf51c0e4ec1305c,news,unknown,False,False,False,118,262,False,False,False,148,148,False,False,False,False,331.2551455961657,205.22169455880064,92,48,92,48,1,1,75,40,66,70
globalvoices-v2018q4-d0316-a0014,globalvoices-v2018q4-doc-0cf51c0e4ec1305c,news,unknown,False,False,False,50,122,False,False,False,77,77,False,False,False,False,184.81459136400372,106.18129294365644,37,16,37,16,1,1,30,16,25,39
globalvoices-v2018q4-d0316-a0015,globalvoices-v2018q4-doc-0cf51c0e4ec1305c,news,unknown,False,False,False,39,93,False,False,False,76,76,False,False,False,False,132.65600699186325,105.28237545490263,29,18,29,18,1,1,24,18,20,42
globalvoices-v2018q4-d0316-a0016,globalvoices-v2018q4-doc-0cf51c0e4ec1305c,news,unknown,False,False,False,114,262,False,False,False,218,218,False,False,False,False,341.6553714653128,219.37383360159583,87,61,87,61,1,1,77,57,57,110
globalvoices-v2018q4-d0316-a0017,globalvoices-v2018q4-doc-0cf51c0e4ec1305c,news,unknown,False,False,False,77,185,False,False,False,111,111,False,False,False,False,276.41658771783113,164.52377030439675,52,25,52,25,1,1,50,26,37,56
globalvoices-v2018q4-d0316-a0018,globalvoices-v2018q4-doc-0cf51c0e4ec1305c,news,unknown,False,False,False,30,76,False,False,False,57,57,False,False,False,False,108.03816210478544,114.63456830382349,22,12,22,12,1,1,18,11,15,27
globalvoices-v2018q4-d0316-a0019,globalvoices-v2018q4-doc-0cf51c0e4ec1305c,news,unknown,False,False,False,43,109,False,False,False,57,57,False,False,False,False,128.2573248082772,72.71614402532578,29,11,29,11,1,1,25,11,19,29
globalvoices-v2018q4-d0316-a0020,globalvoices-v2018q4-doc-0cf51c0e4ec1305c,news,unknown,False,False,False,20,50,False,False,False,43,43,False,False,False,False,92.73512247018516,37.05659036710858,13,9,13,9,1,1,11,9,10,19
globalvoices-v2018q4-d0316-a0021,globalvoices-v2018q4-doc-0cf51c0e4ec1305c,news,unknown,False,False,False,33,83,False,False,False,46,46,False,False,False,False,130.4538960456848,86.10150641202927,21,9,21,9,1,1,20,9,17,22
globalvoices-v2018q4-d0316-a0022,globalvoices-v2018q4-doc-0cf51c0e4ec1305c,news,unknown,False,False,False,57,141,False,False,False,105,105,False,False,False,False,194.36521362513304,128.43071721494198,37,23,37,23,1,1,34,23,25,46
globalvoices-v2018q4-d0316-a0023,globalvoices-v2018q4-doc-0cf51c0e4ec1305c,news,unknown,False,False,False,19,47,False,False,False,32,32,False,False,False,False,92.0969797372818,51.568596959114075,17,7,17,7,1,1,16,6,10,15
globalvoices-v2018q4-d0316-a0024,globalvoices-v2018q4-doc-0cf51c0e4ec1305c,news,unknown,False,False,False,85,211,False,False,False,186,186,False,False,False,False,297.3896573460661,240.19032302871344,67,35,67,35,1,1,53,36,42,93
globalvoices-v2018q4-d0316-a0025,globalvoices-v2018q4-doc-0cf51c0e4ec1305c,news,unknown,False,False,False,41,99,False,False,False,65,65,False,False,False,False,147.33248493634164,98.83812442421912,27,17,27,17,1,1,23,16,24,35
globalvoices-v2018q4-d0316-a0026,globalvoices-v2018q4-doc-0cf51c0e4ec1305c,news,unknown,False,False,False,51,127,False,False,False,93,93,False,False,False,False,169.40372194349766,100.5859741717577,32,16,32,16,1,1,30,16,26,43
globalvoices-v2018q4-d0316-a0027,globalvoices-v2018q4-doc-0cf51c0e4ec1305c,news,unknown,False,False,False,37,91,False,False,False,76,76,False,False,False,False,109.92295620590448,81.754978120327,24,15,24,15,1,1,22,15,19,36
globalvoices-v2018q4-d0316-a0028,globalvoices-v2018q4-doc-0cf51c0e4ec1305c,news,unknown,False,False,False,33,81,False,False,False,45,45,False,False,False,False,120.04815390706062,65.907326544635,21,14,21,14,1,1,22,13,19,21
globalvoices-v2018q4-d0316-a0029,globalvoices-v2018q4-doc-0cf51c0e4ec1305c,news,unknown,False,False,False,38,92,False,False,False,118,118,False,False,False,False,136.70430646836758,112.78228206187488,24,26,24,26,1,1,21,26,21,63
globalvoices-v2018q4-d0316-a0030,globalvoices-v2018q4-doc-0cf51c0e4ec1305c,news,unknown,False,False,False,13,33,False,False,False,19,19,False,False,False,False,79.29420566558838,58.909958839416504,11,4,11,4,1,1,8,5,7,11
globalvoices-v2018q4-d0316-a0031,globalvoices-v2018q4-doc-0cf51c0e4ec1305c,news,unknown,False,False,False,54,130,False,False,False,134,134,False,False,False,False,164.23697945754975,111.6372831761837,38,26,38,26,1,1,34,26,26,61
globalvoices-v2018q4-d0316-a0032,globalvoices-v2018q4-doc-0cf51c0e4ec1305c,news,unknown,False,False,False,98,242,False,False,False,250,250,False,False,False,False,263.2442413267563,236.6888791651509,67,51,67,51,1,1,59,50,55,126
globalvoices-v2018q4-d0316-a0033,globalvoices-v2018q4-doc-0cf51c0e4ec1305c,news,unknown,False,False,False,95,235,False,False,False,195,195,False,False,False,False,364.74071185756475,271.16707859840244,67,37,67,37,1,1,53,35,44,99
globalvoices-v2018q4-d0316-a0034,globalvoices-v2018q4-doc-0cf51c0e4ec1305c,news,unknown,False,False,False,96,230,False,False,False,257,257,False,False,False,False,282.43326370208524,208.1260605173884,75,49,75,49,1,1,61,48,45,125
globalvoices-v2018q4-d0316-a0035,globalvoices-v2018q4-doc-0cf51c0e4ec1305c,news,unknown,False,False,False,108,266,False,False,False,167,167,False,False,False,False,331.2013840908767,214.31535157561305,75,33,75,33,1,1,66,33,54,79
globalvoices-v2018q4-d0316-a0036,globalvoices-v2018q4-doc-0cf51c0e4ec1305c,news,unknown,False,False,False,42,106,False,False,False,115,115,False,False,False,False,130.96613131882623,120.91790138185024,28,17,28,17,1,1,25,18,19,59
globalvoices-v2018q4-d0316-a0037,globalvoices-v2018q4-doc-0cf51c0e4ec1305c,news,unknown,False,False,False,46,116,False,False,False,88,88,False,False,False,False,144.04782298975624,105.88472270965576,32,18,32,18,1,1,27,16,21,46
globalvoices-v2018q4-d0316-a0038,globalvoices-v2018q4-doc-0cf51c0e4ec1305c,news,unknown,False,False,False,80,196,False,False,False,167,167,False,False,False,False,246.7641270905733,193.647858440876,52,33,52,33,1,1,45,33,38,86
globalvoices-v2018q4-d0316-a0039,globalvoices-v2018q4-doc-0cf51c0e4ec1305c,news,unknown,False,False,False,103,257,False,False,False,222,222,False,False,False,False,224.6591705369065,217.2487213909626,66,44,66,44,1,1,57,44,49,109
globalvoices-v2018q4-d0316-a0040,globalvoices-v2018q4-doc-0cf51c0e4ec1305c,news,unknown,False,False,False,79,193,False,False,False,160,160,False,False,False,False,262.84340050211176,197.05777443945408,55,33,55,33,1,1,45,33,41,78
globalvoices-v2018q4-d0316-a0041,globalvoices-v2018q4-doc-0cf51c0e4ec1305c,news,unknown,False,False,False,41,105,False,False,False,103,103,False,False,False,False,195.26775136590004,135.57761581987145,29,23,29,23,1,1,28,23,20,49
globalvoices-v2018q4-d0316-a0042,globalvoices-v2018q4-doc-0cf51c0e4ec1305c,news,unknown,False,False,False,25,63,False,False,False,52,56,False,False,False,False,84.83486315608025,58.42419919371605,16,12,16,12,1,1,14,12,13,26
globalvoices-v2018q4-d0316-a0043,globalvoices-v2018q4-doc-0cf51c0e4ec1305c,news,unknown,False,False,False,87,209,False,False,False,147,147,False,False,False,False,312.80375895276666,150.76401421427727,69,28,69,28,1,1,63,28,53,65
globalvoices-v2018q4-d0316-a0044,globalvoices-v2018q4-doc-0cf51c0e4ec1305c,news,unknown,False,False,False,110,262,False,False,False,155,155,False,False,False,False,397.07357128267176,244.93953713402152,83,40,83,40,1,1,75,36,61,80
globalvoices-v2018q4-d0323-a0001,globalvoices-v2018q4-doc-4fe098c1d413f906,news,unknown,False,False,False,18,42,False,False,False,90,91,False,False,False,False,88.58458560705185,146.85861356556416,12,17,12,17,1,1,11,17,10,44
globalvoices-v2018q4-d0323-a0002,globalvoices-v2018q4-doc-4fe098c1d413f906,news,unknown,False,False,False,58,140,False,False,False,107,107,False,False,False,False,183.85497158323415,126.34182005375624,50,21,50,21,1,1,42,21,31,50
globalvoices-v2018q4-d0323-a0003,globalvoices-v2018q4-doc-4fe098c1d413f906,news,unknown,False,False,False,22,54,False,False,False,35,35,False,False,False,False,109.26728814840315,73.57491827011108,17,7,17,7,1,1,15,7,12,19
globalvoices-v2018q4-d0323-a0004,globalvoices-v2018q4-doc-4fe098c1d413f906,news,unknown,False,False,False,40,100,False,False,False,120,120,False,False,False,False,106.6357059404254,107.316044151783,26,25,26,25,1,1,25,24,20,60
globalvoices-v2018q4-d0323-a0005,globalvoices-v2018q4-doc-4fe098c1d413f906,news,unknown,False,False,False,63,155,False,False,False,148,148,False,False,False,False,174.65427025966346,146.59023117274046,42,22,42,22,1,1,39,22,33,68
globalvoices-v2018q4-d0323-a0006,globalvoices-v2018q4-doc-4fe098c1d413f906,news,unknown,False,False,False,47,111,False,False,False,101,101,False,False,False,False,137.47291716584004,135.3856218457222,33,20,33,20,1,1,28,20,25,48
globalvoices-v2018q4-d0323-a0007,globalvoices-v2018q4-doc-4fe098c1d413f906,news,unknown,False,False,False,120,292,False,False,False,274,274,False,False,False,False,312.60509764845483,227.39085598103705,85,65,85,65,1,1,74,61,60,130
globalvoices-v2018q4-d0323-a0008,globalvoices-v2018q4-doc-4fe098c1d413f906,news,unknown,False,False,False,33,85,False,False,False,64,64,False,False,False,False,142.77726421225816,134.62062549591064,25,15,25,15,1,1,24,15,19,35
globalvoices-v2018q4-d0323-a0009,globalvoices-v2018q4-doc-4fe098c1d413f906,news,unknown,False,False,False,46,116,False,False,False,96,96,False,False,False,False,139.57558230310678,121.11121314764024,31,18,31,18,1,1,27,18,23,44
globalvoices-v2018q4-d0323-a0010,globalvoices-v2018q4-doc-4fe098c1d413f906,news,unknown,False,False,False,79,197,False,False,False,177,179,False,False,False,False,269.4868299458176,180.40872132219377,52,38,52,38,1,1,49,38,38,88
globalvoices-v2018q4-d0323-a0011,globalvoices-v2018q4-doc-4fe098c1d413f906,news,unknown,False,False,False,19,49,False,False,False,29,29,False,False,False,False,84.7653306722641,52.87417507171631,15,8,15,8,1,1,13,8,10,14
globalvoices-v2018q4-d0323-a0012,globalvoices-v2018q4-doc-4fe098c1d413f906,news,unknown,False,False,False,28,70,False,False,False,56,56,False,False,False,False,111.0062675215304,67.11991679668427,20,13,20,13,1,1,19,12,18,29
globalvoices-v2018q4-d0323-a0013,globalvoices-v2018q4-doc-4fe098c1d413f906,news,unknown,False,False,False,40,94,False,False,False,71,71,False,False,False,False,151.1891263127327,81.57300621457398,22,18,22,18,1,1,21,18,22,35
globalvoices-v2018q4-d0323-a0014,globalvoices-v2018q4-doc-4fe098c1d413f906,news,unknown,False,False,False,33,81,False,False,False,111,113,False,False,False,False,112.49650519900024,96.55722706858069,21,24,21,24,1,1,20,24,19,52
globalvoices-v2018q4-d0323-a0015,globalvoices-v2018q4-doc-4fe098c1d413f906,news,unknown,False,False,False,28,70,False,False,False,34,34,False,False,False,False,92.3354845046997,34.1718752682209,15,8,15,8,1,1,15,8,16,17
globalvoices-v2018q4-d0323-a0016,globalvoices-v2018q4-doc-4fe098c1d413f906,news,unknown,False,False,False,25,63,False,False,False,39,41,False,False,False,False,102.1478809863329,76.2944848537445,16,8,16,8,1,1,16,8,16,20
globalvoices-v2018q4-d0323-a0017,globalvoices-v2018q4-doc-4fe098c1d413f906,news,unknown,False,False,False,118,292,False,False,False,253,254,False,False,False,False,344.99756871908903,299.26163375377655,75,49,75,49,1,1,68,49,58,127
globalvoices-v2018q4-d0323-a0018,globalvoices-v2018q4-doc-4fe098c1d413f906,news,unknown,False,False,False,62,156,False,False,False,122,124,False,False,False,False,213.46093028088217,158.99610935151577,46,28,46,28,1,1,40,28,32,65
globalvoices-v2018q4-d0323-a0019,globalvoices-v2018q4-doc-4fe098c1d413f906,news,unknown,False,False,False,35,89,False,False,False,58,60,False,False,False,False,154.33250200748444,94.80730065703392,22,15,22,15,1,1,19,15,20,30
globalvoices-v2018q4-d0323-a0020,globalvoices-v2018q4-doc-4fe098c1d413f906,news,unknown,False,False,False,74,180,False,False,False,130,132,False,False,False,False,223.72892219945788,175.873237259686,44,26,44,26,1,1,43,26,38,64
globalvoices-v2018q4-d0323-a0021,globalvoices-v2018q4-doc-4fe098c1d413f906,news,unknown,False,False,False,87,205,False,False,False,161,161,False,False,False,False,278.11917393188924,226.83082068152729,66,41,66,41,1,1,59,37,45,78
globalvoices-v2018q4-d0323-a0022,globalvoices-v2018q4-doc-4fe098c1d413f906,news,unknown,False,False,False,31,71,False,False,False,70,70,False,False,False,False,88.80508032313082,80.85663574188948,22,17,22,17,1,1,19,15,16,32
globalvoices-v2018q4-d0323-a0023,globalvoices-v2018q4-doc-4fe098c1d413f906,news,unknown,False,False,False,90,224,False,False,False,181,181,False,False,False,False,275.7896312363446,193.61432790756223,63,26,63,26,1,1,59,26,42,87
globalvoices-v2018q4-d0323-a0024,globalvoices-v2018q4-doc-4fe098c1d413f906,news,unknown,False,False,False,77,191,False,False,False,214,216,False,False,False,False,223.92928649112585,187.17639844259247,56,43,56,43,1,1,48,43,38,100
globalvoices-v2018q4-d0323-a0025,globalvoices-v2018q4-doc-4fe098c1d413f906,news,unknown,False,False,False,138,328,False,False,False,324,324,False,False,False,False,324.2967525246204,299.7261974774301,100,64,100,64,1,1,87,60,70,151
globalvoices-v2018q4-d0323-a0026,globalvoices-v2018q4-doc-4fe098c1d413f906,news,unknown,False,False,False,75,169,False,False,False,201,201,False,False,False,False,249.53029464930296,218.05800082162023,53,40,53,40,1,1,48,39,40,89
globalvoices-v2018q4-d0323-a0027,globalvoices-v2018q4-doc-4fe098c1d413f906,news,unknown,False,False,False,57,141,False,False,False,156,156,False,False,False,False,164.6958381869481,136.88991315849125,34,30,34,30,1,1,33,30,28,68
globalvoices-v2018q4-d0323-a0028,globalvoices-v2018q4-doc-4fe098c1d413f906,news,unknown,False,False,False,51,123,False,False,False,107,107,False,False,False,False,165.34962463378906,101.45168893784285,32,25,32,25,1,1,29,25,26,56
globalvoices-v2018q4-d0323-a0029,globalvoices-v2018q4-doc-4fe098c1d413f906,news,unknown,False,False,False,138,336,False,False,False,306,312,False,False,False,False,328.7512890093494,330.36294162040576,85,62,85,62,1,1,81,62,66,152
globalvoices-v2018q4-d0323-a0030,globalvoices-v2018q4-doc-4fe098c1d413f906,news,unknown,False,False,False,55,135,False,False,False,64,70,False,False,False,False,166.4442317597568,117.3455709964037,37,16,37,16,1,1,34,16,31,34
globalvoices-v2018q4-d0323-a0031,globalvoices-v2018q4-doc-4fe098c1d413f906,news,unknown,False,False,False,65,159,False,False,False,112,116,False,False,False,False,214.76831167936325,147.30536533519626,42,27,42,27,1,1,41,27,30,60
globalvoices-v2018q4-d0323-a0032,globalvoices-v2018q4-doc-4fe098c1d413f906,news,unknown,False,False,False,104,260,False,False,False,179,179,False,False,False,False,276.49535138742067,224.8217211663723,70,40,70,40,1,1,64,39,53,85
globalvoices-v2018q4-d0325-a0001,globalvoices-v2018q4-doc-b23dfa7a261dbb17,news,unknown,False,False,False,47,111,False,False,False,86,87,False,False,False,False,187.8359427303076,126.58763093600282,38,21,38,21,1,1,34,21,24,44
globalvoices-v2018q4-d0325-a0002,globalvoices-v2018q4-doc-b23dfa7a261dbb17,news,unknown,False,False,False,35,85,False,False,False,71,71,False,False,False,False,122.2889778772369,69.12068825215101,22,14,22,14,1,1,21,14,18,38
globalvoices-v2018q4-d0325-a0003,globalvoices-v2018q4-doc-b23dfa7a261dbb17,news,unknown,False,False,False,79,189,False,False,False,188,188,False,False,False,False,254.25183609779924,178.76673361007124,61,39,61,39,1,1,60,38,43,94
globalvoices-v2018q4-d0325-a0004,globalvoices-v2018q4-doc-b23dfa7a261dbb17,news,unknown,False,False,False,53,125,False,False,False,116,116,False,False,False,False,151.08134399633855,112.47218943451298,39,33,39,33,1,1,35,29,30,57
globalvoices-v2018q4-d0325-a0005,globalvoices-v2018q4-doc-b23dfa7a261dbb17,news,unknown,False,False,False,67,161,False,False,False,139,139,False,False,False,False,208.47568007698283,138.6288594454527,48,29,48,29,1,1,42,29,34,68
globalvoices-v2018q4-d0325-a0006,globalvoices-v2018q4-doc-b23dfa7a261dbb17,news,unknown,False,False,False,37,91,False,False,False,127,127,False,False,False,False,164.92351203295402,167.52144373767078,31,28,31,28,1,1,27,28,21,65
globalvoices-v2018q4-d0325-a0007,globalvoices-v2018q4-doc-b23dfa7a261dbb17,news,unknown,False,False,False,35,85,False,False,False,108,108,False,False,False,False,124.2852335870266,119.71001253812574,23,20,23,20,1,1,21,20,18,53
globalvoices-v2018q4-d0330-a0001,globalvoices-v2018q4-doc-6c611440487efdcf,news,unknown,False,False,False,44,106,False,False,False,81,82,False,False,False,False,163.8249746253714,114.73389410972597,31,15,31,15,1,1,28,15,23,38
globalvoices-v2018q4-d0330-a0002,globalvoices-v2018q4-doc-6c611440487efdcf,news,unknown,False,False,False,103,233,False,False,False,205,205,False,False,False,False,286.92536853748607,208.2274405173957,76,43,76,43,1,1,63,42,52,105
globalvoices-v2018q4-d0330-a0003,globalvoices-v2018q4-doc-6c611440487efdcf,news,unknown,False,False,False,58,144,False,False,False,138,142,False,False,False,False,135.92181392211933,118.434979358688,46,25,46,25,1,1,35,25,28,71
globalvoices-v2018q4-d0330-a0004,globalvoices-v2018q4-doc-6c611440487efdcf,news,unknown,False,False,False,100,218,False,False,False,205,205,False,False,False,False,318.8641967191361,219.36755693890152,76,50,76,50,1,1,63,42,48,98
globalvoices-v2018q4-d0330-a0005,globalvoices-v2018q4-doc-6c611440487efdcf,news,unknown,False,False,False,53,119,False,False,False,82,82,False,False,False,False,179.55529461055994,124.08263075351717,35,19,35,19,1,1,29,18,30,43
globalvoices-v2018q4-d0330-a0006,globalvoices-v2018q4-doc-6c611440487efdcf,news,unknown,False,False,False,72,160,False,False,False,127,127,False,False,False,False,198.0295948139392,133.6532504465431,55,35,55,35,1,1,42,28,35,56
globalvoices-v2018q4-d0330-a0007,globalvoices-v2018q4-doc-6c611440487efdcf,news,unknown,False,False,False,82,208,False,False,False,163,165,False,False,False,False,246.79962409658765,155.20981607958674,50,32,50,32,1,1,46,32,44,83
globalvoices-v2018q4-d0330-a0008,globalvoices-v2018q4-doc-6c611440487efdcf,news,unknown,False,False,False,38,82,False,False,False,78,78,False,False,False,False,123.8772865086794,81.03188841883093,31,26,31,26,1,1,24,22,22,39
globalvoices-v2018q4-d0330-a0009,globalvoices-v2018q4-doc-6c611440487efdcf,news,unknown,False,False,False,16,36,False,False,False,48,48,False,False,False,False,78.86445105075836,58.9386773519218,13,13,13,13,1,1,13,12,11,24
globalvoices-v2018q4-d0330-a0010,globalvoices-v2018q4-doc-6c611440487efdcf,news,unknown,False,False,False,37,87,False,False,False,60,60,False,False,False,False,111.15983143885389,79.65106928348541,29,10,29,10,1,1,23,11,20,30
globalvoices-v2018q4-d0330-a0011,globalvoices-v2018q4-doc-6c611440487efdcf,news,unknown,False,False,False,75,187,False,False,False,149,149,False,False,False,False,294.5932473083958,175.1077043544501,51,36,51,36,1,1,45,37,39,76
globalvoices-v2018q4-d0330-a0012,globalvoices-v2018q4-doc-6c611440487efdcf,news,unknown,False,False,False,59,147,False,False,False,95,95,False,False,False,False,198.95804592221975,151.98904764652252,39,21,39,21,1,1,37,22,31,49
globalvoices-v2018q4-d0330-a0013,globalvoices-v2018q4-doc-6c611440487efdcf,news,unknown,False,False,False,57,141,False,False,False,159,159,False,False,False,False,178.08069590106606,168.45043544471264,35,32,35,32,1,1,33,32,28,72
globalvoices-v2018q4-d0330-a0014,globalvoices-v2018q4-doc-6c611440487efdcf,news,unknown,False,False,False,32,80,False,False,False,57,57,False,False,False,False,95.46506968513133,55.894023299217224,20,10,20,10,1,1,18,10,15,24
globalvoices-v2018q4-d0330-a0015,globalvoices-v2018q4-doc-6c611440487efdcf,news,unknown,False,False,False,52,132,False,False,False,119,119,False,False,False,False,212.7811612561345,131.06066085770726,36,25,36,25,1,1,30,25,27,59
globalvoices-v2018q4-d0330-a0016,globalvoices-v2018q4-doc-6c611440487efdcf,news,unknown,False,False,False,58,146,False,False,False,134,134,False,False,False,False,176.2905827141367,158.499622002244,41,29,41,29,1,1,33,28,29,61
globalvoices-v2018q4-d0330-a0017,globalvoices-v2018q4-doc-6c611440487efdcf,news,unknown,False,False,False,31,79,False,False,False,24,24,False,False,False,False,105.01430954039095,59.609912395477295,18,5,18,5,1,1,19,6,17,15
globalvoices-v2018q4-d0330-a0018,globalvoices-v2018q4-doc-6c611440487efdcf,news,unknown,False,False,False,56,140,False,False,False,99,99,False,False,False,False,137.1205873482395,117.31408105790617,32,22,32,22,1,1,29,22,31,45
globalvoices-v2018q4-d0330-a0019,globalvoices-v2018q4-doc-6c611440487efdcf,news,unknown,False,False,False,37,91,False,False,False,124,124,False,False,False,False,156.1805890854448,133.85053950548172,28,21,28,21,1,1,23,21,21,60
globalvoices-v2018q4-d0330-a0020,globalvoices-v2018q4-doc-6c611440487efdcf,news,unknown,False,False,False,12,28,False,False,False,56,56,False,False,False,False,77.90870509296656,129.2784104347229,11,13,11,13,1,1,9,13,7,30
globalvoices-v2018q4-d0330-a0021,globalvoices-v2018q4-doc-6c611440487efdcf,news,unknown,False,False,False,42,102,False,False,False,120,120,False,False,False,False,151.68958741426468,168.91032075881958,29,22,29,22,1,1,26,22,20,59
globalvoices-v2018q4-d0330-a0022,globalvoices-v2018q4-doc-6c611440487efdcf,news,unknown,False,False,False,85,211,False,False,False,132,132,False,False,False,False,264.0429655117914,168.35673137381673,58,28,58,28,1,1,49,28,41,63
globalvoices-v2018q4-d0330-a0023,globalvoices-v2018q4-doc-6c611440487efdcf,news,unknown,False,False,False,28,66,False,False,False,18,18,False,False,False,False,96.48943585157394,40.24568510055542,14,4,14,4,1,1,14,4,14,8
globalvoices-v2018q4-d0330-a0024,globalvoices-v2018q4-doc-6c611440487efdcf,news,unknown,False,False,False,97,235,False,False,False,228,228,False,False,False,False,278.7984256367199,254.07784071564672,77,45,77,45,1,1,62,44,48,109
globalvoices-v2018q4-d0330-a0025,globalvoices-v2018q4-doc-6c611440487efdcf,news,unknown,False,False,False,71,175,False,False,False,129,129,False,False,False,False,176.95474366145208,146.15738858282566,44,23,44,23,1,1,39,23,36,58
globalvoices-v2018q4-d0330-a0026,globalvoices-v2018q4-doc-6c611440487efdcf,news,unknown,False,False,False,54,130,False,False,False,70,70,False,False,False,False,200.6533780395985,107.70358383655548,33,16,33,16,1,1,32,16,29,39
globalvoices-v2018q4-d0330-a0027,globalvoices-v2018q4-doc-6c611440487efdcf,news,unknown,False,False,False,48,120,False,False,False,111,111,False,False,False,False,135.00482049956918,120.91402254998684,31,19,31,19,1,1,28,19,26,51
globalvoices-v2018q4-d0330-a0028,globalvoices-v2018q4-doc-6c611440487efdcf,news,unknown,False,False,False,109,273,False,False,False,105,105,False,False,False,False,303.68799217196647,107.1088881790638,63,22,63,22,1,1,53,22,53,48
globalvoices-v2018q4-d0330-a0029,globalvoices-v2018q4-doc-6c611440487efdcf,news,unknown,False,False,False,32,82,False,False,False,62,62,False,False,False,False,79.14279662445188,104.39392578601836,21,15,21,15,1,1,17,14,16,36
globalvoices-v2018q4-d0330-a0030,globalvoices-v2018q4-doc-6c611440487efdcf,news,unknown,False,False,False,23,57,False,False,False,26,26,False,False,False,False,85.42057028412819,49.063372790813446,11,7,11,7,1,1,11,7,11,14
globalvoices-v2018q4-d0330-a0031,globalvoices-v2018q4-doc-6c611440487efdcf,news,unknown,False,False,False,58,140,False,False,False,157,157,False,False,False,False,183.419945076108,150.80976589024067,41,30,41,30,1,1,36,30,30,73
globalvoices-v2018q4-d0330-a0032,globalvoices-v2018q4-doc-6c611440487efdcf,news,unknown,False,False,False,81,205,False,False,False,127,127,False,False,False,False,301.6855186605826,214.49444124102592,53,27,53,27,1,1,51,27,38,71
globalvoices-v2018q4-d0330-a0033,globalvoices-v2018q4-doc-6c611440487efdcf,news,unknown,False,False,False,54,136,False,False,False,114,114,False,False,False,False,158.97907817736268,130.5571366008371,32,21,32,21,1,1,28,21,28,56
globalvoices-v2018q4-d0330-a0034,globalvoices-v2018q4-doc-6c611440487efdcf,news,unknown,False,False,False,45,109,False,False,False,64,64,False,False,False,False,103.62733469263183,78.0529054403305,27,13,27,13,1,1,26,13,24,34
globalvoices-v2018q4-d0330-a0035,globalvoices-v2018q4-doc-6c611440487efdcf,news,unknown,False,False,False,62,146,False,False,False,84,84,False,False,False,False,220.99550611058655,132.02290504425764,44,21,44,21,1,1,39,19,33,38
globalvoices-v2018q4-d0330-a0036,globalvoices-v2018q4-doc-6c611440487efdcf,news,unknown,False,False,False,50,116,False,False,False,64,64,False,False,False,False,140.52669770893408,98.16694450378418,34,15,34,15,1,1,27,13,23,29
globalvoices-v2018q4-d0330-a0037,globalvoices-v2018q4-doc-6c611440487efdcf,news,unknown,False,False,False,50,116,False,False,False,65,65,False,False,False,False,144.57288757452625,114.13178753852844,33,18,33,18,1,1,26,15,25,29
globalvoices-v2018q4-d0330-a0038,globalvoices-v2018q4-doc-6c611440487efdcf,news,unknown,False,False,False,67,149,False,False,False,125,125,False,False,False,False,215.81533560551543,116.78914034366608,51,35,51,35,1,1,40,30,32,60
globalvoices-v2018q4-d0330-a0039,globalvoices-v2018q4-doc-6c611440487efdcf,news,unknown,False,False,False,71,181,False,False,False,88,88,False,False,False,False,255.96729489043355,133.96559137105942,51,18,51,18,1,1,51,18,40,48
globalvoices-v2018q4-d0336-a0001,globalvoices-v2018q4-doc-9e16f14a4b465b0f,news,unknown,False,False,False,28,58,False,False,False,55,56,False,False,False,False,88.75764138810337,100.89909961819647,23,14,23,14,1,1,19,12,17,27
globalvoices-v2018q4-d0336-a0002,globalvoices-v2018q4-doc-9e16f14a4b465b0f,news,unknown,False,False,False,21,47,False,False,False,50,50,False,False,False,False,145.14726738631725,63.59653239347972,18,16,18,16,1,1,17,15,13,26
globalvoices-v2018q4-d0336-a0003,globalvoices-v2018q4-doc-9e16f14a4b465b0f,news,unknown,False,False,False,11,27,False,False,False,25,25,False,False,False,False,56.19568880740553,42.49335592985153,11,5,11,5,1,1,8,5,6,13
globalvoices-v2018q4-d0336-a0004,globalvoices-v2018q4-doc-9e16f14a4b465b0f,news,unknown,False,False,False,119,283,False,False,False,295,295,False,False,False,False,397.8597473895643,235.72543288872112,96,79,96,79,1,1,83,71,65,149
globalvoices-v2018q4-d0336-a0005,globalvoices-v2018q4-doc-9e16f14a4b465b0f,news,unknown,False,False,False,82,204,False,False,False,130,130,False,False,False,False,292.2623269651085,148.94661552272737,55,31,55,31,1,1,51,30,44,63
globalvoices-v2018q4-d0336-a0006,globalvoices-v2018q4-doc-9e16f14a4b465b0f,news,unknown,False,False,False,59,145,False,False,False,261,261,False,False,False,False,219.8835538327694,296.54440566012636,40,56,40,56,1,1,38,53,32,128
globalvoices-v2018q4-d0336-a0007,globalvoices-v2018q4-doc-9e16f14a4b465b0f,news,unknown,False,False,False,60,138,False,False,False,173,173,False,False,False,False,154.82885924121365,201.5601896354929,44,40,44,40,1,1,39,37,30,82
globalvoices-v2018q4-d0336-a0008,globalvoices-v2018q4-doc-9e16f14a4b465b0f,news,unknown,False,False,False,48,116,False,False,False,148,148,False,False,False,False,163.1003821627237,152.75865034892922,35,31,35,31,1,1,30,30,26,72
globalvoices-v2018q4-d0336-a0009,globalvoices-v2018q4-doc-9e16f14a4b465b0f,news,unknown,False,False,False,53,121,False,False,False,111,111,False,False,False,False,156.84480817709118,149.41112404875457,39,19,39,19,1,1,33,19,27,53
globalvoices-v2018q4-d0336-a0010,globalvoices-v2018q4-doc-9e16f14a4b465b0f,news,unknown,False,False,False,39,95,False,False,False,172,174,False,False,False,False,134.87168893124908,291.9562312299313,25,62,25,62,1,1,22,54,16,92
globalvoices-v2018q4-d0336-a0011,globalvoices-v2018q4-doc-9e16f14a4b465b0f,news,unknown,False,False,False,123,239,False,False,False,177,179,False,False,False,False,444.3979825908318,332.9554744026391,87,58,87,58,1,1,75,52,65,95
globalvoices-v2018q4-d0336-a0012,globalvoices-v2018q4-doc-9e16f14a4b465b0f,news,unknown,False,False,False,43,103,False,False,False,82,82,False,False,False,False,134.22510698030237,153.03835260868073,31,20,31,20,1,1,27,19,25,43
globalvoices-v2018q4-d0336-a0013,globalvoices-v2018q4-doc-9e16f14a4b465b0f,news,unknown,False,False,False,144,348,False,False,False,309,309,False,False,False,False,450.27473779476713,345.83964384905994,100,78,100,78,1,1,82,74,73,159
globalvoices-v2018q4-d0336-a0014,globalvoices-v2018q4-doc-9e16f14a4b465b0f,news,unknown,False,False,False,62,150,False,False,False,132,132,False,False,False,False,243.17028127238152,221.62133505940437,45,31,45,31,1,1,35,28,33,70
globalvoices-v2018q4-d0336-a0015,globalvoices-v2018q4-doc-9e16f14a4b465b0f,news,unknown,False,False,False,42,106,False,False,False,103,103,False,False,False,False,152.8838473856449,129.90565155493096,27,22,27,22,1,1,27,21,23,49
globalvoices-v2018q4-d0336-a0016,globalvoices-v2018q4-doc-9e16f14a4b465b0f,news,unknown,False,False,False,56,140,False,False,False,149,149,False,False,False,False,164.73904500762,134.25777687318623,32,37,32,37,1,1,30,34,28,70
globalvoices-v2018q4-d0336-a0017,globalvoices-v2018q4-doc-9e16f14a4b465b0f,news,unknown,False,False,False,108,258,False,False,False,211,211,False,False,False,False,317.6353987612529,185.3006276199594,70,40,70,40,1,1,64,39,57,95
globalvoices-v2018q4-d0336-a0018,globalvoices-v2018q4-doc-9e16f14a4b465b0f,news,unknown,False,False,False,37,75,False,False,False,44,44,False,False,False,False,180.67467886209488,162.7563512325287,22,15,22,15,1,1,21,15,24,27
globalvoices-v2018q4-d0336-a0019,globalvoices-v2018q4-doc-9e16f14a4b465b0f,news,unknown,False,False,False,35,85,False,False,False,51,51,False,False,False,False,111.10016186721624,109.94729802012444,24,14,24,14,1,1,22,14,19,29
globalvoices-v2018q4-d0336-a0020,globalvoices-v2018q4-doc-9e16f14a4b465b0f,news,unknown,False,False,False,4,8,False,False,False,26,26,False,False,False,False,34.5847852230072,56.03035593032837,4,6,4,6,1,1,4,6,3,11
globalvoices-v2018q4-d0336-a0021,globalvoices-v2018q4-doc-9e16f14a4b465b0f,news,unknown,False,False,False,20,50,False,False,False,59,59,False,False,False,False,71.0142834186554,58.794315576553345,11,12,11,12,1,1,11,12,12,28
globalvoices-v2018q4-d0336-a0022,globalvoices-v2018q4-doc-9e16f14a4b465b0f,news,unknown,False,False,False,14,36,False,False,False,31,31,False,False,False,False,68.24991834163666,48.51683124899864,10,7,10,7,1,1,9,7,10,18
globalvoices-v2018q4-d0336-a0023,globalvoices-v2018q4-doc-9e16f14a4b465b0f,news,unknown,False,False,False,18,44,False,False,False,31,31,False,False,False,False,82.6577587723732,67.22082877159119,14,8,14,8,1,1,13,7,11,17
globalvoices-v2018q4-d0336-a0024,globalvoices-v2018q4-doc-9e16f14a4b465b0f,news,unknown,False,False,False,30,76,False,False,False,38,38,False,False,False,False,110.45675650238992,64.63300687074661,20,9,20,9,1,1,19,9,14,21
globalvoices-v2018q4-d0336-a0025,globalvoices-v2018q4-doc-9e16f14a4b465b0f,news,unknown,False,False,False,33,81,False,False,False,36,36,False,False,False,False,136.99214413389564,72.9993063211441,24,10,24,10,1,1,20,10,19,20
globalvoices-v2018q4-d0336-a0026,globalvoices-v2018q4-doc-9e16f14a4b465b0f,news,unknown,False,False,False,33,79,False,False,False,26,26,False,False,False,False,106.78346621990204,60.14915704727173,18,6,18,6,1,1,18,6,20,12
globalvoices-v2018q4-d0336-a0027,globalvoices-v2018q4-doc-9e16f14a4b465b0f,news,unknown,False,False,False,10,24,False,False,False,23,23,False,False,False,False,98.25080680847168,52.24740073084831,10,9,10,9,1,1,9,9,8,14
globalvoices-v2018q4-d0336-a0028,globalvoices-v2018q4-doc-9e16f14a4b465b0f,news,unknown,False,False,False,10,26,False,False,False,25,25,False,False,False,False,58.99865489639342,41.94824314117432,11,5,11,5,1,1,8,5,6,13
globalvoices-v2018q4-d0336-a0029,globalvoices-v2018q4-doc-9e16f14a4b465b0f,news,unknown,False,False,False,30,74,False,False,False,43,43,False,False,False,False,115.50394987501204,84.40962193906307,21,11,21,11,1,1,18,10,17,24
globalvoices-v2018q4-d0336-a0030,globalvoices-v2018q4-doc-9e16f14a4b465b0f,news,unknown,False,False,False,61,149,False,False,False,122,122,False,False,False,False,240.6665469110012,157.7813177704811,42,26,42,26,1,1,37,25,34,62
globalvoices-v2018q4-d0336-a0031,globalvoices-v2018q4-doc-9e16f14a4b465b0f,news,unknown,False,False,False,63,157,False,False,False,140,140,False,False,False,False,213.6274070730433,145.447079092497,37,27,37,27,1,1,33,26,30,71
globalvoices-v2018q4-d0336-a0032,globalvoices-v2018q4-doc-9e16f14a4b465b0f,news,unknown,False,False,False,59,145,False,False,False,89,89,False,False,False,False,177.0842686338292,103.07180414162576,43,22,43,22,1,1,41,20,31,44
globalvoices-v2018q4-d0336-a0033,globalvoices-v2018q4-doc-9e16f14a4b465b0f,news,unknown,False,False,False,151,263,False,False,False,196,196,False,False,False,False,357.8465218669735,283.6918858252466,80,52,80,52,1,1,72,47,81,96
globalvoices-v2018q4-d0336-a0034,globalvoices-v2018q4-doc-9e16f14a4b465b0f,news,unknown,False,False,False,55,139,False,False,False,113,113,False,False,False,False,180.57059358805415,146.15393096208572,39,22,39,22,1,1,36,22,27,52
globalvoices-v2018q4-d0336-a0035,globalvoices-v2018q4-doc-9e16f14a4b465b0f,news,unknown,False,False,False,71,175,False,False,False,259,259,False,False,False,False,304.58202251791954,254.05736219137907,56,51,56,51,1,1,51,51,39,125
globalvoices-v2018q4-d0336-a0036,globalvoices-v2018q4-doc-9e16f14a4b465b0f,news,unknown,False,False,False,35,61,False,False,False,98,100,False,False,False,False,110.70031678851228,128.38599601387978,31,31,31,31,1,1,26,26,19,45
globalvoices-v2018q4-d0336-a0037,globalvoices-v2018q4-doc-9e16f14a4b465b0f,news,unknown,False,False,False,91,223,False,False,False,207,207,False,False,False,False,304.50198103813455,226.67337581701577,66,43,66,43,1,1,58,41,49,101
globalvoices-v2018q4-d0336-a0038,globalvoices-v2018q4-doc-9e16f14a4b465b0f,news,unknown,False,False,False,62,144,False,False,False,205,205,False,False,False,False,197.3199877794832,214.8710794420913,41,53,41,53,1,1,39,50,31,101
globalvoices-v2018q4-d0336-a0039,globalvoices-v2018q4-doc-9e16f14a4b465b0f,news,unknown,False,False,False,78,190,False,False,False,170,170,False,False,False,False,264.04788429290056,164.2386169731617,57,32,57,32,1,1,54,32,43,87
globalvoices-v2018q4-d0336-a0040,globalvoices-v2018q4-doc-9e16f14a4b465b0f,news,unknown,False,False,False,55,135,False,False,False,94,94,False,False,False,False,156.35956899821758,104.5958990752697,32,19,32,19,1,1,31,19,30,51
globalvoices-v2018q4-d0336-a0041,globalvoices-v2018q4-doc-9e16f14a4b465b0f,news,unknown,False,False,False,60,146,False,False,False,81,81,False,False,False,False,222.8134427415207,137.44092023368285,38,24,38,24,1,1,37,24,34,42
globalvoices-v2018q4-d0336-a0042,globalvoices-v2018q4-doc-9e16f14a4b465b0f,news,unknown,False,False,False,108,266,False,False,False,432,432,False,False,False,False,318.80118766927626,660.5428483784199,69,88,69,88,1,1,62,85,55,204
globalvoices-v2018q4-d0336-a0043,globalvoices-v2018q4-doc-9e16f14a4b465b0f,news,unknown,False,False,False,84,198,False,False,False,289,289,False,False,False,False,274.39327808842063,267.9274214032339,57,51,57,51,1,1,51,50,43,139
globalvoices-v2018q4-d0336-a0044,globalvoices-v2018q4-doc-9e16f14a4b465b0f,news,unknown,False,False,False,101,233,False,False,False,171,171,False,False,False,False,337.3365677302936,177.29601485468447,61,37,61,37,1,1,57,36,56,87
globalvoices-v2018q4-d0336-a0045,globalvoices-v2018q4-doc-9e16f14a4b465b0f,news,unknown,False,False,False,9,23,False,False,False,22,22,False,False,False,False,55.41276478767395,35.69164025783539,7,4,7,4,1,1,6,4,4,10
globalvoices-v2018q4-d0336-a0046,globalvoices-v2018q4-doc-9e16f14a4b465b0f,news,unknown,False,False,False,16,40,False,False,False,48,48,False,False,False,False,93.23856021463872,78.92324739694595,12,10,12,10,1,1,11,10,7,23
globalvoices-v2018q4-d0336-a0047,globalvoices-v2018q4-doc-9e16f14a4b465b0f,news,unknown,False,False,False,21,55,False,False,False,42,42,False,False,False,False,86.49869995564222,59.44250738620758,15,6,15,6,1,1,14,6,10,21
globalvoices-v2018q4-d0336-a0048,globalvoices-v2018q4-doc-9e16f14a4b465b0f,news,unknown,False,False,False,32,80,False,False,False,49,49,False,False,False,False,102.58803795138374,83.12887144088745,25,10,25,10,1,1,22,9,17,27
globalvoices-v2018q4-d0336-a0049,globalvoices-v2018q4-doc-9e16f14a4b465b0f,news,unknown,False,False,False,10,24,False,False,False,27,27,False,False,False,False,58.15960383415222,53.82099092006683,8,6,8,6,1,1,7,6,5,12
globalvoices-v2018q4-d0336-a0050,globalvoices-v2018q4-doc-9e16f14a4b465b0f,news,unknown,False,False,False,38,100,False,False,False,56,56,False,False,False,False,181.14253887534144,76.72023731470108,27,10,27,10,1,1,27,10,21,24
globalvoices-v2018q4-d0336-a0051,globalvoices-v2018q4-doc-9e16f14a4b465b0f,news,unknown,False,False,False,14,20,False,False,False,44,44,True,False,False,False,74.4426281452179,62.68767219781875,8,9,8,9,1,1,8,9,13,20
globalvoices-v2018q4-d0339-a0001,globalvoices-v2018q4-doc-cb78c90b00837183,news,unknown,False,False,False,27,63,False,False,False,72,73,False,False,False,False,102.96481648087502,92.17271518707275,17,17,17,17,1,1,15,17,13,33
globalvoices-v2018q4-d0339-a0002,globalvoices-v2018q4-doc-cb78c90b00837183,news,unknown,False,False,False,53,63,False,False,False,59,59,False,False,False,False,117.01117858698126,89.18776677607093,19,16,19,16,1,1,20,16,30,35
globalvoices-v2018q4-d0339-a0003,globalvoices-v2018q4-doc-cb78c90b00837183,news,unknown,False,False,False,55,129,False,False,False,104,104,False,False,False,False,143.7385785728693,104.62264670454896,38,23,38,23,1,1,33,20,27,46
globalvoices-v2018q4-d0339-a0004,globalvoices-v2018q4-doc-cb78c90b00837183,news,unknown,False,False,False,24,58,False,False,False,53,57,False,False,False,False,110.09248206019402,75.91959668695927,16,14,16,14,1,1,15,14,14,26
globalvoices-v2018q4-d0339-a0005,globalvoices-v2018q4-doc-cb78c90b00837183,news,unknown,False,False,False,52,128,False,False,False,106,106,False,False,False,False,226.57385980710387,115.35022330703214,39,30,39,30,1,1,34,27,29,53
globalvoices-v2018q4-d0339-a0006,globalvoices-v2018q4-doc-cb78c90b00837183,news,unknown,False,False,False,93,233,False,False,False,231,231,False,False,False,False,281.1158452485688,203.1485107516055,67,45,67,45,1,1,56,44,45,108
globalvoices-v2018q4-d0339-a0007,globalvoices-v2018q4-doc-cb78c90b00837183,news,unknown,False,False,False,33,83,False,False,False,70,70,False,False,False,False,105.97845235839486,95.96197867393494,19,11,19,11,1,1,16,11,17,34
globalvoices-v2018q4-d0339-a0008,globalvoices-v2018q4-doc-cb78c90b00837183,news,unknown,False,False,False,151,363,False,False,False,148,148,False,False,False,False,417.3710813255748,143.73898616805673,98,27,98,27,1,1,80,27,70,76
globalvoices-v2018q4-d0339-a0009,globalvoices-v2018q4-doc-cb78c90b00837183,news,unknown,False,False,False,36,88,False,False,False,94,94,False,False,False,False,94.33519741520286,97.9042330365628,25,19,25,19,1,1,24,19,20,43
globalvoices-v2018q4-d0339-a0010,globalvoices-v2018q4-doc-cb78c90b00837183,news,unknown,False,False,False,38,96,False,False,False,96,96,False,False,False,False,186.98396921902895,71.06423477828503,32,18,32,18,1,1,29,18,21,45
globalvoices-v2018q4-d0339-a0011,globalvoices-v2018q4-doc-cb78c90b00837183,news,unknown,False,False,False,69,139,False,False,False,53,53,False,False,False,False,268.0304885208607,57.72510230541229,41,9,41,9,1,1,37,10,36,25
globalvoices-v2018q4-d0339-a0012,globalvoices-v2018q4-doc-cb78c90b00837183,news,unknown,False,False,False,42,62,False,False,False,53,53,False,False,False,False,132.5214288452844,59.22410599887371,29,13,29,13,1,1,24,14,27,28
globalvoices-v2018q4-d0339-a0013,globalvoices-v2018q4-doc-cb78c90b00837183,news,unknown,False,False,False,69,139,False,False,False,115,115,False,False,False,False,268.0304885208607,155.1524733901024,41,22,41,22,1,1,37,22,36,55
globalvoices-v2018q4-d0339-a0014,globalvoices-v2018q4-doc-cb78c90b00837183,news,unknown,False,False,False,53,133,False,False,False,131,131,False,False,False,False,262.4622564916499,132.0116941332817,46,25,46,25,1,1,39,25,29,60
globalvoices-v2018q4-d0339-a0015,globalvoices-v2018q4-doc-cb78c90b00837183,news,unknown,False,False,False,37,93,False,False,False,72,74,False,False,False,False,118.22043707966805,111.21553927659988,22,15,22,15,1,1,20,15,20,40
globalvoices-v2018q4-d0339-a0016,globalvoices-v2018q4-doc-cb78c90b00837183,news,unknown,False,False,False,80,188,False,False,False,184,186,False,False,False,False,258.91815662002773,191.08587580919263,61,37,61,37,1,1,48,35,42,85
globalvoices-v2018q4-d0339-a0017,globalvoices-v2018q4-doc-cb78c90b00837183,news,unknown,False,False,False,40,98,False,False,False,101,101,False,False,False,False,145.0070083271712,110.17700061202048,27,22,27,22,1,1,23,22,20,53
globalvoices-v2018q4-d0339-a0018,globalvoices-v2018q4-doc-cb78c90b00837183,news,unknown,False,False,False,62,150,False,False,False,156,156,False,False,False,False,196.4770709254035,108.68101121485232,41,29,41,29,1,1,34,29,32,75
globalvoices-v2018q4-d0339-a0019,globalvoices-v2018q4-doc-cb78c90b00837183,news,unknown,False,False,False,57,141,False,False,False,117,117,False,False,False,False,186.016971539706,144.3820780608803,42,22,42,22,1,1,34,22,28,59
globalvoices-v2018q4-d0339-a0020,globalvoices-v2018q4-doc-cb78c90b00837183,news,unknown,False,False,False,85,183,False,False,False,130,130,False,False,False,False,274.79271426796913,158.76427475828677,50,28,50,28,1,1,45,28,47,62
globalvoices-v2018q4-d0339-a0021,globalvoices-v2018q4-doc-cb78c90b00837183,news,unknown,False,False,False,62,154,False,False,False,124,124,False,False,False,False,182.55043675750497,147.85613146424294,39,24,39,24,1,1,35,24,30,61
globalvoices-v2018q4-d0339-a0022,globalvoices-v2018q4-doc-cb78c90b00837183,news,unknown,False,False,False,15,35,False,False,False,4,4,False,False,False,False,66.15166818816215,23.362761974334717,12,2,12,2,1,1,10,2,8,3
globalvoices-v2018q4-d0339-a0023,globalvoices-v2018q4-doc-cb78c90b00837183,news,unknown,False,False,False,44,108,False,False,False,121,121,False,False,False,False,142.42263882234693,129.3597525730729,31,20,31,20,1,1,26,20,23,55
globalvoices-v2018q4-d0339-a0024,globalvoices-v2018q4-doc-cb78c90b00837183,news,unknown,False,False,False,43,99,False,False,False,101,101,False,False,False,False,174.95799923950108,116.02112201415002,36,29,36,29,1,1,31,27,21,54
globalvoices-v2018q4-d0339-a0025,globalvoices-v2018q4-doc-cb78c90b00837183,news,unknown,False,False,False,45,103,False,False,False,110,110,False,False,False,False,173.1616164445877,129.0930304247886,34,25,34,25,1,1,29,24,25,59
globalvoices-v2018q4-d0339-a0026,globalvoices-v2018q4-doc-cb78c90b00837183,news,unknown,False,False,False,29,69,False,False,False,68,68,False,False,False,False,139.72007286548617,107.6070259809494,23,16,23,16,1,1,21,16,17,33
globalvoices-v2018q4-d0339-a0027,globalvoices-v2018q4-doc-cb78c90b00837183,news,unknown,False,False,False,58,146,False,False,False,96,96,False,False,False,False,219.9313873797655,110.0122288390994,41,22,41,22,1,1,36,22,29,47
globalvoices-v2018q4-d0339-a0028,globalvoices-v2018q4-doc-cb78c90b00837183,news,unknown,False,False,False,47,115,False,False,False,123,123,False,False,False,False,173.02598384022713,125.11786853708328,32,27,32,27,1,1,27,26,24,64
globalvoices-v2018q4-d0339-a0029,globalvoices-v2018q4-doc-cb78c90b00837183,news,unknown,False,False,False,25,65,False,False,False,57,59,False,False,False,False,110.60690286755562,69.73637676239014,17,12,17,12,1,1,14,12,15,31
globalvoices-v2018q4-d0339-a0030,globalvoices-v2018q4-doc-cb78c90b00837183,news,unknown,False,False,False,33,85,False,False,False,22,22,False,False,False,False,105.0947495829314,61.27380156517029,20,5,20,5,1,1,18,5,15,11
globalvoices-v2018q4-d0339-a0031,globalvoices-v2018q4-doc-cb78c90b00837183,news,unknown,False,False,False,10,10,False,False,False,31,31,True,False,False,False,26.63205339759588,43.543846130371094,4,7,4,7,1,1,4,7,7,18
globalvoices-v2018q4-d0339-a0032,globalvoices-v2018q4-doc-cb78c90b00837183,news,unknown,False,False,False,51,71,False,False,False,145,145,False,False,False,False,193.8327416398679,147.31623090058565,34,28,34,28,1,1,32,27,34,77
globalvoices-v2018q4-d0339-a0033,globalvoices-v2018q4-doc-cb78c90b00837183,news,unknown,False,False,False,25,65,False,False,False,124,124,False,False,False,False,110.60690286755562,134.84898152947426,17,19,17,19,1,1,14,19,15,57
globalvoices-v2018q4-d0339-a0034,globalvoices-v2018q4-doc-cb78c90b00837183,news,unknown,False,False,False,13,13,False,False,False,40,40,True,False,False,False,94.94719743728638,75.39960980415344,9,9,9,9,1,1,9,9,12,23
globalvoices-v2018q4-d0339-a0035,globalvoices-v2018q4-doc-cb78c90b00837183,news,unknown,False,False,False,58,144,False,False,False,123,123,False,False,False,False,183.2192216951662,121.9668346196413,44,21,44,21,1,1,35,21,27,56
globalvoices-v2018q4-d0339-a0036,globalvoices-v2018q4-doc-cb78c90b00837183,news,unknown,False,False,False,82,208,False,False,False,146,148,False,False,False,False,223.96744103526,151.11573135852814,50,26,50,26,1,1,42,26,42,76
globalvoices-v2018q4-d0339-a0037,globalvoices-v2018q4-doc-cb78c90b00837183,news,unknown,False,False,False,79,175,False,False,False,136,136,False,False,False,False,213.77618021145463,129.22436249256134,45,23,45,23,1,1,41,23,40,66
globalvoices-v2018q4-d0339-a0038,globalvoices-v2018q4-doc-cb78c90b00837183,news,unknown,False,False,False,35,81,False,False,False,90,90,False,False,False,False,156.92974977195263,105.65974967181684,29,22,29,22,1,1,26,21,20,40
globalvoices-v2018q4-d0339-a0039,globalvoices-v2018q4-doc-cb78c90b00837183,news,unknown,False,False,False,74,186,False,False,False,169,169,False,False,False,False,219.8359159245156,143.69113114662468,50,34,50,34,1,1,41,34,39,78
globalvoices-v2018q4-d0340-a0001,globalvoices-v2018q4-doc-7a18f41ca3ca9e77,news,unknown,False,False,False,32,80,False,False,False,94,95,False,False,False,False,135.5046058813423,134.97969153523445,25,21,25,21,1,1,26,21,16,46
globalvoices-v2018q4-d0340-a0002,globalvoices-v2018q4-doc-7a18f41ca3ca9e77,news,unknown,False,False,False,25,61,False,False,False,50,50,False,False,False,False,123.17796329036356,74.0125629901886,22,11,22,11,1,1,21,11,13,23
globalvoices-v2018q4-d0340-a0003,globalvoices-v2018q4-doc-7a18f41ca3ca9e77,news,unknown,False,False,False,24,24,False,False,False,24,24,True,False,False,False,50.831223249435425,50.831223249435425,6,6,6,6,1,1,6,6,15,15
globalvoices-v2018q4-d0340-a0004,globalvoices-v2018q4-doc-7a18f41ca3ca9e77,news,unknown,False,False,False,22,26,False,False,False,26,26,False,False,False,False,62.60331416130066,49.80281114578247,7,6,7,6,1,1,7,6,13,14
globalvoices-v2018q4-d0340-a0005,globalvoices-v2018q4-doc-7a18f41ca3ca9e77,news,unknown,False,False,False,115,281,False,False,False,189,191,False,False,False,False,308.55397416837513,156.7437682163436,87,37,87,37,1,1,76,36,61,96
globalvoices-v2018q4-d0340-a0006,globalvoices-v2018q4-doc-7a18f41ca3ca9e77,news,unknown,False,False,False,72,178,False,False,False,177,177,False,False,False,False,187.12982791333343,168.02463062666357,56,42,56,42,1,1,50,40,35,90
globalvoices-v2018q4-d0340-a0007,globalvoices-v2018q4-doc-7a18f41ca3ca9e77,news,unknown,False,False,False,119,257,False,False,False,173,173,False,False,False,False,324.5821382275317,192.56679233908653,76,36,76,36,1,1,67,36,62,80
globalvoices-v2018q4-d0340-a0008,globalvoices-v2018q4-doc-7a18f41ca3ca9e77,news,unknown,False,False,False,93,231,False,False,False,200,200,False,False,False,False,295.2253104513511,194.0851547420025,73,36,73,36,1,1,60,36,49,99
globalvoices-v2018q4-d0340-a0009,globalvoices-v2018q4-doc-7a18f41ca3ca9e77,news,unknown,False,False,False,95,239,False,False,False,177,179,False,False,False,False,233.88989804679295,205.47312594484535,66,34,66,34,1,1,65,34,51,85
globalvoices-v2018q4-d0340-a0010,globalvoices-v2018q4-doc-7a18f41ca3ca9e77,news,unknown,False,False,False,39,77,False,False,False,89,89,False,False,False,False,138.1577046206221,74.43807437967916,25,25,25,25,1,1,24,21,25,44
globalvoices-v2018q4-d0340-a0011,globalvoices-v2018q4-doc-7a18f41ca3ca9e77,news,unknown,False,False,False,49,121,False,False,False,134,134,False,False,False,False,169.5060527920723,104.25561217963696,34,26,34,26,1,1,33,24,27,59
globalvoices-v2018q4-d0340-a0012,globalvoices-v2018q4-doc-7a18f41ca3ca9e77,news,unknown,False,False,False,52,124,False,False,False,72,72,False,False,False,False,150.70173439686187,89.36954616010189,39,17,39,17,1,1,30,16,27,37
globalvoices-v2018q4-d0340-a0013,globalvoices-v2018q4-doc-7a18f41ca3ca9e77,news,unknown,False,False,False,41,99,False,False,False,77,77,False,False,False,False,138.02381373057142,82.99034108221531,30,14,30,14,1,1,25,14,22,39
globalvoices-v2018q4-d0340-a0014,globalvoices-v2018q4-doc-7a18f41ca3ca9e77,news,unknown,False,False,False,46,106,False,False,False,85,85,False,False,False,False,128.193146989448,82.61366084218025,38,20,38,20,1,1,30,19,23,45
globalvoices-v2018q4-d0340-a0015,globalvoices-v2018q4-doc-7a18f41ca3ca9e77,news,unknown,False,False,False,78,194,False,False,False,175,179,False,False,False,False,191.27298390606305,143.7408989900723,63,31,63,31,1,1,48,31,36,84
globalvoices-v2018q4-d0340-a0016,globalvoices-v2018q4-doc-7a18f41ca3ca9e77,news,unknown,False,False,False,28,68,False,False,False,57,57,False,False,False,False,115.42471363767982,80.43076464533806,23,12,23,12,1,1,22,14,16,29
globalvoices-v2018q4-d0340-a0017,globalvoices-v2018q4-doc-7a18f41ca3ca9e77,news,unknown,False,False,False,71,181,False,False,False,140,142,False,False,False,False,252.8168889901135,163.0488649457693,53,23,53,23,1,1,43,23,40,65
globalvoices-v2018q4-d0340-a0018,globalvoices-v2018q4-doc-7a18f41ca3ca9e77,news,unknown,False,False,False,59,145,False,False,False,118,118,False,False,False,False,173.2038668077439,135.106396317482,38,27,38,27,1,1,36,27,32,56
globalvoices-v2018q4-d0340-a0019,globalvoices-v2018q4-doc-7a18f41ca3ca9e77,news,unknown,False,False,False,92,224,False,False,False,136,136,False,False,False,False,301.24024210497737,157.31830898299813,59,25,59,25,1,1,56,26,48,62
globalvoices-v2018q4-d0340-a0020,globalvoices-v2018q4-doc-7a18f41ca3ca9e77,news,unknown,False,False,False,54,138,False,False,False,133,135,False,False,False,False,175.04303302802143,170.28612595889717,40,24,40,24,1,1,36,24,27,70
globalvoices-v2018q4-d0340-a0021,globalvoices-v2018q4-doc-7a18f41ca3ca9e77,news,unknown,False,False,False,41,101,False,False,False,65,67,False,False,False,False,170.2444295138121,96.14602530002594,28,15,28,15,1,1,28,15,25,30
globalvoices-v2018q4-d0340-a0022,globalvoices-v2018q4-doc-7a18f41ca3ca9e77,news,unknown,False,False,False,130,318,False,False,False,165,167,False,False,False,False,315.8015892854892,182.4683853238821,94,35,94,35,1,1,84,35,70,78
globalvoices-v2018q4-d0340-a0023,globalvoices-v2018q4-doc-7a18f41ca3ca9e77,news,unknown,False,False,False,58,148,False,False,False,94,94,False,False,False,False,198.3853783510276,111.2376482784748,45,18,45,18,1,1,41,18,30,48
globalvoices-v2018q4-d0340-a0024,globalvoices-v2018q4-doc-7a18f41ca3ca9e77,news,unknown,False,False,False,42,106,False,False,False,73,73,False,False,False,False,151.7267569610849,91.06499719619752,31,13,31,13,1,1,30,13,23,35
globalvoices-v2018q4-d0340-a0025,globalvoices-v2018q4-doc-7a18f41ca3ca9e77,news,unknown,False,False,False,70,178,False,False,False,126,126,False,False,False,False,202.22203272674233,119.75799298286438,49,22,49,22,1,1,43,22,34,62
globalvoices-v2018q4-d0344-a0001,globalvoices-v2018q4-doc-d270dbcd784a498f,news,unknown,False,False,False,28,68,False,False,False,104,105,False,False,False,False,155.5037725865841,147.18417615443468,24,23,24,23,1,1,21,22,12,49
globalvoices-v2018q4-d0344-a0002,globalvoices-v2018q4-doc-d270dbcd784a498f,news,unknown,False,False,False,59,143,False,False,False,93,93,False,False,False,False,226.22661396185867,145.22607808187604,46,24,46,24,1,1,40,24,31,49
globalvoices-v2018q4-d0344-a0003,globalvoices-v2018q4-doc-d270dbcd784a498f,news,unknown,False,False,False,31,31,False,False,False,31,31,True,False,False,False,51.85049533843994,51.85049533843994,6,6,6,6,1,1,6,6,17,17
globalvoices-v2018q4-d0344-a0004,globalvoices-v2018q4-doc-d270dbcd784a498f,news,unknown,False,False,False,93,227,False,False,False,186,186,False,False,False,False,296.1437094939756,199.3561331257224,67,39,67,39,1,1,53,37,47,94
globalvoices-v2018q4-d0344-a0005,globalvoices-v2018q4-doc-d270dbcd784a498f,news,unknown,False,False,False,69,171,False,False,False,179,179,False,False,False,False,194.65612059331033,174.110997505486,52,36,52,36,1,1,44,35,35,88
globalvoices-v2018q4-d0344-a0006,globalvoices-v2018q4-doc-d270dbcd784a498f,news,unknown,False,False,False,25,61,False,False,False,44,44,False,False,False,False,97.36807149648666,62.20365783572197,18,10,18,10,1,1,15,10,14,21
globalvoices-v2018q4-d0344-a0007,globalvoices-v2018q4-doc-d270dbcd784a498f,news,unknown,False,False,False,69,169,False,False,False,142,142,False,False,False,False,236.6199170894688,162.61716982722282,54,34,54,34,1,1,47,34,36,67
globalvoices-v2018q4-d0344-a0008,globalvoices-v2018q4-doc-d270dbcd784a498f,news,unknown,False,False,False,38,78,False,False,False,72,72,False,False,False,False,134.04850866552442,76.95855814218521,25,13,25,13,1,1,21,15,21,34
globalvoices-v2018q4-d0344-a0009,globalvoices-v2018q4-doc-d270dbcd784a498f,news,unknown,False,False,False,14,36,False,False,False,19,19,False,False,False,False,73.82886934280396,42.519800662994385,14,5,14,5,1,1,11,5,8,11
globalvoices-v2018q4-d0344-a0010,globalvoices-v2018q4-doc-d270dbcd784a498f,news,unknown,False,False,False,57,137,False,False,False,136,136,False,False,False,False,185.2665381715633,115.87400941178204,42,27,42,27,1,1,35,27,31,66
globalvoices-v2018q4-d0344-a0011,globalvoices-v2018q4-doc-d270dbcd784a498f,news,unknown,False,False,False,51,127,False,False,False,87,87,False,False,False,False,154.78387067839503,110.83353382349014,34,17,34,17,1,1,29,16,27,42
globalvoices-v2018q4-d0344-a0012,globalvoices-v2018q4-doc-d270dbcd784a498f,news,unknown,False,False,False,48,118,False,False,False,101,101,False,False,False,False,154.87357491080184,110.59329306334256,37,20,37,20,1,1,31,20,27,48
globalvoices-v2018q4-d0344-a0013,globalvoices-v2018q4-doc-d270dbcd784a498f,news,unknown,False,False,False,36,86,False,False,False,87,87,False,False,False,False,127.51050801028032,100.07830838265365,28,19,28,19,1,1,23,19,18,39
globalvoices-v2018q4-d0344-a0014,globalvoices-v2018q4-doc-d270dbcd784a498f,news,unknown,False,False,False,72,174,False,False,False,93,93,False,False,False,False,200.14989617110405,122.22031527757645,50,22,50,22,1,1,46,22,36,47
globalvoices-v2018q4-d0344-a0015,globalvoices-v2018q4-doc-d270dbcd784a498f,news,unknown,False,False,False,41,97,False,False,False,84,88,False,False,False,False,168.41107828408713,110.33891516923904,33,19,33,19,1,1,27,19,24,42
globalvoices-v2018q4-d0344-a0016,globalvoices-v2018q4-doc-d270dbcd784a498f,news,unknown,False,False,False,34,86,False,False,False,78,78,False,False,False,False,110.68268828094006,90.66843266785143,23,15,23,15,1,1,18,14,16,36
globalvoices-v2018q4-d0344-a0017,globalvoices-v2018q4-doc-d270dbcd784a498f,news,unknown,False,False,False,85,209,False,False,False,158,158,False,False,False,False,256.1154499719851,177.48881144449115,55,27,55,27,1,1,48,27,39,72
globalvoices-v2018q4-d0344-a0018,globalvoices-v2018q4-doc-d270dbcd784a498f,news,unknown,False,False,False,109,269,False,False,False,204,206,False,False,False,False,295.0338538160431,216.1559461504221,80,38,80,38,1,1,69,38,54,99
globalvoices-v2018q4-d0344-a0019,globalvoices-v2018q4-doc-d270dbcd784a498f,news,unknown,False,False,False,110,262,False,False,False,259,271,False,False,False,False,372.8267887239344,323.7523708809167,73,66,73,66,1,1,67,61,57,127
globalvoices-v2018q4-d0344-a0020,globalvoices-v2018q4-doc-d270dbcd784a498f,news,unknown,False,False,False,29,71,False,False,False,49,51,False,False,False,False,103.7745204679668,72.92825621366501,23,10,23,10,1,1,19,10,16,25
globalvoices-v2018q4-d0344-a0021,globalvoices-v2018q4-doc-d270dbcd784a498f,news,unknown,False,False,False,190,402,False,False,False,389,393,False,False,False,False,555.2816635653144,412.6748976423405,111,77,111,77,1,1,102,77,98,196
globalvoices-v2018q4-d0344-a0022,globalvoices-v2018q4-doc-d270dbcd784a498f,news,unknown,False,False,False,100,244,False,False,False,234,238,False,False,False,False,346.4180819686153,242.4111389219761,74,46,74,46,1,1,63,46,56,110
globalvoices-v2018q4-d0344-a0023,globalvoices-v2018q4-doc-d270dbcd784a498f,news,unknown,False,False,False,40,100,False,False,False,87,87,False,False,False,False,167.990711921826,89.22613710165024,30,15,30,15,1,1,24,15,17,39
globalvoices-v2018q4-d0344-a0024,globalvoices-v2018q4-doc-d270dbcd784a498f,news,unknown,False,False,False,130,286,False,False,False,258,258,False,False,False,False,290.73864357720595,200.8757117677742,92,59,92,59,1,1,71,54,61,117
globalvoices-v2018q4-d0344-a0025,globalvoices-v2018q4-doc-d270dbcd784a498f,news,unknown,False,False,False,111,261,False,False,False,215,225,False,False,False,False,305.78730365700903,225.33205683808777,85,49,85,49,1,1,71,48,57,108
globalvoices-v2018q4-d0344-a0026,globalvoices-v2018q4-doc-d270dbcd784a498f,news,unknown,False,False,False,76,168,False,False,False,145,145,False,False,False,False,179.1689929999411,129.0173882273957,46,31,46,31,1,1,39,27,36,74
globalvoices-v2018q4-d0344-a0027,globalvoices-v2018q4-doc-d270dbcd784a498f,news,unknown,False,False,False,20,48,False,False,False,53,53,False,False,False,False,94.0176672525704,87.96850919723511,16,9,16,9,1,1,14,9,9,26
globalvoices-v2018q4-d0344-a0028,globalvoices-v2018q4-doc-d270dbcd784a498f,news,unknown,False,False,False,20,52,False,False,False,34,34,False,False,False,False,82.75976651906967,67.1531263589859,15,7,15,7,1,1,13,7,10,16
globalvoices-v2018q4-d0344-a0029,globalvoices-v2018q4-doc-d270dbcd784a498f,news,unknown,False,False,False,87,211,False,False,False,150,150,False,False,False,False,233.88644116534851,134.3600786188617,55,31,55,31,1,1,44,30,42,78
globalvoices-v2018q4-d0344-a0030,globalvoices-v2018q4-doc-d270dbcd784a498f,news,unknown,False,False,False,87,213,False,False,False,168,168,False,False,False,False,241.76732254749825,146.1717258542776,62,30,62,30,1,1,53,29,45,78
globalvoices-v2018q4-d0344-a0031,globalvoices-v2018q4-doc-d270dbcd784a498f,news,unknown,False,False,False,37,91,False,False,False,63,63,False,False,False,False,124.08160716295242,84.17800258100033,29,16,29,16,1,1,23,16,17,34
globalvoices-v2018q4-d0344-a0032,globalvoices-v2018q4-doc-d270dbcd784a498f,news,unknown,False,False,False,95,198,False,False,False,182,187,False,False,False,False,278.9241789680091,169.4089782559313,64,40,64,40,1,1,54,39,53,96
globalvoices-v2018q4-d0344-a0033,globalvoices-v2018q4-doc-d270dbcd784a498f,news,unknown,False,False,False,17,41,False,False,False,49,49,False,False,False,False,47.40288865659386,52.518070206046104,8,13,8,13,1,1,8,11,10,22
globalvoices-v2018q4-d0344-a0034,globalvoices-v2018q4-doc-d270dbcd784a498f,news,unknown,False,False,False,93,229,False,False,False,167,167,False,False,False,False,315.89999347541016,192.1377490525192,72,37,72,37,1,1,64,37,47,88
globalvoices-v2018q4-d0344-a0035,globalvoices-v2018q4-doc-d270dbcd784a498f,news,unknown,False,False,False,84,204,False,False,False,154,156,False,False,False,False,305.0456068517815,165.3712983559817,59,35,59,35,1,1,50,36,41,85
globalvoices-v2018q4-d0344-a0036,globalvoices-v2018q4-doc-d270dbcd784a498f,news,unknown,False,False,False,60,146,False,False,False,162,164,False,False,False,False,192.8674705591984,142.78169718384743,43,35,43,35,1,1,39,35,36,79
globalvoices-v2018q4-d0344-a0037,globalvoices-v2018q4-doc-d270dbcd784a498f,news,unknown,False,False,False,67,169,False,False,False,200,200,False,False,False,False,209.16960046661552,196.6529142782092,48,37,48,37,1,1,41,36,33,103
globalvoices-v2018q4-d0344-a0038,globalvoices-v2018q4-doc-d270dbcd784a498f,news,unknown,False,False,False,102,214,False,False,False,223,227,False,False,False,False,292.6463064807467,240.07107167318463,58,48,58,48,1,1,50,46,50,108
globalvoices-v2018q4-d0344-a0039,globalvoices-v2018q4-doc-d270dbcd784a498f,news,unknown,False,False,False,158,388,False,False,False,291,291,False,False,False,False,469.6461932919919,321.2385324779898,96,53,96,53,1,1,92,52,81,136
globalvoices-v2018q4-d0344-a0040,globalvoices-v2018q4-doc-d270dbcd784a498f,news,unknown,False,False,False,141,335,False,False,False,280,284,False,False,False,False,481.84355246520136,250.6805844902992,109,50,109,50,1,1,92,50,71,133
globalvoices-v2018q4-d0344-a0041,globalvoices-v2018q4-doc-d270dbcd784a498f,news,unknown,False,False,False,109,267,False,False,False,170,170,False,False,False,False,312.68328765500337,185.61040708050132,64,34,64,34,1,1,61,34,51,86
globalvoices-v2018q4-d0348-a0001,globalvoices-v2018q4-doc-cc3324c2baad3678,news,unknown,False,False,False,17,43,False,False,False,86,87,False,False,False,False,88.9870753288269,117.2019970715046,12,15,12,15,1,1,10,15,7,39
globalvoices-v2018q4-d0348-a0002,globalvoices-v2018q4-doc-cc3324c2baad3678,news,unknown,False,False,False,49,117,False,False,False,125,127,False,False,False,False,171.73541030811612,199.5533895548433,30,29,30,29,1,1,26,28,28,61
globalvoices-v2018q4-d0348-a0003,globalvoices-v2018q4-doc-cc3324c2baad3678,news,unknown,False,False,False,29,29,False,False,False,29,29,True,False,False,False,71.81357657909393,71.81357657909393,7,7,7,7,1,1,7,7,18,18
globalvoices-v2018q4-d0348-a0004,globalvoices-v2018q4-doc-cc3324c2baad3678,news,unknown,False,False,False,36,90,False,False,False,104,104,False,False,False,False,140.890312387608,114.53023009747268,26,23,26,23,1,1,22,23,19,49
globalvoices-v2018q4-d0348-a0005,globalvoices-v2018q4-doc-cc3324c2baad3678,news,unknown,False,False,False,39,97,False,False,False,117,117,False,False,False,False,110.76921681687236,104.8646871484816,22,21,22,21,1,1,19,21,18,59
globalvoices-v2018q4-d0348-a0006,globalvoices-v2018q4-doc-cc3324c2baad3678,news,unknown,False,False,False,56,128,False,False,False,82,82,False,False,False,False,199.4646101789549,128.03475059568882,38,19,38,19,1,1,29,19,29,41
globalvoices-v2018q4-d0348-a0007,globalvoices-v2018q4-doc-cc3324c2baad3678,news,unknown,False,False,False,84,210,False,False,False,226,244,False,False,False,False,237.56547634396705,284.69576865795534,57,49,57,49,1,1,48,50,42,128
globalvoices-v2018q4-d0348-a0008,globalvoices-v2018q4-doc-cc3324c2baad3678,news,unknown,False,False,False,16,40,False,False,False,21,21,False,False,False,False,59.3788436204195,40.46094697713852,13,4,13,4,1,1,10,4,9,11
globalvoices-v2018q4-d0348-a0009,globalvoices-v2018q4-doc-cc3324c2baad3678,news,unknown,False,False,False,86,186,False,False,False,195,195,False,False,False,False,280.25418760592584,215.7197671639733,65,46,65,46,1,1,53,45,44,97
globalvoices-v2018q4-d0348-a0010,globalvoices-v2018q4-doc-cc3324c2baad3678,news,unknown,False,False,False,36,90,False,False,False,54,54,False,False,False,False,130.27673883736134,98.90254619717598,26,13,26,13,1,1,23,12,19,27
globalvoices-v2018q4-d0348-a0011,globalvoices-v2018q4-doc-cc3324c2baad3678,news,unknown,False,False,False,40,102,False,False,False,82,82,False,False,False,False,157.06138641946018,75.08624168531969,30,22,30,22,1,1,28,20,24,37
globalvoices-v2018q4-d0348-a0012,globalvoices-v2018q4-doc-cc3324c2baad3678,news,unknown,False,False,False,21,51,False,False,False,50,50,False,False,False,False,96.21976602077484,95.6225122064352,15,13,15,13,1,1,13,11,13,26
globalvoices-v2018q4-d0348-a0013,globalvoices-v2018q4-doc-cc3324c2baad3678,news,unknown,False,False,False,61,137,False,False,False,154,154,False,False,False,False,236.2938521715114,209.6030494896695,50,49,50,49,1,1,47,39,35,77
globalvoices-v2018q4-d0348-a0014,globalvoices-v2018q4-doc-cc3324c2baad3678,news,unknown,False,False,False,48,118,False,False,False,86,86,False,False,False,False,169.55494749205536,132.36574971675873,32,21,32,21,1,1,31,20,23,48
globalvoices-v2018q4-d0348-a0015,globalvoices-v2018q4-doc-cc3324c2baad3678,news,unknown,False,False,False,44,104,False,False,False,88,88,False,False,False,False,143.0446942243725,109.21762046217918,27,16,27,16,1,1,22,15,21,43
globalvoices-v2018q4-d0348-a0016,globalvoices-v2018q4-doc-cc3324c2baad3678,news,unknown,False,False,False,37,87,False,False,False,71,71,False,False,False,False,145.1498348414898,98.99563598632812,23,13,23,13,1,1,22,13,20,36
globalvoices-v2018q4-d0348-a0017,globalvoices-v2018q4-doc-cc3324c2baad3678,news,unknown,False,False,False,19,47,False,False,False,50,50,False,False,False,False,98.17291578650476,70.44479732960463,16,12,16,12,1,1,14,11,10,23
globalvoices-v2018q4-d0348-a0018,globalvoices-v2018q4-doc-cc3324c2baad3678,news,unknown,False,False,False,30,58,False,False,False,79,79,False,False,False,False,111.11601791903377,107.7053357535042,28,28,28,28,1,1,20,23,15,43
globalvoices-v2018q4-d0348-a0019,globalvoices-v2018q4-doc-cc3324c2baad3678,news,unknown,False,False,False,45,97,False,False,False,53,53,False,False,False,False,168.41561147442553,68.87396517395973,37,15,37,15,1,1,33,14,27,27
globalvoices-v2018q4-d0348-a0020,globalvoices-v2018q4-doc-cc3324c2baad3678,news,unknown,False,False,False,22,50,False,False,False,59,59,False,False,False,False,107.97830584435724,80.5596718788147,20,13,20,13,1,1,17,12,12,29
globalvoices-v2018q4-d0348-a0021,globalvoices-v2018q4-doc-cc3324c2baad3678,news,unknown,False,False,False,53,123,False,False,False,93,95,False,False,False,False,187.13599049790355,145.5060784816742,38,26,38,26,1,1,36,25,32,54
globalvoices-v2018q4-d0348-a0022,globalvoices-v2018q4-doc-cc3324c2baad3678,news,unknown,False,False,False,41,105,False,False,False,87,87,False,False,False,False,143.58466564118862,119.68714514374732,27,13,27,13,1,1,26,13,22,44
globalvoices-v2018q4-d0348-a0023,globalvoices-v2018q4-doc-cc3324c2baad3678,news,unknown,False,False,False,49,123,False,False,False,111,111,False,False,False,False,217.2275851201266,151.25677466392517,35,24,35,24,1,1,33,23,26,55
globalvoices-v2018q4-d0348-a0024,globalvoices-v2018q4-doc-cc3324c2baad3678,news,unknown,False,False,False,32,82,False,False,False,67,67,False,False,False,False,106.42985714320092,94.1340992450714,17,12,17,12,1,1,17,12,16,29
globalvoices-v2018q4-d0348-a0025,globalvoices-v2018q4-doc-cc3324c2baad3678,news,unknown,False,False,False,40,100,False,False,False,90,90,False,False,False,False,126.36388477683067,99.82924846559764,29,20,29,20,1,1,25,18,20,43
globalvoices-v2018q4-d0348-a0026,globalvoices-v2018q4-doc-cc3324c2baad3678,news,unknown,False,False,False,8,20,False,False,False,13,13,False,False,False,False,50.53033359348774,31.992618560791016,9,3,9,3,1,1,7,3,5,8
globalvoices-v2018q4-d0348-a0027,globalvoices-v2018q4-doc-cc3324c2baad3678,news,unknown,False,False,False,27,69,False,False,False,72,72,False,False,False,False,103.80911988765,93.06029069423676,20,14,20,14,1,1,19,14,16,32
globalvoices-v2018q4-d0348-a0028,globalvoices-v2018q4-doc-cc3324c2baad3678,news,unknown,False,False,False,27,71,False,False,False,43,43,False,False,False,False,116.46945885568856,58.14439272880554,19,9,19,9,1,1,19,9,15,20
globalvoices-v2018q4-d0348-a0029,globalvoices-v2018q4-doc-cc3324c2baad3678,news,unknown,False,False,False,65,155,False,False,False,155,155,False,False,False,False,269.1763119844254,224.3401329575572,56,42,56,42,1,1,45,40,33,76
globalvoices-v2018q4-d0348-a0030,globalvoices-v2018q4-doc-cc3324c2baad3678,news,unknown,False,False,False,14,36,False,False,False,42,42,False,False,False,False,63.61838999390602,60.59992164373398,10,6,10,6,1,1,10,6,6,22
globalvoices-v2018q4-d0348-a0031,globalvoices-v2018q4-doc-cc3324c2baad3678,news,unknown,False,False,False,65,163,False,False,False,147,147,False,False,False,False,228.22665875405073,186.22619858384132,42,26,42,26,1,1,35,26,28,69
globalvoices-v2018q4-d0348-a0032,globalvoices-v2018q4-doc-cc3324c2baad3678,news,unknown,False,False,False,20,48,False,False,False,41,41,False,False,False,False,103.9653766453266,78.82802361249924,17,8,17,8,1,1,13,8,11,19
globalvoices-v2018q4-d0348-a0033,globalvoices-v2018q4-doc-cc3324c2baad3678,news,unknown,False,False,False,7,17,False,False,False,23,23,False,False,False,False,57.07611000537872,48.67114523425698,6,5,6,5,1,1,6,5,4,11
globalvoices-v2018q4-d0348-a0034,globalvoices-v2018q4-doc-cc3324c2baad3678,news,unknown,False,False,False,7,11,False,False,False,27,31,True,False,False,False,47.10051476955414,83.53061401844025,5,9,5,9,1,1,7,11,9,19
globalvoices-v2018q4-d0348-a0035,globalvoices-v2018q4-doc-cc3324c2baad3678,news,unknown,False,False,False,29,75,False,False,False,44,44,False,False,False,False,110.41690777242184,91.10356821119784,23,11,23,11,1,1,23,12,14,24
globalvoices-v2018q4-d0348-a0036,globalvoices-v2018q4-doc-cc3324c2baad3678,news,unknown,False,False,False,21,53,False,False,False,40,40,False,False,False,False,92.4717733860016,71.07216607034206,14,9,14,9,1,1,13,8,10,22
globalvoices-v2018q4-d0348-a0037,globalvoices-v2018q4-doc-cc3324c2baad3678,news,unknown,False,False,False,13,31,False,False,False,24,24,False,False,False,False,72.3994224742055,45.64052855968475,10,7,10,7,1,1,9,7,8,13
globalvoices-v2018q4-d0348-a0038,globalvoices-v2018q4-doc-cc3324c2baad3678,news,unknown,False,False,False,79,193,False,False,False,181,181,False,False,False,False,245.12051068991423,182.02476043254137,45,35,45,35,1,1,40,35,38,90
globalvoices-v2018q4-d0348-a0039,globalvoices-v2018q4-doc-cc3324c2baad3678,news,unknown,False,False,False,17,43,False,False,False,47,47,False,False,False,False,106.12533163279296,54.92687314748764,16,8,16,8,1,1,13,8,9,23
globalvoices-v2018q4-d0348-a0040,globalvoices-v2018q4-doc-cc3324c2baad3678,news,unknown,False,False,False,13,31,False,False,False,20,20,False,False,False,False,61.816540360450745,38.21167147159576,10,5,10,5,1,1,9,5,7,11
globalvoices-v2018q4-d0348-a0041,globalvoices-v2018q4-doc-cc3324c2baad3678,news,unknown,False,False,False,34,84,False,False,False,73,73,False,False,False,False,135.34573849104345,101.67128324508668,23,16,23,16,1,1,20,16,20,34
globalvoices-v2018q4-d0358-a0001,globalvoices-v2018q4-doc-f3e2bd226979192c,news,unknown,False,False,False,13,29,False,False,False,120,121,False,False,False,False,73.70505559444427,163.5682225227356,10,25,10,25,1,1,10,24,9,59
globalvoices-v2018q4-d0358-a0002,globalvoices-v2018q4-doc-f3e2bd226979192c,news,unknown,False,False,False,33,79,False,False,False,70,70,False,False,False,False,127.22118903021328,113.841283230111,21,20,21,20,1,1,20,17,19,36
globalvoices-v2018q4-d0358-a0003,globalvoices-v2018q4-doc-f3e2bd226979192c,news,unknown,False,False,False,48,118,False,False,False,34,34,False,False,False,False,177.89004524052143,118.77098882198334,31,13,31,13,1,1,28,13,24,19
globalvoices-v2018q4-d0358-a0004,globalvoices-v2018q4-doc-f3e2bd226979192c,news,unknown,False,False,False,29,53,False,False,False,57,57,False,False,False,False,155.5485908985138,132.33299177139995,24,17,24,17,1,1,21,17,18,30
globalvoices-v2018q4-d0358-a0005,globalvoices-v2018q4-doc-f3e2bd226979192c,news,unknown,False,False,False,28,70,False,False,False,33,33,False,False,False,False,95.85534244775772,29.4547575712204,16,8,16,8,1,1,15,8,15,16
globalvoices-v2018q4-d0358-a0006,globalvoices-v2018q4-doc-f3e2bd226979192c,news,unknown,False,False,False,90,218,False,False,False,265,265,False,False,False,False,240.91489011265003,302.4674234390259,69,55,69,55,1,1,60,52,44,131
globalvoices-v2018q4-d0358-a0007,globalvoices-v2018q4-doc-f3e2bd226979192c,news,unknown,False,False,False,64,140,False,False,False,211,211,False,False,False,False,308.32053502532654,183.4702743748203,52,39,52,39,1,1,46,38,40,103
globalvoices-v2018q4-d0358-a0008,globalvoices-v2018q4-doc-f3e2bd226979192c,news,unknown,False,False,False,96,220,False,False,False,270,272,False,False,False,False,318.04965464258566,303.50907799892593,64,63,64,63,1,1,57,58,45,137
globalvoices-v2018q4-d0358-a0009,globalvoices-v2018q4-doc-f3e2bd226979192c,news,unknown,False,False,False,18,44,False,False,False,22,22,False,False,False,False,68.79084491729736,30.509315013885494,11,6,11,6,1,1,12,6,13,11
globalvoices-v2018q4-d0358-a0010,globalvoices-v2018q4-doc-f3e2bd226979192c,news,unknown,False,False,False,56,120,False,False,False,89,89,False,False,False,False,276.66991443466395,142.61955988011323,45,25,45,25,1,1,40,24,35,54
globalvoices-v2018q4-d0358-a0011,globalvoices-v2018q4-doc-f3e2bd226979192c,news,unknown,False,False,False,47,111,False,False,False,91,91,False,False,False,False,163.98874980118126,126.48437222465871,40,24,40,24,1,1,33,22,23,44
globalvoices-v2018q4-d0358-a0012,globalvoices-v2018q4-doc-f3e2bd226979192c,news,unknown,False,False,False,48,110,False,False,False,46,46,False,False,False,False,209.28816823568195,81.44819603860378,42,12,42,12,1,1,33,12,24,25
globalvoices-v2018q4-d0358-a0013,globalvoices-v2018q4-doc-f3e2bd226979192c,news,unknown,False,False,False,65,153,False,False,False,246,246,False,False,False,False,250.3838443281129,260.4907448013546,40,51,40,51,1,1,37,50,30,116
globalvoices-v2018q4-d0358-a0014,globalvoices-v2018q4-doc-f3e2bd226979192c,news,unknown,False,False,False,45,111,False,False,False,88,88,False,False,False,False,181.4955696151592,99.01785457134248,39,18,39,18,1,1,31,18,23,44
globalvoices-v2018q4-d0358-a0015,globalvoices-v2018q4-doc-f3e2bd226979192c,news,unknown,False,False,False,75,181,False,False,False,160,160,False,False,False,False,247.3188550517079,133.15822226461023,48,30,48,30,1,1,43,30,35,81
globalvoices-v2018q4-d0358-a0016,globalvoices-v2018q4-doc-f3e2bd226979192c,news,unknown,False,False,False,63,159,False,False,False,138,142,False,False,False,False,239.932943190448,159.73272169195116,46,26,46,26,1,1,45,26,29,76
globalvoices-v2018q4-d0358-a0017,globalvoices-v2018q4-doc-f3e2bd226979192c,news,unknown,False,False,False,81,193,False,False,False,166,166,False,False,False,False,294.26080309730787,173.21137817576528,57,30,57,30,1,1,54,30,42,82
globalvoices-v2018q4-d0358-a0018,globalvoices-v2018q4-doc-f3e2bd226979192c,news,unknown,False,False,False,71,177,False,False,False,133,133,False,False,False,False,271.3817214947194,135.77154541760683,49,25,49,25,1,1,42,25,37,60
globalvoices-v2018q4-d0358-a0019,globalvoices-v2018q4-doc-f3e2bd226979192c,news,unknown,False,False,False,75,183,False,False,False,138,138,False,False,False,False,260.60391777567565,198.4815059863031,58,31,58,31,1,1,53,28,39,72
globalvoices-v2018q4-d0358-a0020,globalvoices-v2018q4-doc-f3e2bd226979192c,news,unknown,False,False,False,22,46,False,False,False,44,44,False,False,False,False,104.2665966451168,64.06206548213959,18,11,18,11,1,1,14,11,11,23
globalvoices-v2018q4-d0358-a0021,globalvoices-v2018q4-doc-f3e2bd226979192c,news,unknown,False,False,False,121,303,False,False,False,253,255,False,False,False,False,373.1191788124852,247.13923454284668,81,47,81,47,1,1,70,49,58,125
globalvoices-v2018q4-d0358-a0022,globalvoices-v2018q4-doc-f3e2bd226979192c,news,unknown,False,False,False,47,113,False,False,False,50,50,False,False,False,False,191.97508455067873,83.21205046772957,32,12,32,12,1,1,28,12,24,30
globalvoices-v2018q4-d0358-a0023,globalvoices-v2018q4-doc-f3e2bd226979192c,news,unknown,False,False,False,32,80,False,False,False,98,98,False,False,False,False,137.71767672896385,113.13120873924343,25,21,25,21,1,1,23,21,17,48
globalvoices-v2018q4-d0358-a0024,globalvoices-v2018q4-doc-f3e2bd226979192c,news,unknown,False,False,False,77,191,False,False,False,158,158,False,False,False,False,244.7529931748286,184.03743833303452,63,30,63,30,1,1,55,30,38,76
globalvoices-v2018q4-d0358-a0025,globalvoices-v2018q4-doc-f3e2bd226979192c,news,unknown,False,False,False,36,94,False,False,False,63,63,False,False,False,False,154.28744865953922,95.04058051109314,25,12,25,12,1,1,23,12,19,34
globalvoices-v2018q4-d0358-a0026,globalvoices-v2018q4-doc-f3e2bd226979192c,news,unknown,False,False,False,64,156,False,False,False,146,154,False,False,False,False,224.43815915402956,144.70998049527407,50,29,50,29,1,1,41,30,40,80
globalvoices-v2018q4-d0358-a0027,globalvoices-v2018q4-doc-f3e2bd226979192c,news,unknown,False,False,False,86,206,False,False,False,150,164,False,False,False,False,233.19056284846735,148.57312146015465,55,32,55,32,1,1,56,32,50,81
globalvoices-v2018q4-d0358-a0028,globalvoices-v2018q4-doc-f3e2bd226979192c,news,unknown,False,False,False,29,71,False,False,False,47,47,False,False,False,False,99.26941759325564,68.20972337201238,19,9,19,9,1,1,17,9,15,22
globalvoices-v2018q4-d0358-a0029,globalvoices-v2018q4-doc-f3e2bd226979192c,news,unknown,False,False,False,38,94,False,False,False,57,57,False,False,False,False,132.06049772934057,77.76001589931548,29,14,29,14,1,1,23,14,21,29
globalvoices-v2018q4-d0358-a0030,globalvoices-v2018q4-doc-f3e2bd226979192c,news,unknown,False,False,False,66,166,False,False,False,107,107,False,False,False,False,201.07465647999197,117.12682150304316,40,18,40,18,1,1,35,18,33,53
globalvoices-v2018q4-d0358-a0031,globalvoices-v2018q4-doc-f3e2bd226979192c,news,unknown,False,False,False,51,129,False,False,False,109,109,False,False,False,False,199.7556921755895,143.1127751469612,36,24,36,24,1,1,32,24,26,52
globalvoices-v2018q4-d0358-a0032,globalvoices-v2018q4-doc-f3e2bd226979192c,news,unknown,False,False,False,52,130,False,False,False,124,124,False,False,False,False,188.9992280555889,137.25075381994247,34,23,34,23,1,1,32,23,24,60
globalvoices-v2018q4-d0358-a0033,globalvoices-v2018q4-doc-f3e2bd226979192c,news,unknown,False,False,False,32,78,False,False,False,95,95,False,False,False,False,125.4097707271576,119.70538580417632,23,21,23,21,1,1,22,21,16,47
globalvoices-v2018q4-d0358-a0034,globalvoices-v2018q4-doc-f3e2bd226979192c,news,unknown,False,False,False,75,187,False,False,False,164,166,False,False,False,False,246.68551741167903,169.74246452003715,52,34,52,34,1,1,48,34,37,87
globalvoices-v2018q4-d0358-a0035,globalvoices-v2018q4-doc-f3e2bd226979192c,news,unknown,False,False,False,25,63,False,False,False,45,45,False,False,False,False,98.04067236185074,66.58788239955902,16,9,16,9,1,1,16,9,12,26
globalvoices-v2018q4-d0358-a0036,globalvoices-v2018q4-doc-f3e2bd226979192c,news,unknown,False,False,False,54,134,False,False,False,130,130,False,False,False,False,201.4055500291288,132.55453437194228,45,27,45,27,1,1,43,26,29,61
globalvoices-v2018q4-d0358-a0037,globalvoices-v2018q4-doc-f3e2bd226979192c,news,unknown,False,False,False,18,46,False,False,False,30,30,False,False,False,False,57.17674969183281,62.638991832733154,13,6,13,6,1,1,11,6,8,16
globalvoices-v2018q4-d0358-a0038,globalvoices-v2018q4-doc-f3e2bd226979192c,news,unknown,False,False,False,44,112,False,False,False,93,97,False,False,False,False,176.88624937459826,132.86963216215372,34,19,34,19,1,1,29,18,20,50
globalvoices-v2018q4-d0358-a0039,globalvoices-v2018q4-doc-f3e2bd226979192c,news,unknown,False,False,False,84,210,False,False,False,158,158,False,False,False,False,289.6977436095476,167.26114187389612,52,32,52,32,1,1,48,32,42,84
globalvoices-v2018q4-d0358-a0040,globalvoices-v2018q4-doc-f3e2bd226979192c,news,unknown,False,False,False,66,160,False,False,False,191,195,False,False,False,False,175.60926582699176,197.8290023542941,32,42,32,42,1,1,31,42,37,95
globalvoices-v2018q4-d0358-a0041,globalvoices-v2018q4-doc-f3e2bd226979192c,news,unknown,False,False,False,77,191,False,False,False,157,157,False,False,False,False,265.4946325182682,166.87133295461535,58,31,58,31,1,1,48,30,37,76
globalvoices-v2018q4-d0358-a0042,globalvoices-v2018q4-doc-f3e2bd226979192c,news,unknown,False,False,False,23,59,False,False,False,32,32,False,False,False,False,98.04829386621714,44.8117949962616,19,6,19,6,1,1,14,6,14,16
globalvoices-v2018q4-d0358-a0043,globalvoices-v2018q4-doc-f3e2bd226979192c,news,unknown,False,False,False,40,100,False,False,False,78,78,False,False,False,False,133.0664874321883,102.47773526608944,35,13,35,13,1,1,29,12,20,42
globalvoices-v2018q4-d0358-a0044,globalvoices-v2018q4-doc-f3e2bd226979192c,news,unknown,False,False,False,62,126,False,False,False,155,161,False,False,False,False,183.6789744067937,252.0768957938708,39,37,39,37,1,1,36,37,34,74
globalvoices-v2018q4-d0358-a0045,globalvoices-v2018q4-doc-f3e2bd226979192c,news,unknown,False,False,False,24,60,False,False,False,32,34,False,False,False,False,73.74119678884745,66.70974612236023,18,8,18,8,1,1,16,8,13,17
globalvoices-v2018q4-d0358-a0046,globalvoices-v2018q4-doc-f3e2bd226979192c,news,unknown,False,False,False,12,30,False,False,False,26,26,False,False,False,False,78.10523581504822,46.58167314529419,8,5,8,5,1,1,8,6,7,14
globalvoices-v2018q4-d0358-a0047,globalvoices-v2018q4-doc-f3e2bd226979192c,news,unknown,False,False,False,20,50,False,False,False,36,36,False,False,False,False,79.53913080692291,52.89472022652626,13,10,13,10,1,1,11,10,13,20
globalvoices-v2018q4-d0358-a0048,globalvoices-v2018q4-doc-f3e2bd226979192c,news,unknown,False,False,False,53,135,False,False,False,77,79,False,False,False,False,165.66822326555848,133.90364569425583,31,20,31,20,1,1,25,20,25,48
globalvoices-v2018q4-d0358-a0049,globalvoices-v2018q4-doc-f3e2bd226979192c,news,unknown,False,False,False,31,75,False,False,False,34,34,False,False,False,False,120.2310259565711,73.92576003074646,22,8,22,8,1,1,22,8,15,19
globalvoices-v2018q4-d0358-a0050,globalvoices-v2018q4-doc-f3e2bd226979192c,news,unknown,False,False,False,39,95,False,False,False,51,51,False,False,False,False,138.41306267678738,77.2694343328476,24,12,24,12,1,1,23,12,20,27
globalvoices-v2018q4-d0358-a0051,globalvoices-v2018q4-doc-f3e2bd226979192c,news,unknown,False,False,False,38,94,False,False,False,87,87,False,False,False,False,161.40077581256628,112.87109678983688,33,17,33,17,1,1,28,17,20,44
globalvoices-v2018q4-d0358-a0052,globalvoices-v2018q4-doc-f3e2bd226979192c,news,unknown,False,False,False,37,91,False,False,False,79,81,False,False,False,False,132.6102180480957,109.42261043190956,26,15,26,15,1,1,24,15,21,37
globalvoices-v2018q4-d0358-a0053,globalvoices-v2018q4-doc-f3e2bd226979192c,news,unknown,False,False,False,72,180,False,False,False,132,138,False,False,False,False,249.7561386078596,177.88222110271454,51,30,51,30,1,1,48,30,41,69
globalvoices-v2018q4-d0358-a0054,globalvoices-v2018q4-doc-f3e2bd226979192c,news,unknown,False,False,False,14,34,False,False,False,19,21,False,False,False,False,62.31506634131074,39.807390451431274,10,5,10,5,1,1,8,6,9,13
globalvoices-v2018q4-d0358-a0055,globalvoices-v2018q4-doc-f3e2bd226979192c,news,unknown,False,False,False,43,103,False,False,False,129,131,False,False,False,False,137.3890928402543,175.65646195411682,27,28,27,28,1,1,24,28,26,65
globalvoices-v2018q4-d0358-a0056,globalvoices-v2018q4-doc-f3e2bd226979192c,news,unknown,False,False,False,40,98,False,False,False,99,101,False,False,False,False,114.39552113413812,137.5352063179016,21,24,21,24,1,1,20,24,24,55
globalvoices-v2018q4-d0358-a0057,globalvoices-v2018q4-doc-f3e2bd226979192c,news,unknown,False,False,False,33,79,False,False,False,70,70,False,False,False,False,127.22118903021328,113.841283230111,21,20,21,20,1,1,20,17,19,36
globalvoices-v2018q4-d0358-a0058,globalvoices-v2018q4-doc-f3e2bd226979192c,news,unknown,False,False,False,48,118,False,False,False,34,34,False,False,False,False,177.89004524052143,118.77098882198334,31,13,31,13,1,1,28,13,24,19
globalvoices-v2018q4-d0358-a0059,globalvoices-v2018q4-doc-f3e2bd226979192c,news,unknown,False,False,False,29,53,False,False,False,57,57,False,False,False,False,155.5485908985138,132.33299177139995,24,17,24,17,1,1,21,17,18,30
globalvoices-v2018q4-d0358-a0060,globalvoices-v2018q4-doc-f3e2bd226979192c,news,unknown,False,False,False,29,53,False,False,False,117,117,False,False,False,False,155.5485908985138,143.0049859471619,24,23,24,23,1,1,21,23,18,58
globalvoices-v2018q4-d0358-a0061,globalvoices-v2018q4-doc-f3e2bd226979192c,news,unknown,False,False,False,126,310,False,False,False,211,211,False,False,False,False,391.2712570503354,192.1116532124579,81,38,81,38,1,1,79,38,64,102
globalvoices-v2018q4-d0358-a0062,globalvoices-v2018q4-doc-f3e2bd226979192c,news,unknown,False,False,False,184,450,False,False,False,266,266,False,False,False,False,521.1451493136701,256.6544561898336,109,52,109,52,1,1,103,52,93,129
globalvoices-v2018q4-d0358-a0063,globalvoices-v2018q4-doc-f3e2bd226979192c,news,unknown,False,False,False,44,106,False,False,False,63,63,False,False,False,False,149.7692836970091,89.532420726493,29,15,29,15,1,1,27,13,22,29
globalvoices-v2018q4-d0358-a0064,globalvoices-v2018q4-doc-f3e2bd226979192c,news,unknown,False,False,False,29,53,False,False,False,57,57,False,False,False,False,155.5485908985138,132.33299177139995,24,17,24,17,1,1,21,17,18,30
