point_R_T,point_R_B,point_R_eta,point_C_K,R_T_lower95,R_B_ci90_low,R_B_ci90_high,R_eta_upper95,C_K_upper95,R_T_se,R_B_se,R_eta_se,C_K_se
1.3769387143907286,1.2855396324818888,0.9336215323502745,0.8829878034714465,1.36196092506801,1.2729871808920323,1.2972687876784301,0.9388861734432523,0.8898374811072393,0.008860560823352515,0.007383570295317587,0.0032840934195413995,0.003959123665393285
1.3825770780075917,1.2898538687279242,0.9329345099419055,0.8819700031166503,1.3670998065774262,1.2773650485720227,1.302703732366011,0.9384522843883961,0.8877103553924852,0.009508081783644649,0.007773051642616903,0.003386618980455969,0.0033407132472404307
1.359548261160379,1.2803021023727832,0.9417114044043137,0.8876007389756084,1.344383743971425,1.2671772764552245,1.29273157056091,0.9472519407302967,0.8936663791130883,0.009105454070037254,0.007826866976401127,0.0033869516157800533,0.0035954790056379176
1.383512495658056,1.2937199929430026,0.9350981628305826,0.8885622070186682,1.3687894374237175,1.2818205538285679,1.3072794161250827,0.9411376862872518,0.8953734339457391,0.009148552603980259,0.007873938622713758,0.0036503328848128415,0.003976700752989866
1.3517201221923356,1.2801742934566593,0.9470705306808357,0.8910406017938085,1.3355899403179399,1.2670568635703194,1.2938031105819623,0.9528154361732789,0.8994075832053243,0.009508995645521455,0.007998063651723793,0.003371191268588541,0.004672385783026875
1.3600196078431372,1.2931413410517438,0.9508255128045867,0.8926377935727571,1.3434305483074713,1.27904648372166,1.3071568429461162,0.9565670071360353,0.9010083868094091,0.009598469997239026,0.00846874587198636,0.0035008851766206036,0.004849191003543629
1.380753733329662,1.301832828280059,0.9428421570446986,0.8833113414808438,1.366322191191,1.2890321237828746,1.3141534290917567,0.9482866921223744,0.8891641689211075,0.008907383345610972,0.007530473073065902,0.003393270580742779,0.0033772248590265216
1.3786131446117407,1.2935909787935145,0.9383277563031136,0.8757854337118194,1.3643738073231537,1.2814570794311044,1.3056982930402456,0.9442314938343689,0.8813357290140695,0.008372690816471582,0.007298592824715124,0.003588457625411803,0.003294448940753584
1.3627565798668846,1.2834171479773515,0.9417801879941882,0.8856756861899087,1.347646111738259,1.2708887342551167,1.2960135999398479,0.947216430420202,0.8926105467313412,0.009282511011817096,0.0076975938130305,0.003235943377645809,0.004158062269619334
1.3681704818740537,1.2825546318862842,0.9374231127465219,0.889886038494966,1.3531455002326698,1.2701689113744947,1.2953653936199419,0.9431897078212026,0.897261913738687,0.009141911122349347,0.007734981701932019,0.0035212153725509266,0.0042015795093511285
1.3554305517189422,1.2844585854440485,0.9476388028992796,0.8860315778162321,1.3388338870452068,1.27017945425158,1.2988510749405786,0.9537258393847963,0.893300574457961,0.010290116777266517,0.008542654276030957,0.0038165218842895134,0.004251132815733664
1.350481922811013,1.2778581218785319,0.9462237889261669,0.8845386514891439,1.3337709289654867,1.2642133124768824,1.2914645055931202,0.9522444523505024,0.891914492650568,0.009843761470901847,0.008333342105049461,0.0036475382039178133,0.004515362635160093
1.386202734161693,1.3017405596228149,0.9390693926239032,0.8814721899706972,1.371113536358401,1.2891943831722217,1.3146316561988072,0.9447632494291779,0.8870927901444464,0.009221739250840537,0.007599326187425914,0.003498223214810387,0.0033651780352035626
1.3838157604001367,1.3034521105008163,0.9419260481062285,0.8780347072528143,1.36885552195774,1.2908075552132745,1.316844267736133,0.9479131830123511,0.8844563821339533,0.009441221914333253,0.008108037508203235,0.003616655088618402,0.0037941845465709165
1.3527983829179369,1.2802617389064601,0.9463802995868329,0.8984909606020974,1.3365377223195378,1.266334251869947,1.293636504680457,0.9523344786473064,0.9061682208640082,0.009677133657734935,0.008390345927817172,0.003610743189563466,0.004472847142934834
1.3700069789400222,1.2900545775365815,0.9416408802053694,0.887703597160627,1.3547971325338444,1.2778477891610978,1.3033692736946558,0.9470863059335866,0.8948766078593184,0.009259742595890018,0.007755325585610471,0.0032221061583611655,0.004329642398646433
1.3656037224184014,1.276713461136125,0.9349077189648713,0.8868197452024559,1.351258574709109,1.2645247260910017,1.2896808813241167,0.9408080409924471,0.89336967857844,0.00907559945559449,0.007589651995106963,0.003495178022731517,0.0037578040586554204
1.3573296080171908,1.2791855715710625,0.942428105904002,0.8858671374404534,1.3405071414999787,1.2655836098398046,1.29248774033724,0.9480381038324489,0.8933603062643495,0.009592033094163397,0.008178203236301376,0.003298079197739173,0.0044664277138808115
1.3637480949805811,1.2829518921631744,0.9407543056413529,0.8831506849315068,1.3487425261393775,1.2698318834218243,1.2957327029044508,0.9466085938363409,0.890516954989123,0.009107894498779143,0.007873743966656785,0.0033876105792485884,0.004416238944437611
1.3610696335334016,1.2785298239342757,0.9393566592292206,0.8914435473462305,1.3450160975281116,1.265320299064765,1.2911922049024567,0.9453072990170286,0.898754364137836,0.009574123846077115,0.007958910770271471,0.003727947297520965,0.0042423077357298875
1.3509687549375888,1.2808465449169861,0.9480948691342294,0.8844263163857914,1.3348916389651928,1.2678916359317631,1.2939572095917014,0.9542446320577838,0.8911827065077574,0.009308016709659491,0.008154327918431294,0.0037228574726409567,0.004133535254501213
1.3613766640268508,1.2815520116529542,0.9413647563652361,0.8947669123986745,1.3463530613995813,1.2677553205956482,1.2957714005123706,0.9472213292380972,0.902304360975572,0.009568252532385677,0.008348542651345346,0.0036064220585630778,0.004618752039900216
1.362621527376856,1.285631947078483,0.9434989255992575,0.8856447523624876,1.3472930519913708,1.2724682345460219,1.2987812311822193,0.9496252590578673,0.8921759299764085,0.009152397083631,0.007975885301956065,0.0035763388815225807,0.003922813940976215
1.3661850679389276,1.2837281958162086,0.9396444346686381,0.8861377621430481,1.3493778762275004,1.269578327638447,1.2975333780100342,0.9453645958668894,0.8926148656502207,0.010114794851421199,0.008557241564171028,0.0035794499036532344,0.003722513405494359
1.3478331331388587,1.277397497906794,0.9477415760895913,0.894659971001167,1.3325849042077087,1.264797522638115,1.290865441959585,0.9529518543938362,0.9036353169824762,0.009261245951505332,0.007924384638574165,0.003211998495728395,0.005216009107661594
1.3588882261720148,1.2776610447464978,0.9402252666105336,0.8870672673452977,1.3432555311296823,1.2643920542311806,1.2903026368834698,0.9458909069346916,0.8941033875725066,0.009423481269411862,0.007938853555593336,0.0034608483833644677,0.0041057990478989784
1.3805594834411024,1.2923336946025552,0.936094177833873,0.8827713766722796,1.3654741616762394,1.279745312646691,1.3043063743311956,0.9420006855486039,0.8897970487568307,0.009040679527673614,0.0074982976167068584,0.003525155534359279,0.004058306719269459
1.3700554784335617,1.2898569374013427,0.9414632894107958,0.8860446835516068,1.3549243465945975,1.2771777666274597,1.3031239168167092,0.9475273789628447,0.8924321649428785,0.009176637259619768,0.007902802599488671,0.0036592048275160306,0.0038342059720782064
1.3661287810495613,1.27776708171841,0.9353196414885093,0.8868939451519067,1.3495484067850847,1.265673764143051,1.2906727660047066,0.9414080123935715,0.894143393820807,0.010077320318210046,0.007839672631514503,0.0035901075320061053,0.004357695841464984
1.3786151657907213,1.2974325744967834,0.9411129419518792,0.8826350854471018,1.3622022094210473,1.2839807209621823,1.3103069031084855,0.9469632064812809,0.8900519086586522,0.009737615250843658,0.00815636859525948,0.003558033260997248,0.0043383583594988565
1.3707089736301836,1.2837702073370234,0.9365738694604795,0.8787311706339006,1.3567584725579545,1.2720521680107002,1.296820103312891,0.942131027793866,0.8845449971749058,0.008758704279645316,0.007449993720328147,0.003306270748455431,0.0033968898416545166
1.3740926014518378,1.2921672141832623,0.9403785544132799,0.885702500293284,1.3585184996395958,1.2794932435191406,1.3053645714557107,0.9470469075865136,0.892189253552673,0.009578385815317864,0.0078056581153835595,0.003956279251642838,0.003935526334621776
1.3775506832503364,1.2955110400202854,0.9404452814494795,0.8822715108569392,1.361636160614406,1.2818625914270467,1.3080700391702036,0.9461872279446464,0.8891843338924261,0.009564356539194803,0.00812875879480825,0.0034781695722817993,0.0040138352001866775
1.3409710282766947,1.2600807267933873,0.9396778157189116,0.8901778255161714,1.3242172521569,1.2475079801484283,1.2732324668048802,0.9447704719144596,0.8981270011416845,0.010084850092520399,0.008147199734372959,0.003064034687081365,0.004850696792998192
1.3598668929783813,1.2814797446022768,0.9423567491929884,0.8955811684792427,1.3450735549959731,1.269614554282178,1.2929972459880623,0.9477478234188956,0.902892141270761,0.00904616088231022,0.007355302731740083,0.0033658889069611065,0.004471605444653471
1.3756770581196738,1.2856039849453123,0.9345245509164216,0.8849947380826702,1.3600986291967452,1.2729339487331235,1.2981919650296148,0.9402627748383611,0.8920004163033343,0.009304225093818107,0.007630190302956828,0.003535392334693985,0.004071028288510672
1.3739587801079032,1.289682272982117,0.9386615462225383,0.8833976833976834,1.3599820762836343,1.2772813557811624,1.3018512267185458,0.9444649885101811,0.8893470733602193,0.008644770894109196,0.007453666617234962,0.003426788756626805,0.0035457717366516213
1.3672727962588809,1.2843825994326048,0.9393755239970549,0.8821231840823632,1.3505938987647883,1.2706673619120126,1.2981861262769792,0.945067653970445,0.8895133102520292,0.00979919926028904,0.008304272710910015,0.003395100600026149,0.00417797500063699
1.3604839643394697,1.279969906475019,0.9408195465916122,0.885182190828759,1.3448920165451879,1.266689394733913,1.2925344472209148,0.9462274523133395,0.892276237163598,0.009562875076831172,0.007909733587244802,0.00331089837078897,0.00405728212196026
1.3685199926244733,1.2899223735727665,0.9425674308922761,0.8878573775879067,1.3533983714830373,1.2763288402428774,1.302732731954363,0.9480956887195868,0.8948046725043425,0.009256447580916993,0.007968422385122206,0.0034900011990207165,0.004237611199817195
1.3571808870640256,1.2821055259120706,0.9446828629348261,0.8907849942817628,1.3414200116163006,1.2682581586820363,1.2947296906216668,0.9503551354850698,0.8987222591269353,0.00939764808109247,0.007986994245185553,0.003400606214740195,0.004545679005116517
1.3687439472719238,1.2846314930242637,0.9385477068846173,0.8888995744476234,1.3530853750583476,1.2717260386744436,1.2976763669929532,0.9442953467279209,0.8955879708846995,0.009307233846144073,0.007922921411622243,0.0033886353703577966,0.003927495848176144
1.3752103680249674,1.294450266118785,0.941274365156098,0.8841935473230396,1.359518137998961,1.2814011581493776,1.3068311518160067,0.9472024863669344,0.891255928409919,0.00910053967991007,0.0077492923705669,0.003553024147787224,0.004097759649660258
1.3806339536433296,1.2987906098225652,0.9407204613469128,0.8803074960787356,1.366701330325449,1.2862595463377335,1.3107356787428555,0.9465119927803719,0.8859704339332773,0.008644874193859592,0.007392848179314567,0.0035198848807161836,0.0032693490550593923
1.3811896545963929,1.2986000375990756,0.9402039997023788,0.8791185627749308,1.3688990877377243,1.2873925226731495,1.3101674448379814,0.9457583384304278,0.8843149968147209,0.007734698030985713,0.007013408948592547,0.0033883006736695983,0.003078410686059848
1.3828967750038377,1.2924096176250852,0.9345669474292458,0.8831548886444595,1.3687462485003683,1.2813042284759761,1.3042176059853803,0.9402953082664246,0.8896700841095139,0.008833595029214698,0.006919277006263165,0.003425876735614552,0.0039154148755599005
1.3612743671806808,1.2847791207520887,0.9438061508591978,0.889499219868767,1.3467457533355534,1.2718889858506055,1.2975916184087077,0.9498547548592019,0.8965327777066674,0.008594586904583432,0.007886887347096918,0.0035805674261033277,0.004022543746468555
1.3512089289588507,1.2766323621479159,0.9448075236829596,0.8862239127099383,1.335852086777409,1.2628494724025447,1.289585267736109,0.9504043994138354,0.8933688705533706,0.00960536148808318,0.008199962039933348,0.0035309967051195905,0.0042482062717039935
1.382939723701474,1.2948582001466726,0.9363084868810848,0.8843181025462156,1.3670531982586611,1.281022091361932,1.3070890405596818,0.9420110827926714,0.8916877582453911,0.009168939102997795,0.007875884776950112,0.003371504458746012,0.004263470026170455
1.3461519062793736,1.2701392069465047,0.9435333419814705,0.8890489766305958,1.3309007475353825,1.2573625466684717,1.2836147588443396,0.9491669166313638,0.8966264806993177,0.00951670291248194,0.00802711008757972,0.003280921433693751,0.004619131443907042
1.3640307830601444,1.28471794530271,0.9418540704928232,0.8883483067487963,1.347874070121531,1.2721271351770655,1.297767251846451,0.9478865209160081,0.8958251813243852,0.009469175233263486,0.007908206924373011,0.003470982537236871,0.004328692934140489
1.3581058323821642,1.2769992630901954,0.9402796399528709,0.8898200292775338,1.3425005379515398,1.2640315012207428,1.2899499224402216,0.9458839410915031,0.896997204464849,0.009641255351098502,0.007917754619393138,0.003353513919206277,0.004165755756177154
1.3952010216862736,1.304206973435705,0.9347806897814689,0.8792115250561536,1.3810872582668297,1.29191395215602,1.3169624798741955,0.9405049239805912,0.8852401311771486,0.00895140768318683,0.0078101015545690745,0.003494957799863586,0.0035878852676782956
1.3512621405333523,1.2744299506839745,0.9431404258695122,0.8847020367994658,1.3363194167048527,1.2610140197812132,1.2874497237068878,0.948665229152634,0.8923996989883597,0.009092604135532877,0.008103296843277975,0.0032417362176364144,0.004190943296086214
1.3731180449487235,1.2909811268487557,0.9401821872473936,0.8792110281264898,1.3584933075108976,1.278386095672982,1.3032136175335833,0.9458958369166035,0.8847057683991307,0.008695432692360056,0.0075835132609587495,0.0034733772394862847,0.0033329812340186123
1.3643173342634078,1.291324262152179,0.9464984646327625,0.882962782337834,1.3477891094976748,1.277103006808444,1.30529437467925,0.9527358650902176,0.8896749979117171,0.009771267349792797,0.008665559958499998,0.0037487201277175194,0.004086900526332959
1.3623211317265729,1.274607866178887,0.9356148388915321,0.8872298901098901,1.3475112641942026,1.261700743618525,1.2868135163340022,0.9412132949373179,0.8933637539093114,0.008828589754460275,0.007545777285362643,0.0033673125723994238,0.003670082790829457
1.3591285255868941,1.2762241962152763,0.9390018472787051,0.8839341189168463,1.3437832752735415,1.2635054276392124,1.2886791806106654,0.9450520578269234,0.8910634128834248,0.00947438262261029,0.007711732384951039,0.003644910035609218,0.004096315865163464
1.361857230439114,1.285011784212393,0.9435730526599009,0.88444224046368,1.3467265232461998,1.2716084760585098,1.2978257855780475,0.9495220316505443,0.8903010071550008,0.009032398778502189,0.007969578629640966,0.00353885507213771,0.0035762001327110642
1.3680627540221684,1.289974756616601,0.9429207489378796,0.8948102934231764,1.3516973724144938,1.276687805873894,1.3029905817514396,0.9488859148146447,0.9027657822345122,0.009634253015954967,0.008093594168990756,0.0037580606072025913,0.004768774229100513
1.3604582927129376,1.2809199238732474,0.9415356065924815,0.8872937632403739,1.3451096896177455,1.2675611951460977,1.2937340280830039,0.9470842632486692,0.8934930899298235,0.009482633034815637,0.00792820093664481,0.00333622640697004,0.003714823993169304
1.3631278761748815,1.279420792422137,0.9385919067346508,0.8889419509363818,1.3473168762933965,1.2663174968950137,1.2928134175879824,0.9449186679682214,0.8962126422394494,0.009659066228342606,0.008090656597879796,0.003714587123197892,0.004120422777519402
1.3764937406246989,1.289908629092175,0.9370973445231734,0.8892443662394274,1.3599599257944046,1.2769635116130142,1.3022226521384621,0.9429127959920096,0.8961692722978195,0.009523421915753862,0.0076513395143211205,0.003403593206563292,0.004154478595962986
1.3641543166313808,1.2921235951283045,0.947197526977045,0.887829322885591,1.348713776440547,1.278839824134571,1.3053201532157446,0.9528288680575161,0.8947822564421372,0.00926134357727101,0.00810342005076819,0.0035947390931206223,0.004172579140562499
1.3671798795065506,1.2842869453401506,0.9393694016354907,0.8879139096008841,1.3525232674388028,1.2714017264055455,1.2969230280426038,0.9451150728742379,0.8943128442261133,0.008973102217860974,0.007647630748061916,0.0035082174307652474,0.0037713966933063652
1.3500787209716416,1.279771979083206,0.9479239685832272,0.8899636613529638,1.334762367544869,1.266693065082035,1.2938440380068226,0.9536373001302677,0.8974525306059358,0.009543506928623791,0.0084366469486062,0.003526229336395573,0.004444025302780018
1.354120161255777,1.275639121244631,0.9420427800599581,0.8902433023317938,1.3390630812507933,1.2620116517716014,1.2888766418727091,0.9474240425405824,0.8974128944473028,0.009230301529992317,0.008168377139288054,0.0032915980812284504,0.00436677877489956
1.373454325940062,1.2967500619452321,0.9441523008474785,0.884876862656137,1.3591583622381738,1.28304246737386,1.309797274365965,0.9495944979124081,0.8911582892177885,0.008606149381076903,0.008061243633217956,0.003495290259678501,0.0037222979892603627
1.364680042967851,1.283727610951273,0.9406802844126555,0.8961922030825022,1.3481224117778852,1.2707126620526243,1.296472424860505,0.9468326787655278,0.9047854131624559,0.010187270739956946,0.008005580552086977,0.003776230535294203,0.004931397900432112
1.3681033013893558,1.2905693964335048,0.9433274483899625,0.8846525405187068,1.3527224179662547,1.2773596610202411,1.3037850873204315,0.949361757716024,0.8908544770652813,0.009390979212676386,0.008016235533218313,0.003516489568348507,0.0037780383134628087
1.3736580135596668,1.2895799911131325,0.9387926095020868,0.8820400500625782,1.3589486096241075,1.2771140939994579,1.3019576013746008,0.9440370969410113,0.8880210224420358,0.008814607436554097,0.007687290367695104,0.003277154939492126,0.003551703629802133
1.3790989442548578,1.298813443297222,0.9417840893199908,0.8802754902777727,1.3639035837754276,1.2858684350971605,1.3114500369369508,0.9473894929841604,0.8857770499602625,0.009089039447176808,0.007705832256473566,0.003442966886903601,0.0033090901408790075
1.3624350506384852,1.2865976107790797,0.9443368402597501,0.8858081051294565,1.3484058744820417,1.2739820217007296,1.2992441597539526,0.9494670373162655,0.8919617392657462,0.008371017165808308,0.007650123940763608,0.003095244072586059,0.0036494580989694147
1.370342449967349,1.2838793555642725,0.9369040239502638,0.888339938260574,1.354577914982128,1.270811690174458,1.2969326701464823,0.9429147261061467,0.8958635597536065,0.009809895819145873,0.008112660455107707,0.003567606174205497,0.004558893818345768
1.3720573403375604,1.290169633797847,0.9403175770193635,0.8860557963239085,1.356457045644151,1.2777041739013624,1.3026685098811952,0.9456052813242889,0.8925950198176531,0.009395673683024335,0.007786308609450389,0.0032149466713428465,0.0039270361558133874
1.3531003959934778,1.2727277509894641,0.9406011222507978,0.8891761894760762,1.3380531343091022,1.2602388740224957,1.2846091255441427,0.9465469111838704,0.8955543152246925,0.008963022955395304,0.007523023256878918,0.0034763353904476847,0.0036381771254968367
1.374024329579885,1.2840379620743732,0.934508898009815,0.8864888526122473,1.3577079173000475,1.2712593349828654,1.2961982123877773,0.9400782763163931,0.8934579814913002,0.009391460974262078,0.007601196714764592,0.003306814937584869,0.004032011511493504
1.388453912947699,1.3020567605695894,0.9377745623585823,0.8763440682504058,1.3755833999387546,1.290411880260168,1.3144568465372914,0.9435050703391813,0.881175182520573,0.008075405011754314,0.007255102461588478,0.0034913795802915936,0.0030466161753463132
1.368440626278404,1.2861399799615374,0.9398580802583373,0.881111397978041,1.3545902342897336,1.2737385427080232,1.2987680921161324,0.9452047734563552,0.8865403915050711,0.008508133603229419,0.007445864523703085,0.003198187239877071,0.0033944448337724564
1.3747906336741715,1.284418457887882,0.934264771978576,0.8842564470705174,1.359249680227481,1.2714045409042287,1.2977023415884477,0.9399253115001491,0.8909039066644721,0.009405176289456047,0.007916236854073787,0.00350473351130109,0.0037784885447171867
1.3545214141433854,1.2704819426169771,0.9379563359804424,0.8917224983790794,1.3391003381152329,1.2581958284527304,1.2833034340103289,0.9439335987347431,0.8992562495668462,0.009623040212435296,0.007787305485672269,0.0035057645960782165,0.004540891085423148
1.365805133352452,1.2886604743377317,0.9435170822463056,0.8843322266111994,1.3524085641182588,1.2766768590031092,1.3007777546531036,0.9488831068093582,0.8900112646618897,0.00837651137879087,0.007309172744068426,0.0031702745332690546,0.0034440906482722296
1.3850861829701302,1.2981672959255521,0.9372465857263897,0.8797361865902912,1.3703896676647433,1.2857896509556,1.3097920391457663,0.9429619454356606,0.8856462497529226,0.008772316424122933,0.0073271899360795156,0.003356723491975549,0.003473006359355751
1.3583921607462004,1.284380904915733,0.9455155455330285,0.8873888260166214,1.3419021846384362,1.2705562387001075,1.297703010710355,0.9512573687126343,0.8949349925400546,0.009614265755599288,0.008206518722461309,0.003394686747119703,0.004382231639740247
1.367606956870685,1.283609317737194,0.9385805704544735,0.8898862317777452,1.3536930277976738,1.2711528872855302,1.2962122356206458,0.9442186466766347,0.8964122368594242,0.008496565332391869,0.0075553133186401274,0.0033753722968783055,0.0038737659990235925
1.3546793227068683,1.2774416573093537,0.9429845395121398,0.8886362818571087,1.3399251448609684,1.2650341793159898,1.2894714863132961,0.9486996414597859,0.8954061534506705,0.008918143061336445,0.007562524147642694,0.0035129947301202197,0.004033774147778266
1.367526514302786,1.2853753142220372,0.9399271610301229,0.8846212925446396,1.352083202690885,1.2731247382997362,1.2979288883869107,0.9456825625571658,0.8908073017224731,0.009238565490808641,0.007621409976756252,0.0034067537566681624,0.0038549546122914583
1.3793575612275726,1.2962771408221347,0.9397687570353407,0.8879990391035402,1.362335227677224,1.283187931540703,1.3096094873230981,0.9457446976256785,0.895620674436077,0.010230332229023023,0.008291754104789547,0.0035881941378174682,0.004574314160871915
1.3610387762362148,1.2811430536883588,0.9412979821421416,0.8899007112960504,1.345353554230465,1.2680356980685907,1.2956027934482346,0.9473185045055434,0.8969463920091169,0.009960435796209453,0.008293792619204694,0.003653724505033422,0.004188711026269461
1.3714757372388853,1.284160607271612,0.9363349072853014,0.8862253649545262,1.3567339663679157,1.2720340258394998,1.296282301104744,0.9420396705878868,0.8933165216642107,0.008779765398967201,0.007433114033400154,0.003329540481960392,0.004162992931204327
1.3696422982234036,1.2814160466186848,0.9355844575483985,0.8858305450105223,1.3535043759427132,1.268657216411886,1.293775693820985,0.9413488701583792,0.892867424396052,0.009349940948811301,0.0076643293062652095,0.003507356946177804,0.004079603711802473
1.3695001304832626,1.288488372618554,0.9408457465161968,0.8875165004209556,1.354176336067563,1.275573957043911,1.300851343969984,0.9461387723208959,0.8946877725285263,0.009314314927733582,0.007809794830916674,0.0033679018818414956,0.004113259776707852
1.3651283695577492,1.2865109145406484,0.9424102108122111,0.8913927550431503,1.3488043496417708,1.2732483091175444,1.299189911629831,0.94799011984407,0.8991138134279139,0.009466096368405319,0.007949054454278452,0.0033699598993253634,0.004470446029619251
1.358485235819347,1.2774307638310092,0.9403346684592775,0.884637019107846,1.3428668326720097,1.2645735930717188,1.2905131215073815,0.9460014297328407,0.891240289749931,0.009611650701682463,0.008124929801123375,0.0034315955753578555,0.003965295054939358
1.3643111749776053,1.2802285745671356,0.93836992472641,0.8829359040561382,1.347445375751208,1.2662895453831478,1.2929478729080248,0.9440652007042268,0.8906954992441919,0.009905573957964368,0.008197154969334082,0.0033612430370373258,0.004426453996880775
1.3783017090032632,1.2882378521635496,0.9346559202158687,0.884714196273721,1.3619823372528979,1.2741191727846528,1.3007962117709582,0.940564575215168,0.8921431305198942,0.009661737463782114,0.007980378324046834,0.003679699707820972,0.004277648546600499
1.3488088678875265,1.2691729972687857,0.9409583725947289,0.8898739567070194,1.3340251756784731,1.2570625859704458,1.2818940732309099,0.9467236161296557,0.8961136396202285,0.009102789749068588,0.0075262137865986,0.0035587047521541677,0.003744811854820938
1.373639465242625,1.2888308989408397,0.9382599521579663,0.8829941247338244,1.3596626189103056,1.2757611107637663,1.3014689501065222,0.9437024852319538,0.8893050399080628,0.008686389898696155,0.007724576910830392,0.003405506077588704,0.00376176185952487
1.3724596345354345,1.2938687423233592,0.9427371922390434,0.8841803830127472,1.357004765339174,1.2805594106570337,1.3073736751291634,0.9491587402452265,0.8905637577893442,0.00933256116253194,0.008143235005157142,0.0038050732594342614,0.003756391511876155
1.3726382403127824,1.283111580620869,0.9347776733427499,0.881071933477725,1.356225908645244,1.269671946659632,1.2961809478078175,0.9403546547910453,0.8880269174416215,0.009629003608925029,0.008213745357279756,0.003328632234647321,0.00411399204517495
1.3670441997048792,1.2808693362723873,0.9369626355526065,0.8913225296838253,1.351433399899818,1.2677262589428768,1.2950303865766826,0.9430124210230896,0.8974757368833917,0.0096774921938168,0.008335053379478716,0.0035672732781529513,0.0037199178100820844
1.358385316403346,1.2821070233390282,0.9438463504108812,0.8873299674160846,1.343186252985985,1.269251165802823,1.294841459476664,0.9495939601128583,0.8941236257033832,0.009285380966406468,0.007931733938162717,0.0036154873846774523,0.003991685059005742
1.3807492997882287,1.2928588496365174,0.9363458303653014,0.8823471205224619,1.3640149503635026,1.2792950819854672,1.3062130277275905,0.9421967785375853,0.8893465406943564,0.010074697419368521,0.008205287324240345,0.0036098490171905446,0.004219644707958157
1.3694690165072823,1.2874333408276728,0.9400967274974685,0.8895937109544594,1.3547960614199717,1.2743867968543081,1.3006531798315069,0.9454227653738543,0.8972204552992161,0.009073848988108904,0.007925732065025011,0.003310069674633858,0.00443097550530438
1.3744567515768826,1.2933751856862832,0.9410082814191305,0.8895471774695096,1.3594679060281945,1.2809970376545428,1.3059165173471878,0.9470418997293055,0.8962279069421973,0.008785625886250788,0.007657049884165534,0.003512333033266455,0.003956515856618371
1.361068984474228,1.2799992566862655,0.9404367238452066,0.8835095807319867,1.3465401445375411,1.267091006222562,1.2927510100150537,0.9461426615189746,0.8887520117162722,0.008883838046075905,0.0077436052669157445,0.003443186000466538,0.0031230349858567172
1.3862068965517242,1.2932863723769907,0.9329677810679783,0.8855887673929816,1.3713316640402904,1.2806457403320288,1.3051733841669113,0.9388237219600293,0.8914104258770215,0.008675557319241268,0.007389286697562883,0.0035962294062732102,0.003324175626981242
1.3823656492141068,1.3076814762569235,0.9459736481446553,0.8880268385519406,1.3671400315638957,1.2952348336793307,1.3204210121129034,0.9518310873104303,0.895436845355056,0.00936217371961427,0.007733355362723533,0.003548171105034656,0.00434337798983072
1.3534351499636124,1.2728759276126045,0.940477959100461,0.8835804503020318,1.3378483161380512,1.2585190814777925,1.285479192780939,0.9461195603106688,0.8906369841638146,0.009337297710025819,0.008244313897013736,0.003400304079619646,0.004135397827930207
1.3710091186275115,1.2925335886269036,0.9427607526934846,0.8934797044907445,1.3548070038106785,1.2777931543829715,1.3057748345828641,0.9486887152801666,0.9018152842738553,0.009832635197946554,0.008441515378397412,0.003639059531334286,0.004856192134158634
1.3599447309334056,1.2792399794981244,0.940655859315776,0.8882853265405355,1.343033770363805,1.2649319273016164,1.292954754094212,0.9463532992148509,0.8960721215056102,0.010135351275393934,0.008437515580910866,0.0034663025825067,0.004480703575976825
1.3717676179382645,1.2855456835831263,0.9371453785410623,0.8846408315908278,1.355329413399366,1.272385462990151,1.2984144720091435,0.9433633851433351,0.8917932393832375,0.009516139151831273,0.007923422801735303,0.003688876076521794,0.00413692837752391
1.3613168438762944,1.2737688340177828,0.9356887338518327,0.88773507976148,1.3489136518341756,1.2623421569571103,1.285130058138081,0.9405801311128335,0.8932373801200394,0.007823859778108818,0.006752947636551056,0.003013180878888968,0.003229094729842959
1.359315343895826,1.2790327335490046,0.9409389361288825,0.8875308692230454,1.344859850462088,1.2668860175115872,1.29144208154765,0.9468031209889237,0.8951689999950873,0.009150657958726868,0.007502543026254596,0.003443406079192347,0.004384727118478294
1.37418161462263,1.2886507044637385,0.9377586563167785,0.8875577832486141,1.3587803594934853,1.275158722649757,1.3015642969383707,0.9434963337313549,0.8945317438445226,0.009351829317024987,0.008116542190703369,0.003479445336469977,0.004261141544238078
1.3692627174380247,1.2868946387975193,0.9398449416671322,0.8822530502333532,1.3532203232396098,1.2738353444361497,1.3009803881138968,0.9461387983971751,0.889204597842483,0.010236803903887913,0.008491030306454714,0.0038043498513706782,0.004189177491737083
1.3688903983309884,1.2837010626300442,0.9377675993601747,0.8811839428372947,1.352930695262237,1.2707217509305173,1.2968141803267428,0.9436600162337819,0.8883309358949153,0.009881105718889154,0.007969470493847513,0.0035999145106631676,0.004256803245842856
1.3784449262504685,1.2928108041263457,0.9378762832715721,0.8861813801411117,1.3639904191852343,1.2798912424048245,1.3056751438543102,0.9439589616442697,0.8920233905331886,0.008957912538588218,0.007811862341158873,0.0036247921887441184,0.0036136335508359595
1.3710542805670871,1.2974425579033877,0.9463101324965394,0.8803826213633832,1.3563460995110317,1.284239018463728,1.310355680318096,0.9521282284369526,0.886565903125494,0.008925686955891039,0.007949271392405607,0.00361790789559675,0.0035631774691875103
1.3762894584861276,1.2940357439258658,0.9402351634294009,0.8836953035978684,1.362125712652705,1.2809563656378202,1.3071688687433816,0.9456727103506573,0.8898329174157588,0.008814285126617527,0.007844670620878614,0.0032933123134207677,0.003502408217869613
1.3826333790921148,1.2983551974417857,0.9390451706686923,0.8833606510478896,1.3680076055096617,1.285979564349641,1.3106096879397546,0.9448465267921408,0.8889939034562883,0.008892085171577543,0.007547831719121456,0.003578505342515074,0.00351961761324457
1.3614841826103428,1.2804785306832698,0.9405019515013662,0.8811684539689938,1.3453267704421485,1.2673814227841944,1.2933217415105815,0.946329444680389,0.8883516047326777,0.009736273507522824,0.007854341443585494,0.003468503587858809,0.004133605215499979
1.3457608800186849,1.2694079946566044,0.9432641515326108,0.8879802898669089,1.330639721226862,1.2563195630309327,1.2820045943801957,0.9486694896231119,0.8949852017183232,0.00914299855592207,0.00789354483320053,0.0033994876733555637,0.00430691539091307
1.3670651609374498,1.2852571151682999,0.9401579031440968,0.8918774438441185,1.351674785595692,1.2730456685479146,1.2978468906301892,0.9460950871476022,0.8992639416966911,0.009252353123531459,0.007670565343212418,0.003679022606191523,0.004417836257092048
1.378080199095657,1.29477871882569,0.9395525163741325,0.8825328593866247,1.362675228157754,1.281688859624537,1.3073468743004761,0.9453346782471728,0.8882759722446686,0.009169420934577429,0.007712439333293312,0.00343067533329437,0.0034759264807309983
1.3671027986889024,1.2845167851556594,0.9395904875533532,0.889398265703681,1.3520913339607028,1.2719433002245448,1.2976020832628319,0.9449640863960437,0.896228345524452,0.009146479302112874,0.0077773851603973685,0.0033198938392460958,0.0040105641347476986
1.368111033209239,1.2846125570655744,0.9389680558691216,0.8844017626105691,1.351733924993265,1.2715823808726427,1.2974734725192032,0.945167088474332,0.8917757992923971,0.009843429696691398,0.00801912569264744,0.0036685514240902216,0.004235021473113475
1.3682246153701518,1.292128453717948,0.9443832826881154,0.8843688159630607,1.3531484979205461,1.2792596345080047,1.3047028042172668,0.9500844943699935,0.8904768133696777,0.008940055589176108,0.007672354054046052,0.003474116785631294,0.0036557716642017834
1.371116033131552,1.2864952834393986,0.9382833052437697,0.8869533865203728,1.3552560126705306,1.2738900521125758,1.2990749781527806,0.9439230646842428,0.8937523940447882,0.00946253539231153,0.007778263918904655,0.0035395732059132026,0.0038725892370092474
1.355128928322163,1.2762136281813432,0.9417654671142414,0.8944524012784241,1.3387649319335833,1.2637846564213788,1.2890966405793118,0.9472998430277643,0.902386324810999,0.00961442310547974,0.007823583970339037,0.0033059362461022065,0.0045917537197127205
1.3635084791804106,1.2834241070857622,0.9412659522713154,0.88654167704294,1.3475602509168454,1.2698502732916948,1.2967933058268353,0.9470401971078843,0.8933879566724034,0.00973113861100122,0.00812844895063539,0.0035968212249757924,0.004106612164240161
1.375953202222797,1.2968370054870917,0.9425008084519908,0.8888680081553054,1.3609092079064489,1.283221082861135,1.3114167183788223,0.9482456577342497,0.8963079150017844,0.009101047439019303,0.008524978044820728,0.003659107206005886,0.0043641345960381385
1.355576344417869,1.2807707591961062,0.944816398183839,0.8895786051210541,1.339720226043452,1.2677078966477646,1.2933807449956873,0.9502234831467925,0.8972347264186258,0.009309515296213594,0.007886541055950233,0.0032273129455218067,0.0043750042754054355
1.356466954184759,1.2821150476709986,0.9451870859924885,0.8883018459373139,1.34037299750797,1.268938541875745,1.2956001922693847,0.9513051405710186,0.8954256614764571,0.00958409290720148,0.008095377491575954,0.003714478341226103,0.0042000128899419165
1.3525675011795377,1.2872493142876062,0.9517080021256098,0.8928159152452774,1.3361432953783479,1.2733634019434208,1.300837429576155,0.9578557398567387,0.9006029700172018,0.009783790793299012,0.008313236718867127,0.003654881152110963,0.004595885956194743
1.358636751026584,1.2787708869474217,0.9412161756858,0.888500140888537,1.3428326467545224,1.2660594213298049,1.291757889192337,0.9469673747713898,0.8949486887903783,0.00932624890914391,0.007791188022610517,0.00359832261013743,0.003964289586232218
1.381242113294662,1.2912420719464073,0.934841226978246,0.8783418199330043,1.366840766812246,1.2792387998220356,1.3034975517001,0.9412889269314504,0.8838591520566147,0.00905643197525676,0.00760520321166064,0.003797469662985122,0.0032760856976795758
1.359224564794,1.2906866194904174,0.9495757014118046,0.8936504077618406,1.3432363569027874,1.2768271615647786,1.3040428624586757,0.955763990687834,0.9011319979266033,0.010041263840257043,0.008477088240699574,0.0038774934499249416,0.00443547661980379
1.357806975835495,1.2716173530394448,0.9365229194355734,0.8794517793248828,1.3419273463399821,1.258411111810704,1.2847716471399246,0.9420439264749633,0.8854837195036762,0.009719332882037569,0.008068963765310438,0.0033771760914398648,0.0035081344413103325
1.3771158603916527,1.2912920194344182,0.9376785618220779,0.8831508040423726,1.3612149624499819,1.2784569035272901,1.3041761658898379,0.94403539220176,0.8896794016770233,0.00955118106088178,0.007752513524558947,0.003692081958642265,0.003909836517783216
1.3526026720194475,1.2732301637530028,0.9413186814514118,0.8908572280845669,1.3352634328230646,1.2591343721931045,1.2866548133586577,0.947485643403209,0.8992624867837485,0.010260040040047583,0.008344182801093617,0.0036753532245050826,0.004941188644262374
1.3608336255698612,1.2857299606278887,0.9448105458810057,0.8868853907434949,1.3453237002207803,1.2721394701428355,1.2992186430089907,0.9509128374251062,0.8936842968040584,0.009399191264890625,0.008171416416196401,0.003594085986835571,0.004118660954443555
1.3638428290014726,1.2834291165639966,0.9410388713952104,0.8812669810163193,1.3489411017069965,1.2703462823000395,1.2962462774809616,0.9467979148169932,0.8866911449427252,0.008941444714435302,0.007837050490052355,0.0034288119764926944,0.0030653625918039447
1.372542785731405,1.2901018364439574,0.9399356070029422,0.8905760561623577,1.3573669313559387,1.27688981395594,1.3037926617951714,0.9461687688752258,0.8969317805187377,0.009375460076711363,0.008140257703602967,0.0037250707149743666,0.003691885939410126
1.3430065200398784,1.270492515450674,0.9460062155267488,0.8936054535569403,1.326961015110648,1.2570290248591638,1.2841719269461163,0.9519286517704042,0.901119982895174,0.00997631102334057,0.008325884238219932,0.0035971559754688527,0.004405694839697317
1.3824375065023502,1.2934221749012258,0.9356098693919709,0.8825996380839659,1.3669758154492888,1.2802273137285174,1.3061669886318614,0.9412494819056235,0.888642824467832,0.009203392950173089,0.00801932223192887,0.003383041942027701,0.0036284522769261546
1.3691273621847733,1.2791469310474335,0.9342789914053327,0.8791551561117261,1.3555715103471597,1.2683921550759996,1.2902989552336557,0.9397389959945333,0.8847978600599186,0.008312084384724106,0.006665032825333874,0.0033017393198302306,0.0033447278650765412
1.3712471819607357,1.28713479031834,0.9386599347302768,0.8812130691692736,1.3563929024778747,1.2747064470782743,1.2998739082340285,0.944554371907444,0.8878916414134062,0.008976065123114881,0.007547351928290298,0.0035853908406627017,0.003769435917357336
1.3797651343765547,1.2915003928491091,0.936029155014612,0.8885022281185155,1.3648981597763514,1.2790796532726576,1.3036637692031954,0.9416534854029309,0.8948188160022514,0.009072215968499081,0.00768808098898998,0.0035857381119105748,0.00398748062410343
1.367881030593264,1.2891304762742126,0.9424287985886488,0.8795759824664193,1.3528278913118776,1.2759280191347753,1.3020269505911264,0.9486269772343922,0.8856145876182816,0.008962077315324194,0.008107586421533253,0.003720670830510486,0.003546274978394723
1.364878909515869,1.2853996662232254,0.9417682823446694,0.8826366233027846,1.349711145100208,1.2723393176143871,1.29866624234474,0.9471696754259828,0.8885315484230325,0.009037133245994913,0.008076444611888101,0.0032085949783469754,0.0034924522331156995
1.3580664688545088,1.2820820923820575,0.9440495894604173,0.8940964991121731,1.3417556831670694,1.2687190878206471,1.2961923947671377,0.9500388616614014,0.9023016732619893,0.009981673042019645,0.008218084078776515,0.0036333592659827142,0.004778053575871845
1.3690945960758523,1.2923645020363184,0.9439555935291393,0.8870485645470133,1.3555561793996287,1.279691964892455,1.305424299979612,0.9494992403196326,0.8931370511857138,0.008429338594794096,0.007750668028554252,0.0033343655394180386,0.0035537537325523068
1.3690347646684535,1.2940378732309716,0.9452191475534631,0.8883521296860311,1.354595220113206,1.2812507751103823,1.3078763897135153,0.9515347364367396,0.8952825127702625,0.009053872453977074,0.008017885743077977,0.0037560267840425973,0.004277710335087746
1.368547026571067,1.2840815323447907,0.9382808974873834,0.8903022505065759,1.3514903526371762,1.271085369911946,1.2971814926692014,0.9444788436999052,0.8978266073244928,0.010198665895728187,0.00792413975805404,0.0037476258350259543,0.0043689848612609725
1.3601782968749307,1.2754658021154217,0.9377195659171009,0.885142354550785,1.3454556074282296,1.263275879923421,1.2878293119501347,0.9426293132547556,0.8926459641719775,0.009039950840580539,0.007456541150203612,0.0029671578413224507,0.004426333014453743
1.369668678820685,1.2967427078642173,0.9467564878396295,0.8817556441197911,1.3548080308731523,1.28396373825607,1.3100446260785423,0.9527759332115857,0.8878286673815875,0.009020143460066507,0.008020018870820794,0.0036143222627449435,0.0034954773106645933
1.369870600674689,1.2912311165495627,0.9425934945341591,0.8910427463520417,1.3540281179883722,1.2782345599493676,1.304171042206699,0.9484914252049119,0.897307203050943,0.00971496472126077,0.008043620197104391,0.003571405974233035,0.0037955033877457413
1.3604607514023102,1.2752898172418667,0.9373955227501767,0.8935576437941474,1.3409390019061813,1.26037346627917,1.2890103876625614,0.9435920445374524,0.9030387350694539,0.01123899400945921,0.008712707369564306,0.0036474432454384363,0.00543486191745231
1.3645452797538935,1.283375558975217,0.9405151870128369,0.8899787920500898,1.3489851678853537,1.2694851679277563,1.2965068620238027,0.9465735047650083,0.8971294619191559,0.009387414041764922,0.00819497759938963,0.003715597564664429,0.004283398441761096
1.372190852092461,1.2866657132822346,0.9376725630550526,0.8890108415536693,1.3577144617573251,1.274717149735002,1.2989986046869075,0.9433703691459497,0.8956583483654158,0.008905008175323184,0.007427229570413469,0.0033890650368597177,0.0038926798990432574
1.3766539657264178,1.2881730432107752,0.935727550482191,0.8803724805067388,1.36211979533264,1.2759764472555841,1.3003592699796978,0.9419403959433089,0.8865994076357084,0.008739481872708899,0.00734318496999831,0.003600799856469604,0.00356120802628982
1.3521847815218477,1.2742258317160464,0.942345934615489,0.890776591339328,1.3353691367333318,1.260179156200379,1.2874447073385167,0.9481573512714322,0.8982696497609323,0.010317926314550155,0.008372700204269348,0.003708526405924392,0.004493459466853694
1.38213610715773,1.2966215367106289,0.9381286907966278,0.8810355502726613,1.367727746730867,1.284822934899094,1.3089908776587902,0.9437963598989189,0.8865339173698825,0.008809851451507665,0.00728963192868477,0.0034721167392170677,0.0033130329961164823
1.3548950642809685,1.2756903046654602,0.9415417756669284,0.8908542231062034,1.3398763074415942,1.2632723648815918,1.2886991287549079,0.9474725667377045,0.8986164883905855,0.009512873088647714,0.007763362007624258,0.0034393783051050618,0.00439561053532552
1.378884460328283,1.2905999303509421,0.9359739466812743,0.8854010068728865,1.3638032778239813,1.2779488499767022,1.3030229708036731,0.9415416852965134,0.8924550375454338,0.009414020512657066,0.007574887580104412,0.003418680437352835,0.004243889872948389
1.3580650194044113,1.2820971910316836,0.9440617148021059,0.8846167653922097,1.3430475088770186,1.2691719923320828,1.2956949911605786,0.9500010213403303,0.8913808749066815,0.009250051763371554,0.008087061384759637,0.0036523767613003445,0.004062509340044242
1.3709320830593594,1.2884755690518588,0.9398536842003935,0.8845973384122924,1.3557010058576058,1.275533911578934,1.3004393490089385,0.9457234279744496,0.890498931076293,0.008964797780602773,0.007651051311003526,0.0035367905732513424,0.003500002115150774
1.3622215773053763,1.2808044685063498,0.9402321104323729,0.8888311895821682,1.3477097502528872,1.2686947380010198,1.2940049817686867,0.9459904770000741,0.8957628869381635,0.009172783445358053,0.007607907619714434,0.0034193530697299926,0.004093034770802094
1.3651737800290886,1.2899168311521425,0.9448737223217526,0.8819920500216751,1.3500226096351753,1.2764525783892298,1.3026092363942876,0.9507079088938588,0.8879682213534216,0.008992837526719939,0.008023068260463255,0.0035326780152995885,0.0035056417984878005
1.355607169381123,1.2878094247516525,0.9499871746322924,0.890045852031238,1.3413455768745806,1.2746972117978828,1.3012086899972903,0.9558803401440236,0.8963021224598802,0.008454074725394141,0.008103677504681129,0.0036210066013798543,0.0036981458398658218
1.3685117381003662,1.2896590254427391,0.9423806822679631,0.887920652516046,1.3531870868966853,1.2767377659413643,1.3026152393206878,0.9479636209345786,0.8948547351249975,0.00952060725258581,0.007900925005297793,0.0033594294609241497,0.004112415672243524
1.3631416329845327,1.2823201306041774,0.9407093874732587,0.890301440780103,1.3481811388805127,1.2694530453384385,1.2948856785328322,0.9461288633196333,0.8972521715084606,0.008786668767800715,0.007687660136917981,0.0033633933830762505,0.004113311415551205
1.3581126889601467,1.278693693478883,0.9415225289279407,0.8959274949742981,1.3422135453197166,1.266277587945625,1.2919002791368532,0.9474538973874841,0.9037601778875576,0.009511223368575508,0.007884238907118622,0.0034395669809415023,0.004800405826145966
1.3678772652991535,1.2842398483675372,0.9388560515966139,0.8955985563892613,1.351542082199577,1.2713892269962168,1.2970683412327837,0.9447236470973129,0.9032564322897436,0.009636663636794324,0.007958875951935685,0.0034778125195542614,0.004430180967699741
1.3722802631889253,1.2868062368433533,0.9377138703817351,0.8889751979762428,1.357166761003473,1.274082129031589,1.299504047977683,0.9434294135953174,0.8959967277524519,0.009223187880158959,0.007616825252907426,0.0034340393080473405,0.003987045411469029
1.363272075344084,1.2827271023037123,0.9409179029651565,0.8917833355987494,1.34909396177073,1.2701161572917807,1.2958035183504253,0.9467084446904318,0.8986191059287177,0.008951387466782453,0.007829725137547056,0.0034764391731501093,0.004101610137622359
1.3669838283339042,1.285235528072399,0.940198048750042,0.889503940276848,1.3506828860385782,1.2715398564203513,1.2984455915577404,0.946628750970598,0.8963391719235775,0.009762219667324925,0.008143641833978582,0.0038491237742274338,0.0038718647018919344
1.3698425295922416,1.292259087096618,0.9433632400662011,0.8865710238212154,1.3540396187102293,1.2792375901957798,1.3043249843928582,0.9492100264916342,0.8939385289710153,0.009136726330802267,0.0075445140493568,0.0035370659418679363,0.004186450861143254
1.3699980249815744,1.29170901437271,0.9428546544000183,0.8818397901561874,1.3556494613784986,1.2788266945145395,1.304552893232589,0.9482291207485858,0.8879695122623811,0.008598519090609826,0.007787003168992526,0.003266196560819323,0.003491311278865246
1.3636009080272409,1.284713435533157,0.9421476826322942,0.8890661210361114,1.3485002509715944,1.2725070087507309,1.2976349313548026,0.9483988746144577,0.8964530407335735,0.009494387422628975,0.0077183474504455485,0.0036916005809380487,0.004360335514313888
1.3512217695382942,1.2745376671546604,0.9432483222869948,0.8911928257454057,1.3351993631826362,1.2611345526193016,1.2873391468835516,0.9486588643624027,0.8987979566201278,0.009849490791952933,0.00788768969231499,0.0034118891998094203,0.004544235005317024
1.3598987890487042,1.2748453919634257,0.9374560829304244,0.896416412000555,1.3427717322681152,1.2611119045904153,1.288382678552306,0.9434956880882832,0.9047774295399647,0.010334355977536012,0.008293889559878061,0.0036756991017596764,0.005124157260411024
1.3586255978420452,1.2725470762947269,0.9366429414519791,0.8867431041430089,1.342928850363958,1.259993677696899,1.2852507041860846,0.9423737201922162,0.8929218826579111,0.00935043964201781,0.007679903585124861,0.0034900347818915193,0.003680578941113698
1.3709307298348823,1.286419573798768,0.9383549043019169,0.879325889715253,1.3553160067828856,1.272549888252166,1.3009126873560217,0.9444300447667419,0.8858275780448954,0.009561475171240766,0.008614909467130632,0.0037250815372848844,0.0037849042408963605
1.3749080552988437,1.2991890897003202,0.9449279787788678,0.8830676689666525,1.3602229274769593,1.2862963479369893,1.3117728640406323,0.9509088297307291,0.8894200816343668,0.009008489628018484,0.007785341067313584,0.0037199846398226107,0.0037017557488337213
1.3672569932635545,1.2904512435576267,0.9438249355575813,0.8834075438511451,1.3526861446311114,1.2779571463936208,1.3038154262271588,0.9499354576607872,0.8898769366571359,0.008991245953946821,0.007788121717962047,0.0037578359875976605,0.003811952038104798
1.3621312386973314,1.275947324453968,0.9367286265853612,0.8877165238498033,1.3462657943631955,1.2623429699867839,1.289757873691531,0.9425464136262157,0.8950818384670766,0.009723820956249976,0.008273176447509677,0.0033672608009253317,0.004483499545997538
1.3578943209096028,1.2767701634658999,0.9402573851333579,0.8899105928226916,1.3411455113709154,1.2630806688002083,1.2903773635025038,0.9457669903690339,0.8980804133150405,0.010034532675760165,0.008304187967388061,0.0034084034768459563,0.004801277765206086
1.362747862492174,1.2811596320049565,0.9401296213827772,0.8834081503822684,1.347054345639756,1.267848457439967,1.2944320032115406,0.9457343716146112,0.89006412120532,0.009557034742991945,0.00808981037392236,0.003436135125428589,0.004122915324821662
1.3695347390509085,1.2928722067496328,0.9440229370491157,0.8899988474810682,1.3536447733364438,1.2796115634485958,1.306197567408869,0.9500338064528078,0.8977769888117143,0.009592711746929383,0.007965796246551226,0.003627468064169401,0.004523110725748743
1.3769156213566323,1.296028051152965,0.9412545191956125,0.8886939252972061,1.3616830851356438,1.2827312171921401,1.3088394242849946,0.9476133619339778,0.8953312009602206,0.00913564542671905,0.008017311112686373,0.0037280394379524177,0.0038978659789950074
1.3696874013261762,1.2924330338899297,0.9435970810847452,0.8812017435282685,1.3535347735331773,1.2783692826479625,1.305366805953131,0.9494040924447115,0.8878260039116321,0.009573613435225448,0.00823044101476332,0.0035734806565064763,0.003907840228970091
1.371419558685883,1.2859967476900362,0.937712124305927,0.8866180745924789,1.35508016595394,1.2720554358076805,1.2999285490063939,0.9441737718451204,0.8932076194273135,0.009871787483922112,0.008382389747160402,0.0038065890281001446,0.004023335019575831
1.3739866382762596,1.2904971198876936,0.9392355674627898,0.8875749529933213,1.3574315464949345,1.2767301817922723,1.3035052221665266,0.9459280277905737,0.8950884254869701,0.009827742689960952,0.008094817312430894,0.0039033521152112703,0.004428156205736343
1.3810839956139953,1.2901456672006175,0.9341543825703744,0.880521508621821,1.3662401713379213,1.278023086211933,1.3024503896543072,0.9400344145312435,0.886963505310427,0.008716326668179447,0.007480282670445919,0.0033745407071785775,0.00375657737186927
1.3711486202013243,1.2955486669927458,0.9448637791011464,0.8864797342563644,1.356642647477698,1.2833197760206712,1.3078521287125147,0.950945053174364,0.8937202175065737,0.008930627082962137,0.007466049480837619,0.0036418160300178155,0.004155062181604424
1.3609129949937124,1.27389571540814,0.9360596306261486,0.8927410806438115,1.3449275743989095,1.2614458064500245,1.2872700208603167,0.9417765394410069,0.8999543033938064,0.009875255042933332,0.007994103621912963,0.0035347358274582115,0.004342314408762692
1.3751069801244078,1.2857788300515718,0.9350391268723294,0.8878287929625702,1.3599199995768656,1.273074885293557,1.2986063261490535,0.9405551137675251,0.8939124853856809,0.009446795628243004,0.007798759962044094,0.0034089188182861445,0.003756193760326552
1.3688233765620201,1.2829988474251948,0.9373005088849483,0.8839720845470987,1.3536392605967764,1.2705349797159968,1.2955953991862554,0.9427989128487755,0.8909284115506256,0.009287542173074169,0.0075712755654623095,0.0033543957724245566,0.004042315104271464
1.3483567407166521,1.2683673875966812,0.9406764169269799,0.8910733262486716,1.3329293200482015,1.2549642185007512,1.282521507779163,0.9467537568374687,0.8979942158202341,0.009608314995143048,0.008217242297937829,0.0036645408151554652,0.004215718853399571
1.364267121402825,1.2842582039514543,0.941353920946874,0.8871906961671622,1.3489454135369456,1.271635884479551,1.2964961407518918,0.946830271115785,0.894166705626032,0.00914244596474079,0.007605135884846249,0.003369538171207925,0.0040968491531317005
1.376878418672617,1.2877192303441116,0.9352454166472741,0.8854237628448295,1.3615924508063373,1.275242569625138,1.3009593912672983,0.9409167146594483,0.892403164033108,0.009326551284571096,0.00773910282115311,0.0033584807493558834,0.004067886507291307
1.3717144623484365,1.2919956303220184,0.9418838000075206,0.8820025224164313,1.3558055536525535,1.2786524284997969,1.305133222841998,0.9480123296360241,0.8890937315290329,0.009500150374408737,0.008048637326468138,0.0037464935958013658,0.004145499294615697
1.3691039978698314,1.2834348104304023,0.9374268225257391,0.8865349952594126,1.3530974632146409,1.2701823885919101,1.2966542046050977,0.9429416318941151,0.8942950465796157,0.009451148101094743,0.008201144311531825,0.003363745835036838,0.004407418072460263
1.366349088612797,1.2815855259423938,0.9379634652836338,0.8825033286994414,1.3507318493922578,1.2673546085464193,1.2950648227571069,0.9439883631245165,0.8890860103106267,0.009774296680304493,0.008620616068652508,0.003738203047114098,0.0037672517337135137
1.371310719287261,1.291600485597708,0.9418729595208135,0.8848058778628615,1.357285259615697,1.2784624676211365,1.304275208470265,0.9478434260890075,0.891742961564195,0.008534682085385908,0.007572265121151663,0.0036954805039147135,0.004071110695206967
1.3680880085121143,1.2921896684158853,0.9445223263240401,0.8863679969301612,1.352544003052513,1.27862665790743,1.3050479503694785,0.9501688356614497,0.8927240412069466,0.009226789885723001,0.007959165984097688,0.0033952257486378383,0.003677255653126264
1.374124044578979,1.2876502810855277,0.9370699000322447,0.883539267462882,1.3584900270853868,1.2746813104416146,1.3001389318368437,0.9433396781839827,0.8900663776022227,0.00914592067386979,0.007938125458173339,0.0037131389487626907,0.003841329647919907
1.3774971597948507,1.2921106855083917,0.9380133209863202,0.8826657887502248,1.3634294943188336,1.2805048223815891,1.3037737420286448,0.9438995376097695,0.8886178322067968,0.008360184109497067,0.007127772217610022,0.003669166069936353,0.0035372552565741625
1.3744316751153278,1.2916462504767203,0.939767522724139,0.882544071897684,1.3599939457706476,1.2783774413484872,1.3047742739209398,0.9453563726451784,0.8894303807790185,0.008820999019946653,0.00794577805408385,0.0033855216702345678,0.003938712701040332
1.3734863655301248,1.298165135538342,0.9451605550065209,0.8869112270092729,1.359410023076138,1.2860082487358195,1.3103743923482905,0.951124587600162,0.8933296930126631,0.008498524803565836,0.007490487337008691,0.0035474781289116385,0.003690681566514029
1.3700137348436738,1.2823087353199714,0.9359823939767217,0.8840762500224582,1.3548333094363487,1.270139326123234,1.2945461255271908,0.9421180470575096,0.8898101383290775,0.009042708378362513,0.007430382987233788,0.0037023431700242745,0.0032985312699054256
1.3618315781639563,1.2827579996166185,0.9419358606341424,0.8864952932657495,1.3469724669096292,1.2698953445010428,1.2958778327851328,0.9479063988176478,0.8931547229583161,0.008845450255928125,0.007927791408527719,0.003564406993919452,0.0039240463146042225
1.3564944015864187,1.279207827238221,0.9430247745528393,0.8924809778151764,1.3410512965547643,1.2653579161764796,1.2929236465851535,0.9486618054396713,0.8999430663827296,0.009546708777416991,0.008313430963206919,0.003464081877533904,0.004447399122512519
1.3827879716374962,1.2939828679019336,0.9357782208429253,0.8858915112905812,1.3660630628570882,1.2810920539317232,1.307643561227469,0.9416543099649014,0.8929349418430709,0.009979854535217183,0.008183018173278208,0.003698340707740763,0.004276844709810708
1.3789663728239163,1.2935393537907671,0.9380499621189402,0.8812893599280276,1.364307492416377,1.2808434353103735,1.306955146494281,0.9441894207473963,0.8864727588569594,0.009005591166246617,0.007914804383940191,0.003576406343319926,0.00309251177385156
1.3712279890794055,1.2921358032904962,0.94232017839571,0.8874421479187297,1.356135846084162,1.2792175952493343,1.3049853021590003,0.9480225453602771,0.8941670689857543,0.009001152198738403,0.00785020564569085,0.003404651236404409,0.00396662373668179
1.35486618484019,1.2707257513581791,0.9378976061079158,0.8904522247860608,1.3377452380184778,1.2571752262982827,1.2846398565156756,0.9440907748278156,0.8978626762730963,0.010365462033218082,0.00834301204907343,0.0037581816373649934,0.004311996143206513
1.3710576224580837,1.2841989305155972,0.9366484015553168,0.8849899900077876,1.355208193189541,1.2711515706710081,1.2977945954660528,0.942510543568964,0.8926583065866358,0.009499716373672577,0.008147893744080658,0.003483370508222578,0.004545769501958332
1.3586521481854228,1.2811855060117332,0.9429827257277356,0.8894985562315242,1.34354922949971,1.2684799101733872,1.293568411992572,0.9484190459386485,0.8964386540358091,0.008884082433832123,0.00757022466535972,0.00317658708451058,0.004082460215091419
1.3736895567012286,1.2999613494165019,0.9463283338472942,0.8846982908964074,1.359798915989451,1.287542736110223,1.3119374263879293,0.952187526790886,0.8909653859289492,0.00849886903392915,0.0075289324598116925,0.003540779476215157,0.003699510247621658
1.3656206093365635,1.2799643121813815,0.937276651677954,0.8875345654410534,1.3498467478022242,1.2663931880021864,1.2932446644501292,0.943106196622158,0.894154759433714,0.009555354657254217,0.008016466255468544,0.0036286435376357822,0.00393584313385152
1.3677415452756363,1.2925338642999715,0.9450132364294686,0.8890336450314816,1.3528486702564049,1.2801984419935455,1.3051321233230082,0.9506888639669624,0.89595766741706,0.008997763457211334,0.00753074188853894,0.003518881687662456,0.003984048733319732
1.362563886153702,1.277381310486402,0.9374836097353523,0.8820725823657749,1.3468080418098418,1.263833676621396,1.2909254946614868,0.9424784500789031,0.8886656770639081,0.009297832304665972,0.007987566721442086,0.0030847567468599577,0.0039090875725940845
1.3574525069767214,1.2847271288629805,0.9464251030957151,0.8877467623412674,1.3413799705583693,1.2704788130540452,1.2989963233632642,0.9525217584308066,0.8944103971286139,0.009864302735585539,0.00863369864264067,0.003617046065588655,0.004037693838933733
1.3684470234339043,1.2841807016170677,0.9384219334955448,0.891795935066466,1.3527739953521658,1.270544668832394,1.2974097194968546,0.9441800186763537,0.9003688459448862,0.009652042623936333,0.008213337172111451,0.0035040844590141945,0.004923539026089443
1.3749933462054014,1.2925223927789433,0.940020834534178,0.8805276253690949,1.3612738786357097,1.2809382256285182,1.3039743985530903,0.9456755782901486,0.8862128865329763,0.008147896715346025,0.007108137426256797,0.0034908006430373556,0.00336844056698107
1.3683327588187981,1.2847233842138357,0.938896899116018,0.8859479703743514,1.352878591237372,1.2717384463499415,1.297433005764124,0.9450635244328032,0.8931320072026376,0.009198992751576608,0.00785656954792143,0.0036792240972143677,0.004236685720693563
1.3725588636279893,1.293372812385358,0.9423077192964066,0.8867278078114356,1.3581189207799158,1.280983647813318,1.3063337954279315,0.948374505265292,0.8927427239151888,0.008774155865908123,0.007632280524214504,0.0035650862280224905,0.0036545117428050697
1.3634509305559392,1.2807407525571175,0.9393376203387847,0.8920831968444906,1.348017690578308,1.267200555193029,1.2940056209560629,0.9448055936634987,0.8991479711100874,0.009547678542981376,0.00805225495700181,0.003393633458757384,0.004427784324137882
1.3741873887532206,1.2945857949215571,0.942073697893644,0.8828318658222368,1.3591741208212345,1.2810597898254286,1.3076067148112673,0.9477039482006344,0.8889360374486779,0.008840990471073975,0.007881031297330853,0.0034463398959066727,0.0036387831635158858
1.3821485758649135,1.295965881552735,0.9376458538415471,0.8844151421640389,1.3676800106425504,1.2830674095360317,1.3095677415455202,0.9431438080200536,0.8901159691194822,0.009419494540405712,0.008073971106485996,0.0033717498408473105,0.0035333967372036877
1.3773333778581345,1.2929821648915607,0.9387575917910689,0.8843231111326624,1.3621056786198071,1.280185780308919,1.3059786666587823,0.944682686532273,0.8904986645718346,0.008995633859488063,0.007797714170882344,0.0036522474245312326,0.0036890598710353373
1.3695482463153341,1.28454864953199,0.9379360332781053,0.8823493053314012,1.3547699769650534,1.2721415704192787,1.2968102534101609,0.9439551265450975,0.8881194077602684,0.008804296603507891,0.007587329777565382,0.0035547938252119046,0.00329064936940641
1.3647162777071629,1.2781814962409677,0.936591375892738,0.8978633677147279,1.3482124964546323,1.265160434861776,1.291208922355215,0.9427652256675891,0.9066122837872707,0.009869538948131886,0.007892616344848639,0.003574180817801477,0.005061332716957463
1.37696167343559,1.2950744619664962,0.9405305078210485,0.8897264907702715,1.3610418959451882,1.2816485362696002,1.3087007221983553,0.946844446810526,0.8963685843600132,0.009854796491444467,0.008174481079146761,0.0038456505920914812,0.004066103413054896
1.394830464409841,1.3056653743697029,0.9360746038208563,0.884075458371347,1.3814325336162903,1.2946526246496894,1.316676408716827,0.9417773196623496,0.889285888046838,0.008207139790572256,0.0068634444734186,0.003509831425406464,0.003137802791306077
1.3710207077731418,1.2975992467590247,0.9464475914930777,0.8847058823529412,1.3550732392305793,1.2841463542099638,1.3114279515630867,0.9523846019004885,0.8916822023894465,0.009748069469684487,0.00841101615224898,0.003594907481613909,0.004200349632158458
1.3690133328425915,1.2866273620360003,0.9398209142086829,0.8819421573701296,1.3549578968931177,1.274543607234443,1.2980296012727828,0.9453331156832055,0.8881975850257627,0.008683247239124876,0.007236246479146743,0.0034725992202036217,0.003720099853220978
1.3620291572591767,1.2874067871217896,0.9452123548606328,0.8844917660207247,1.3453181847007254,1.273170454154221,1.3009526045936215,0.9511319704868817,0.8925561488910035,0.010519982067374404,0.008440016503247114,0.0036854578133417946,0.0046686255663660565
1.3781117872525388,1.2986262751331634,0.9423228849396601,0.8778023490450061,1.3635575210230908,1.285527520642753,1.3118678993701163,0.9480995918087638,0.8832599974715905,0.008909857352678702,0.008007461374116072,0.0034065610301508517,0.0032507343207942357
1.382060315125237,1.2987786992228503,0.9397409686169593,0.8839495798319328,1.3677475790182514,1.28614076645874,1.310974888401662,0.9458712837179509,0.891240491695507,0.008813099451156221,0.00749327765490616,0.00367261930193521,0.0042391765479028514
1.358646672083918,1.2766027816394259,0.9396135197397188,0.889435624184428,1.3444189204823407,1.264019599240478,1.2889272078580523,0.9451013415230599,0.8958719155877446,0.008744380734399515,0.0075020895670815605,0.003286606854547111,0.003731378785563923
1.359875446935401,1.2766938644464758,0.938831469693506,0.8908072455685152,1.3433094311138476,1.2638917595200319,1.2898438163722734,0.9446343976616032,0.898523936831829,0.009824983357432832,0.007972112356721614,0.0034871680760446386,0.004504499720968931
1.382007481359533,1.2945715559722268,0.936732668551626,0.8807230495730481,1.3666212667244801,1.28176194915531,1.3076310708941765,0.9426545885675451,0.8864987151322277,0.009351029522927984,0.007828087911939835,0.003609282371905923,0.003497694830664819
1.3651187959212563,1.2878672699663736,0.9434104004825827,0.8870397998300696,1.3506489042127032,1.2754509647647498,1.3004478231026735,0.9489093782869007,0.8940957252967745,0.008661668652510997,0.0077232550196970964,0.003279521301683703,0.004168406140384592
1.3881150018225694,1.302259305154973,0.9381494353458686,0.8732457569089422,1.373957382614186,1.2902767099011427,1.3138858823604191,0.9435377389553568,0.8785569233254331,0.008447921059040714,0.007378378545064888,0.003274418734853887,0.003013484397986043
1.3647529960252234,1.2834365408196808,0.9404167234346634,0.8864545467817049,1.3489758564930048,1.2699406254702803,1.2979565429217006,0.9468534072441043,0.8934303025537009,0.009726674082928715,0.008530310599410583,0.0037287202978494864,0.004198548260819028
1.364116956911822,1.2838604957466406,0.9411659969780953,0.8864053372188718,1.3499310385934467,1.2715423440869196,1.2970680450913843,0.9469942163416938,0.8937896746595331,0.008936652031322474,0.007751020344395803,0.003526415010825687,0.0042405430238327685
1.3690412749018754,1.291150009650949,0.9431052469499072,0.8935434190261817,1.3539576157083715,1.2785879575922159,1.3043192825777925,0.9493318366342174,0.9007678570182087,0.009529892149298546,0.007898215326737483,0.0036579862688940405,0.004203760909618672
1.3588899523381381,1.2779458682952725,0.9404336724224126,0.8936322340361199,1.3432652367838542,1.2657165604531446,1.2916567100166358,0.9463630778617569,0.9016758105080795,0.009803648797507001,0.007898889761841379,0.0035062342278759304,0.004771320140900872
1.3641063306873076,1.290946888958553,0.9463682265209538,0.8917191296664457,1.3468547019132908,1.2770523904912223,1.30464628314011,0.9529125579781104,0.8991176948590005,0.010218531204614297,0.008518182329627337,0.0038846766227421704,0.004433353113659564
1.3788029703849074,1.2915229603844791,0.9366987075926714,0.8869016965639573,1.3629897655665855,1.278545351222283,1.3043681760577344,0.942334342717411,0.8940620567509057,0.00980057653608881,0.00802457951035687,0.003411230387523651,0.004295781295469793
1.3687365435869225,1.2800938141427993,0.9352375518433772,0.8766163121058832,1.3536866010000173,1.2673231288769289,1.2931231441098274,0.9406094017876455,0.8823801195099972,0.009204190149666782,0.0078124836030372714,0.0031935199167788244,0.003466010043143422
1.3679485881507836,1.2853633129581414,0.9396283779171245,0.8855729107928273,1.3514611198743174,1.2724195158642824,1.298310531204058,0.9456318817220396,0.8927199431768631,0.009567341360408581,0.008042729584907652,0.0035787052793940046,0.00417201952563704
1.371323746967276,1.295849767407608,0.9449626831544475,0.8813433157849314,1.3575530453419622,1.2829768779271096,1.3083956579864862,0.9508251046254534,0.8865776518840401,0.008337461051392245,0.0077516804762986025,0.0034567243670716626,0.0031480120323509166
1.374433179816895,1.2876692104071705,0.9368729082767899,0.8826398206992141,1.3585855913378972,1.2750559433634399,1.3002913165532484,0.9432813598981711,0.8887866671935427,0.009421075551377143,0.007741530969665877,0.003678765782466796,0.003747362585071288
1.3890060738519403,1.2959384928260964,0.9329969949175584,0.8837273126463701,1.3733808281675237,1.2829522039087076,1.3090723032533784,0.9392348161412837,0.8896660502154181,0.009369818025284684,0.007824464570510859,0.003746777408250841,0.003456345336442428
1.3554040941900367,1.2702445314397455,0.9371703515465762,0.8867207006491761,1.3397181091680523,1.2569418945114361,1.2831743499299708,0.9430481758690695,0.8934085344664332,0.009618640590489488,0.008165660036325606,0.003563124073384579,0.003983560082319577
1.3616125612622716,1.2774557785744698,0.9381932973578145,0.8910628182850782,1.345288302895555,1.2635412366923984,1.291732663960988,0.9445514971337681,0.8987927357823214,0.009944876673355385,0.008714701540276688,0.003744346120988379,0.004514517957765902
1.363140154707013,1.28485548333001,0.9425703431105886,0.8894692426036735,1.3487201743932455,1.2722303788524092,1.2981766918809972,0.9481280043743838,0.8956067217600513,0.008910608361515962,0.007975743775635865,0.0032065608740634234,0.00364937897328269
1.3745337295315168,1.2860419711448008,0.9356205260842332,0.8843265193479075,1.3612013798012126,1.2748523378792402,1.2975429585710867,0.941362977752687,0.8906286299357387,0.008121770032084545,0.0069727453656548526,0.0033858419655911397,0.0036699022341872187
1.376364436411467,1.29528899688088,0.9410944969328244,0.8833500632528464,1.3624486323393585,1.2828460936181378,1.3083124588696557,0.946946763368592,0.8885798855437382,0.00870763429893238,0.007699308977158619,0.0035332494884878227,0.003207284342152454
1.35941037262471,1.279938817635553,0.9415396876546444,0.893869576563337,1.34229146549892,1.2660902283345148,1.293314705821791,0.9476467938701768,0.9021867281038399,0.01014337340347171,0.008405009646575834,0.0036549290872372854,0.004806520571594695
1.354467846604937,1.2714204158004832,0.9386863032499312,0.8871899922027824,1.3386356422530454,1.258061827158184,1.2851409061574102,0.9446502813283686,0.8945885130237329,0.010075186357980636,0.008267852070092108,0.003647737111546513,0.00432115846056253
1.3681982324432196,1.2861057723104738,0.9399995861811986,0.8912419126865335,1.3524422241275342,1.2729536766104639,1.2990748207786418,0.9458047946393372,0.898266844567126,0.009455200851656001,0.008006465827596903,0.003598490938879492,0.004386747707782084
1.3815963545494634,1.2979761724489463,0.9394756783881457,0.887486196257122,1.3667790933862831,1.285116409568498,1.311412557330329,0.945552745997106,0.8945398726877132,0.009229878415480865,0.007971681860486643,0.003544168182257934,0.004195918161164606
1.3577140103959158,1.2794929364521768,0.942387665336878,0.8884047388319435,1.3426937353823538,1.265759687846437,1.2930047727335194,0.9483758697897531,0.8947265213985892,0.00903271443554259,0.008419931774227733,0.003569664301181115,0.003810629727366658
1.3751839583280654,1.2945259237773472,0.9413474582347648,0.8853605077926758,1.3593949031543595,1.2809067417622715,1.308025172287542,0.9477319097047119,0.8921486944178391,0.009547397421565153,0.008101040560241864,0.0038068614697915498,0.003979791403698273
1.3748453391551099,1.2929690714075368,0.9404469248898288,0.8793272989454299,1.3596495873818122,1.2805002589994994,1.3048598736864914,0.9461696468525226,0.886506361103959,0.008956060987633118,0.007597828845934795,0.0034759991794515725,0.004121667246039657
1.3793063683800848,1.296852624173205,0.9402208631112775,0.882019340634841,1.3652860964931346,1.2840017528146066,1.3086676230624008,0.9456429850324378,0.8879552418478849,0.0085227177656967,0.0073581536343469,0.003427432721187103,0.003541628368976477
1.3781166327141445,1.2934424353398615,0.938558032488498,0.8846386962084989,1.3634694475680678,1.2807397781241252,1.3055141457304151,0.944167620761716,0.8904721562288559,0.008786179091170798,0.007454192069133492,0.0034745843003086323,0.003482268769213876
1.3808788661405205,1.3004923140768534,0.9417859494885724,0.8809425958303438,1.365946122473342,1.2878657833312372,1.3135371709100578,0.9473387845737546,0.8876964394284954,0.00939545909811868,0.00794814626581122,0.003427107495604009,0.0040246637274923116
1.3612442007191583,1.277547856519781,0.9385148203715692,0.8881698396601534,1.3458013825911075,1.2646635762663325,1.290369102691369,0.9442161393943401,0.894672569084846,0.009501678966854771,0.007797626766557386,0.0034917349381939694,0.003947983602986661
1.3618045488627843,1.2874206021000456,0.9453783974911413,0.8843368363867283,1.3461226425986448,1.2734685032870408,1.3004417053579864,0.9513705508434706,0.8901238711453519,0.009260778189711312,0.008251783237386744,0.003749063628533268,0.003462627563816869
1.3681281643073304,1.2836084688943985,0.9382223847020038,0.8857532236083447,1.3515719784912081,1.2703593340431367,1.296333258880721,0.9440149756749835,0.8937424998199989,0.009482415541614332,0.008027300200381678,0.003474084891501607,0.004525023039418995
1.3721206009505402,1.287018168436323,0.9379774398436536,0.8842565498468867,1.3559786616218896,1.2741417067401226,1.3006134353819445,0.9440935002995882,0.891463885065845,0.009640183843747745,0.008040237855339704,0.0035469593640390035,0.004143878155387465
1.3710692992932059,1.2861929282343807,0.9380947621665955,0.8868903575665141,1.3559552215570607,1.272972796157834,1.2993341514252281,0.9441696119813471,0.8934998240371037,0.009295257242049984,0.007983540811281699,0.0037035954967172898,0.0036925206304957415
1.3787143098179637,1.2949145099620576,0.9392188800397883,0.8843483995539964,1.3635328014456156,1.2822112738668077,1.308308047890953,0.9451405995077604,0.8900194227895566,0.009239523394538705,0.00801278709173084,0.003588591522278075,0.0033957120865207918
1.3569552792152622,1.2721618861517583,0.9375120209469685,0.889866807069471,1.3408031314095958,1.2588997050376016,1.2849879089518859,0.9431148496279856,0.8969230062014479,0.009700617320351785,0.008068046713341956,0.003403119785251762,0.004107573971081344
1.3739352640545144,1.2901656090680391,0.9390294017643385,0.8816368344102562,1.360589918741534,1.2778013077099424,1.3022338993469849,0.9445175826705375,0.8876369673995697,0.00849606282480227,0.007420607544927945,0.0033631453503784026,0.003610780937367402
1.3756260282314874,1.2923495181329612,0.9394628275494417,0.8869833823383659,1.3605429114876333,1.2792586054887325,1.3054115778132493,0.9450767709630701,0.8936062524707178,0.009323307438579063,0.00808409500733762,0.003470136670124442,0.0037833477082828454
1.390357901947156,1.3013297114994977,0.9359674294489377,0.8850135844955624,1.374971838362209,1.2884069608118318,1.314768842464158,0.9421774294624717,0.8922600072668008,0.009484223116472647,0.00804161888607901,0.0037539428658390547,0.004119250632336377
1.3687895685715483,1.2842295631753944,0.9382227865131967,0.8871157125208033,1.353990518812763,1.2718166151012567,1.2968832751004924,0.943775537119541,0.8937039642258201,0.008991855998587723,0.007613049770547623,0.0033286472695442677,0.003990595087150618
1.3724181210839443,1.2940321877728147,0.9428848015725558,0.8876751194466748,1.355540433543825,1.2794207175714198,1.3078605933638339,0.94921152633039,0.8944466144145303,0.010204763627347799,0.008418057323939299,0.003655964815729275,0.0040516060373233615
1.3689852560195062,1.2953308519248854,0.9461978105529201,0.8902753378672186,1.3543401976520277,1.2832455743406743,1.308047771601368,0.9519582818321378,0.8976473761683929,0.008745487386580755,0.007548047401353912,0.0035125126810544487,0.004282758195368726
1.3699728448913557,1.286287206935452,0.9389143819397819,0.8885703337281404,1.3528519473886085,1.2724594899980215,1.3000253391251047,0.94463749997708,0.8956840163694475,0.010349645556316024,0.008483274244139392,0.003644968654745547,0.004219511697335594
1.3844746432205641,1.3043762693698835,0.9421452937091316,0.8888060160829565,1.3687335801275087,1.2909754019774338,1.3179227841986945,0.9490705796700136,0.8954338191807458,0.00926780604814869,0.008146006208175138,0.004106595414534976,0.003852487097384326
1.3593786035184177,1.2804120485855346,0.9419098147282166,0.8910917629175206,1.3452821063691274,1.2673735731320974,1.2935187360854996,0.9482616938297901,0.8974905861734581,0.008814070603277704,0.007766343182761311,0.003706596239953685,0.0038252870760061334
1.355106249214133,1.2769542441639519,0.9423277657412443,0.8899116279242398,1.3390163673970217,1.2633694253691523,1.2905835826817644,0.9478670175152702,0.8973879603594175,0.009726616806432376,0.008315410238499535,0.0033322595827064124,0.004293698446111219
1.3574405585068334,1.280412015283758,0.9432545736604439,0.8836533664959355,1.3420305287840317,1.2672592128034872,1.2937199264376267,0.9490342963141757,0.8908921662370597,0.009369381320390807,0.008017816725942812,0.0034741943769349415,0.004062037465021782
1.3716366044944468,1.2843804497189626,0.9363853702288407,0.8887761350712974,1.356471147872376,1.2720838910232197,1.2974170712176534,0.9421373955226015,0.8954545666835226,0.009535557235849776,0.0076799027970790995,0.0034052964729589705,0.0040392080333241966
1.3641086627025767,1.2849472704803981,0.9419684117646876,0.8918115959370801,1.3476637931659112,1.270382358539291,1.2989956836474879,0.9483690863629456,0.8991512124605873,0.010069547952877582,0.00856875121474039,0.003733424659161932,0.0043535949721341585
1.3761269433667347,1.2934961726070355,0.9399541073169162,0.8885283031624495,1.360862169883711,1.2808650323701698,1.3063007197742633,0.9457204057267204,0.8953210727152007,0.009287358570631897,0.007846830437015229,0.0033956554761939363,0.003767146240439108
1.3784070979542131,1.2885791476311097,0.9348320605310121,0.8833712533386091,1.363287781863402,1.276242886944734,1.3003150753436123,0.9405137392367751,0.889788336838677,0.00877043518206484,0.007279782202332178,0.003293881033444144,0.003714212816994873
1.350306221071701,1.2807243573681575,0.9484695674079631,0.8917827237936293,1.3330057703004163,1.266031181953839,1.2940705079175199,0.9546890450816417,0.9000757178035665,0.009930156172679769,0.008592760283070334,0.0035903671881183986,0.004762965508938221
1.3832505770312469,1.301671190253493,0.9410234211122899,0.8811701400452211,1.3709001885016088,1.2903589884572721,1.3134304008288848,0.94652640912381,0.8864467634765925,0.007495862954383897,0.006836896867330245,0.003375268403188221,0.003206547697023823
1.3650692737324932,1.2827356711922158,0.9396854034263378,0.8916399590156865,1.3482332042147276,1.26911104797853,1.2954824190947731,0.9454600763325602,0.8993971683771596,0.009825761515797404,0.0080178456528876,0.003535219970483487,0.004587366521462522
1.3697533880217039,1.288472167865371,0.9406599604957173,0.8841616352768016,1.355758742010134,1.2757845152550222,1.3014103916588442,0.9469299955090382,0.8894435105801436,0.00856341836866994,0.007798586964391439,0.003678446635781411,0.0032516830584552307
1.370920445793083,1.2894760102279468,0.9405914210302551,0.8837644558312377,1.3554840953669236,1.276840139986819,1.3019974274636836,0.9461562209542459,0.8906788127596322,0.009206455306145998,0.007675954419812169,0.003249753893992409,0.004104726529224927
1.3910508434342685,1.300238582260229,0.9347167922706264,0.8850090478272772,1.373362865862012,1.2865656779386243,1.3136212423850164,0.9408599156031826,0.8913450724290597,0.01017635252801332,0.008158223581195225,0.003685137573081379,0.0037991165912963434
1.358168805046185,1.2763241350261543,0.9397389560738382,0.8894572434047111,1.3407465573146995,1.262380463728507,1.2900058464361117,0.9461152716500697,0.8962733681176519,0.010594948362774885,0.00837060983715821,0.0038575906968716512,0.0041853174830111806
1.3828350550072417,1.2994109926162851,0.9396717185546618,0.8808341367662461,1.3680205417190172,1.2863281254244099,1.3126342943900222,0.9452437423642561,0.8868239955563875,0.009277227958081285,0.007991682610718325,0.003523336350924634,0.00346967225320447
1.3450421231851704,1.2716777193673723,0.9454556830948423,0.8825735328987447,1.3301243793592379,1.2586259148089305,1.2843533044005742,0.9511314526116003,0.8895631736348315,0.009047575170946488,0.007917810470203594,0.0035893180244552804,0.004086787947307053
1.3652664713937919,1.274416647708132,0.933456343073516,0.8862848764109905,1.3500251887736059,1.2623406130455692,1.2869971481443994,0.9393781953557016,0.8937455814004194,0.009463860941761703,0.007704549379048196,0.003530054247809958,0.004493463413651371
1.375912302637318,1.293485812603529,0.9400932095193889,0.880710355952859,1.3607304205758428,1.280510289360513,1.3061999545218343,0.9454823027332915,0.8867910058499912,0.009365555724681812,0.007923056381810343,0.003389809370805726,0.0037775760425722013
1.367504981725802,1.2824426664680333,0.9377974366496132,0.8910781002893626,1.3516716193661615,1.2696320108372874,1.2949201792186273,0.9435675262878025,0.8987064824273437,0.009633885804335437,0.007800251544084962,0.0034815730498336,0.004381412051742649
1.368615021401384,1.2830032526047253,0.9374464203169441,0.8854795934652907,1.3527000883526188,1.2702784434407988,1.2962097998463535,0.9428952429069994,0.8926363585045453,0.009541199507715885,0.00804734986303372,0.00331864751651919,0.004263441267265706
1.365791646339175,1.2791052104236809,0.9365302634938164,0.8925379695968456,1.3519400098067762,1.2677507224204412,1.289806910052497,0.9418837913922821,0.8983122662518465,0.00878925508123482,0.006914132119447017,0.0033243371936983236,0.0035884031053326102
1.3683212260303852,1.2865878842408045,0.9402674311888766,0.8883902581020765,1.3536146889964336,1.2751443194500296,1.2992896378390053,0.9464535336571747,0.8949088272429678,0.009183476546840054,0.0074878515240548995,0.0036694261948764903,0.003891401348303812
1.3780713014349044,1.2947946575642468,0.9395701486679633,0.8826690674884864,1.3637517088908286,1.2822416448221035,1.307428024327057,0.9452805723395815,0.8887593676485056,0.00891233942342929,0.0077379370339047794,0.003506381456131509,0.0037910590011545637
1.366315013192991,1.28496564564092,0.9404607526327601,0.8793101031130177,1.3509834261941276,1.2724968359105384,1.2982884800726815,0.946022029604399,0.884552199809647,0.00937202388561657,0.00790278573240046,0.003349112156112542,0.003099634162212985
1.368787686885652,1.2850832444153117,0.9388477531816569,0.8849998994226862,1.3526724094220102,1.2723622352181387,1.2981771434122054,0.9447468810236112,0.8930754432438985,0.009490986396213244,0.007738917522817669,0.003475331156306119,0.00474319257494422
1.375285383812879,1.296582463607299,0.9427733900673169,0.8877931691586045,1.3595713637390243,1.2827826501484931,1.3098585497153303,0.948906107220361,0.8948445456466134,0.009489138328338389,0.008264376297660941,0.0036710411489014596,0.004167549202310818
1.3523602067063702,1.2829243781166255,0.948655817994783,0.8993735263475352,1.335924630254544,1.2690096875100845,1.2968069484296143,0.9547541905396851,0.9087943674221086,0.009979602399464682,0.008386208489680752,0.003808045897926575,0.005460460336118373
1.3729339250493096,1.2985462070593479,0.9458184282340536,0.8886402735327603,1.3580702592064415,1.285469973763464,1.3122340498783238,0.9518149816859341,0.8958368877649437,0.009154470205888209,0.008052710217822263,0.0037790578000654104,0.004274638313539023
1.3829657213787836,1.2933867758435673,0.9352269227281294,0.8844053356163438,1.3681548262969698,1.2812675671484504,1.3053085873464256,0.9407435807962254,0.8906528100477378,0.009242775991293127,0.0074205334743933475,0.0034948568381764603,0.003809096960770625
1.3567154142740347,1.2800101074386157,0.9434624932919603,0.8844669956640804,1.3417985109812538,1.26697437845732,1.2934539315562668,0.9493843262775723,0.8895880606289563,0.009008943663593262,0.008133789267521544,0.0036269082657662917,0.002987282901429283
1.3951398982122385,1.3145685537609093,0.9422485554641689,0.8834412358302762,1.3810042600314665,1.3016029024646703,1.3270635865951657,0.9476993051050392,0.8902508410186905,0.008736545971070141,0.007778043183203297,0.0033736380209994734,0.00402891078884456
1.360025548475261,1.2787280158538115,0.9402235254237737,0.8879908840372357,1.3429885082000692,1.2647959898275511,1.2933665574090094,0.9460444665637907,0.8961774176697344,0.010564696681115312,0.008804316179667563,0.003557431775804169,0.004907863163350666
1.3793658335425107,1.294566724282776,0.9385231189597091,0.8870604521481423,1.3650534350852985,1.282482759196266,1.306652851843542,0.9441394677456337,0.8931131846321589,0.008726511795104069,0.007540954268620195,0.003447865507227187,0.0035644286381377815
1.3561617640885961,1.2708479047157364,0.9370916791551083,0.8830508707733788,1.340256091273848,1.2580765617111032,1.2831149645463993,0.9423768084782039,0.8898912914411257,0.009438512241719814,0.007770400033776861,0.0032065767066809157,0.004013631498794774
1.3650263504944191,1.2906895981606226,0.9455418920617383,0.883757602229864,1.350886251268992,1.2781627882615703,1.3034747026577753,0.951568979056688,0.8890196924483663,0.008835472424235373,0.007745645883965145,0.0036985108561198034,0.0031784355276444193
1.3667250336174288,1.2893733967629324,0.9434036584156484,0.8877382730380742,1.3513953085599364,1.277236470394376,1.3017750879337437,0.9489852184261435,0.8949222698831365,0.009192221076531596,0.007648546056327506,0.003418127429784044,0.004206477717348277
1.3798245154655864,1.292449805549968,0.9366769404831629,0.8855804132105939,1.3652606416592135,1.2803685797646407,1.3046899904993812,0.9424560555968483,0.8912245020528622,0.00909331871384531,0.007553722755803557,0.003353028167759083,0.003664251698324539
1.3768616467649453,1.2916314709452408,0.9380982279374547,0.8847094801223242,1.362127886774494,1.2780579695456147,1.3049490912499127,0.9438732035319994,0.8913297889922505,0.008959959907155104,0.008018665941370368,0.003488398824236387,0.0038872539188142038
1.3665747991173267,1.28930368953168,0.9434563628455931,0.8872635354956514,1.352301031644405,1.2769482063077755,1.302858504055698,0.9497942728265325,0.894489436659696,0.00883203314618509,0.007943791520544882,0.0036922950342978514,0.004163652939313361
1.3704353695578806,1.2882370529562668,0.9400202895900651,0.8845631539322127,1.3559744434413086,1.2759841553536062,1.3016362030233444,0.9457748487514763,0.8910231199751213,0.009091023632086654,0.007892275173678418,0.003515134747053592,0.00391868919389087
1.3772986960124438,1.2891155671296985,0.9359738529209001,0.8879389506348754,1.3601974524106852,1.275437398006249,1.3013990810816505,0.9422176859526432,0.8955936659874519,0.009765157959473667,0.008021818894291294,0.0036098991084411855,0.004425677030013035
1.3907599564724469,1.2995377599481854,0.9344083814753774,0.8812554427180525,1.3776218141869365,1.28838385253864,1.3101756720298492,0.9400626033737458,0.8875063135989415,0.00814131519112164,0.006705035152594129,0.0034496358153238166,0.003684924173959369
1.3658994636258148,1.2830585777861139,0.9393506710810196,0.8861814968595086,1.3522272609641042,1.2705260107619498,1.2953043908602342,0.9454858741362171,0.8919201555275013,0.00838583432222501,0.007634834569670043,0.0037253179544706485,0.0034013666190322637
1.3715712302188534,1.2867452760995355,0.938154175116532,0.8860464809538884,1.3558532862633428,1.2742149692231224,1.2998253690649892,0.9442857965642163,0.8932144296263148,0.009235365133992849,0.007761222300923499,0.0036171598146091033,0.0042751088169144915
1.377493321460374,1.2980620785982349,0.9423363862280445,0.8810640464146613,1.362966119047976,1.2856073694502796,1.3110556805998008,0.9476748988702426,0.8865396956340311,0.008609927171443741,0.007706517467614482,0.003259594821003863,0.0031989343179683106
1.376191671442035,1.2952452573167108,0.9411808574306332,0.8828233885204775,1.3613236047785757,1.2834564446433911,1.3074795342943677,0.9470684591969186,0.8891794363675846,0.008837010886562467,0.007375538432467537,0.003557794776133913,0.003828203194827471
1.3704620856479046,1.2867142529797129,0.9388908065788636,0.884266558763203,1.3563897197524446,1.2748171076388017,1.2990006195204218,0.9444799828373714,0.8900445146883681,0.008569460256586642,0.007423249391387571,0.003402310971449594,0.0035195998430957646
1.37611916609872,1.3011388618199695,0.945513218530835,0.8880069200630947,1.3615807120947974,1.289073639464678,1.3131280357276958,0.9516859653539486,0.8948181457502822,0.008696908343898446,0.007328529664699564,0.003679748345545469,0.004072203605974661
1.355399377156805,1.2681061137435672,0.935595910043613,0.8937429061315173,1.3393645504947995,1.2553525259539222,1.2807344499902882,0.9414976548796145,0.9013819046734318,0.00959509082473175,0.007793123277265747,0.0034497654763688992,0.0045683430700699515
1.3764546843775713,1.2879723807158863,0.9357172417908575,0.8897867828116771,1.360430170260225,1.2741554093117682,1.3011879698806348,0.9417894191064687,0.8966517645296982,0.009384408980543966,0.008000692126477308,0.0036687310432631003,0.004043369366399988
1.3690557911663204,1.2862653237571702,0.9395273239094079,0.8883573334615477,1.3543853909960866,1.2734548023508105,1.2986097505329413,0.9454329064926388,0.8947864368485957,0.009034330645428641,0.00772353273387345,0.003671334251187802,0.0038830048769910933
1.37322873042281,1.2940960305646656,0.9423747128901244,0.8863880852663791,1.3591549074263962,1.2816034952855413,1.3059205844207507,0.948759103694768,0.8927685785151445,0.008712778010239222,0.007571653073934747,0.0037517410899207872,0.003701308976219349
1.3744630699250977,1.2895873481139613,0.9382480885312097,0.8785680877600771,1.3581367370383215,1.2756891355817077,1.3030138145011787,0.9440665361778832,0.8844859956900768,0.009523271306707265,0.00816760178154821,0.0034275292336684686,0.0034103200116612337
1.3527988294439859,1.2785370269547873,0.9451050659766457,0.8816751022672121,1.3373466540576269,1.2650383443065747,1.2918524644571385,0.9507865044087106,0.8892946819500095,0.009222934410014025,0.008159631310906896,0.003401389620259803,0.004423354568373385
1.3661133745538432,1.287494965193756,0.9424510360380864,0.8865592352487145,1.3499907798107804,1.2743840300984428,1.3011494350989155,0.9486201735484289,0.8929653059716108,0.00959863791989478,0.008235781816688967,0.003577273623435202,0.0038637419567372345
1.3768499858883645,1.2892618232783963,0.9363851083940311,0.8894810659186536,1.3613400527193116,1.276876782477296,1.3015509348908318,0.9423951605868874,0.8953478880471579,0.009310092629051343,0.007550310629871457,0.0035205185365522382,0.0035083633542088116
1.3704440212114422,1.28177881327604,0.9353018389930118,0.8854323493947177,1.354794654609299,1.2690625862476068,1.2932910240114242,0.9410319649607021,0.8919720864355656,0.008982393145943297,0.007370159918089668,0.0034386672600377464,0.0038294024116219305
1.3719730620432726,1.2865839648359116,0.9377618266934545,0.8869103568320279,1.3561486472270667,1.2733965163896146,1.3002205990618085,0.9436388778660907,0.8938779698168028,0.009668050299313526,0.008295307333077028,0.0034629718766537956,0.004244561650877342
1.3730112674694135,1.2894492487296922,0.9391395972345269,0.8852760412080655,1.3580853603536078,1.2765439237703773,1.3026217427878197,0.9451183987618296,0.892336020623039,0.009322643659311413,0.007814203612357094,0.0036794132664163637,0.004252974814137877
1.361924144863208,1.2799730943294045,0.939827008102544,0.8902902866329309,1.3457869248560577,1.2664218085495087,1.292613933084814,0.9456382051999859,0.8973444352202711,0.00943225257355246,0.007899120275380745,0.0036080278654951345,0.004041927426357325
1.3844782798308652,1.3005943277661487,0.9394111462153352,0.8825154760600417,1.3708199236795802,1.2880768635828188,1.3130399352767694,0.9456711035209869,0.8883200566297065,0.008442376879518074,0.007599257384520812,0.003931693090812725,0.0035673372605386946
1.3695650005983486,1.2870144781938584,0.9397250058460718,0.8891902617332135,1.3531709672107366,1.274309272964785,1.3008698193557762,0.9455647680787949,0.8974561834648038,0.009983530878417583,0.008027858794681137,0.0036174406026119594,0.004910627687021537
1.359748952405951,1.2838501519001435,0.9441817547485427,0.8834631175089711,1.3452537312209232,1.2712864444734218,1.296956786648442,0.9503186566857224,0.8898071872634455,0.008595511044186538,0.007901579516058396,0.0036225691692338908,0.0037668243109869113
1.3543868872157865,1.284196541056508,0.9481755569093194,0.8968718808916492,1.3392964396819076,1.2718752115925553,1.2975941731574652,0.9541312408292089,0.9043792954649539,0.009284013810870089,0.0077710350851764734,0.003554616720073002,0.004461577027993302
1.3697682672818807,1.2861264514979773,0.9389372510797909,0.8822446412072158,1.3549418615392008,1.273319451855576,1.2987483558311954,0.944680968611221,0.8876174412191283,0.008935979566995038,0.007702426189032791,0.0034570311130058024,0.0032737559181675105
1.367199842991021,1.280687994298147,0.9367233333617037,0.8774479721800544,1.3527575238857334,1.2685897702040965,1.2927750637032802,0.9426264285743229,0.8830617348243253,0.00891951738903725,0.0074662332270867045,0.0034829038191941295,0.0032938035043399826
1.3745351463027915,1.2940475127981483,0.9414437428383422,0.8840157717018198,1.357931372958872,1.2809596780681272,1.3072419873602132,0.9473053412064113,0.8909242175800856,0.00974468568553777,0.007948346670429604,0.0035119675902755927,0.00405697865947145
1.3578242814435408,1.2739767331788276,0.9382486015233337,0.8878673569834459,1.341610836330281,1.260823544322699,1.2882622286580263,0.9437726166693571,0.8963891082606084,0.010383704983729737,0.008322993208145099,0.0034937698376819224,0.005155611850836976
1.358476042973834,1.283769662332298,0.9450072152336256,0.883649774902389,1.3437230116478511,1.2703904357404299,1.296537181361466,0.9509535090544614,0.890405173190284,0.009059101260703197,0.008117545038547695,0.0037736081978162164,0.003993962628713649
1.3736160482855662,1.290989207300801,0.9398472076036872,0.8823925840811141,1.358711420003009,1.2786331623526075,1.302708493756064,0.9453430369361664,0.8889172169250881,0.008803343852900861,0.007374728936989125,0.003387424523847813,0.0036971913591387654
1.3585055348841526,1.2835324704828401,0.9448121023609184,0.8934480815531991,1.3431524732826947,1.2702470841723057,1.2972765705196694,0.9507008579309524,0.9007942787062038,0.009422728046077385,0.008247506711565962,0.003500528834734631,0.004492725402351884
1.3728213249378876,1.2901499966155745,0.9397799795060341,0.8872759800924919,1.357511035656874,1.2769947164894482,1.3035249344798667,0.9456593149966285,0.8948361432345484,0.009678727538794799,0.008308271295755577,0.0035740388487516274,0.004387951775915243
1.373395842690392,1.2960083467522872,0.9436524463431403,0.8847979775710275,1.3595124772119254,1.283583623071699,1.3087572621247618,0.9492873055044255,0.8905649447583552,0.008677261814218967,0.007582855247340234,0.0035080267701586157,0.003516335696500539
1.3777733189536254,1.2930253022251985,0.9384891436330105,0.8859815193726198,1.3643347699567858,1.280952650017191,1.305336542055018,0.944527956713819,0.8912142297407915,0.008594465683828469,0.007470566519490281,0.0037432103132663476,0.0031144060927391784
1.3772875655356613,1.290306379523512,0.9368460238887583,0.884897548763095,1.3623051974608693,1.277434922213737,1.3032940862647981,0.9425522848781172,0.8914784289346641,0.009346699387704101,0.007734561201085986,0.003411370669857555,0.0039708870443897785
1.369930896305554,1.2828082333381905,0.9364036075087313,0.8857378160686965,1.3549359570421,1.2701258570575906,1.296499887199088,0.9421956709030905,0.8919960201087115,0.009196364519081688,0.008022095637941545,0.0034639122329737197,0.0036529846763610203
1.3635147527345264,1.2806229680124976,0.9392072696274174,0.8846933858426039,1.349417109655804,1.2682090686737801,1.2932051925839636,0.945011357338163,0.8907945931070885,0.008768213940762054,0.0076118970122981315,0.0034304039275582956,0.003569047137268723
1.3635333366710207,1.282989564934676,0.9409301044791563,0.8881022477685874,1.349259210117768,1.270194491932793,1.296176536389266,0.9460599356704246,0.8950154896243844,0.009060661646344849,0.007862452389095791,0.003067698966709074,0.004068720606367574
1.3759621360615768,1.2933504764538708,0.9399608045580631,0.8844550224106181,1.3606412555598686,1.2801106589902924,1.3060975836307982,0.9457067031125898,0.8906676813669586,0.00904725513475162,0.007852728261860792,0.00344501485908634,0.0036671337955227344
1.374016819725211,1.2945509750296966,0.9421653042708701,0.8844481518169022,1.35947589490531,1.2808697491168577,1.308269677127708,0.9480929406397954,0.8911498358934598,0.008950498790507886,0.0083992110625133,0.0036137955999864914,0.003919542228794856
1.3614480718608375,1.2740113210284116,0.9357766538147014,0.8854880933397119,1.3458195952458025,1.2611670176369005,1.2865944805819622,0.9414683316781058,0.8928557075782279,0.009414816679983964,0.007800288483240522,0.0033830582896922667,0.0043989387548035285
1.351453499304276,1.274558024902231,0.9431016498594805,0.8875620886842068,1.3335325137515872,1.2596779334450552,1.288849017787461,0.9486151271024656,0.894841690479459,0.01051442126418078,0.008613363706382495,0.003359564937544993,0.004561924074062547
1.3815824684137088,1.299473704841796,0.9405690464021393,0.8834017591250722,1.3671008546799965,1.2862148832315268,1.3122364745894537,0.9469130862047682,0.8903357500509209,0.00879628917137728,0.008073378365398733,0.0038347370942255978,0.004120474947064483
1.3712998202152746,1.2896003890003522,0.9404219048157559,0.8831834419067143,1.3564589372075884,1.2766297684542725,1.3021865468370792,0.9458761995065051,0.8894727763369255,0.008943918751270492,0.007759992293080533,0.003377770066419804,0.0038092796467666177
1.3822995302486831,1.2918974177061,0.9346002001995043,0.8848620400127393,1.3665074488618423,1.2783803453897433,1.3053673176753957,0.9407992127223254,0.8918519830114459,0.009534419442093569,0.008274169425567232,0.0037445662261926345,0.004138745649508846
1.3589019920716048,1.278116117378745,0.9405506245746948,0.8903093706540046,1.3420282318960832,1.264318491869056,1.2913975456501752,0.947102544196849,0.898202717280303,0.010135208837914952,0.00827006260495614,0.003950138590081192,0.00458002918140256
1.3669687404541289,1.2900588805157256,0.9437369285322117,0.8886202810225157,1.351531818754084,1.2768833772650845,1.3023324886845555,0.9494396146037078,0.895986930983578,0.009140448423601247,0.00786104299539135,0.0034344927049758324,0.004213157771049804
1.3737500415663138,1.2900299066737815,0.9390572284918174,0.8810791745048135,1.3598476179706647,1.2782449261541118,1.30209067345814,0.9449227995747469,0.8857871418843077,0.00839830470912738,0.007266383189740386,0.0034758009510792477,0.0029661846885814655
1.3655143766573126,1.2859523754242355,0.9417347758521302,0.8862977164039729,1.350502748827434,1.2722648356710131,1.2990737759178914,0.9475491842432946,0.89273388582151,0.009240790563465797,0.008251931924091398,0.0034855680509990467,0.00382820863176743
1.3747510560142409,1.294899837683501,0.9419158705269526,0.8792172208550335,1.3590642260838488,1.2809247949873894,1.3081672684012182,0.9476934923910564,0.8850065975409553,0.009232747508539738,0.008069608666189351,0.0035271574722149624,0.0033703746142580778
1.3679704467887062,1.2877456824151965,0.9413548994703531,0.8881434859342108,1.3529150981889864,1.2745613015419504,1.3012604086664992,0.9469985777734692,0.8955837583286337,0.009292026308881493,0.008116453932157167,0.003477091462521332,0.004288682498570772
1.3606612471047732,1.2752243211744885,0.9372092604885469,0.8800149530713876,1.3478066178742163,1.2644152875172294,1.2865323911171715,0.9428564591817592,0.885996762734302,0.008156030447437403,0.006930313723236835,0.0033900276175966356,0.003511181566407398
1.3838189440391473,1.3048575830947666,0.9429395288418982,0.8837200109247201,1.368935104078362,1.2916659480453931,1.3177294310799739,0.9492486039001299,0.8900714995627376,0.008854600666446399,0.008017530271735464,0.0037232340435732736,0.0036425199422327236
1.3493329698120657,1.2754687809575238,0.9452587385715256,0.8924190643409313,1.3336699816864468,1.2625773954121393,1.2879961482237299,0.9507774444488066,0.9005097101259405,0.009559912017601488,0.007770984224208401,0.0034322132425809665,0.004978216415573352
1.354232796384744,1.2725197111394373,0.9396609759684984,0.8954578147419304,1.3383711629461994,1.2589337733412684,1.2853492929793604,0.9459585422141307,0.9019560992437001,0.009467647753890108,0.008111670864619674,0.00377494861240072,0.003910219730897911
1.3738875135048714,1.2885485368241507,0.9378850336422262,0.8836271951477537,1.3593620754187563,1.2762012341209328,1.3015638586630784,0.9440607621957823,0.8891709838954227,0.009095006754052252,0.007932621593635409,0.0035963132864682843,0.003281780797051365
1.3607502431720844,1.2876194134912664,0.9462569784221824,0.8854233329965082,1.3447268848156813,1.2735560997900661,1.301472681143748,0.9525577433325649,0.8922664344454732,0.00960546733177705,0.008479783123184644,0.0038355293700914335,0.004055604306145607
1.37192105300822,1.2952878927164828,0.9441417127292396,0.8840096394927095,1.3584230147184833,1.284187952395562,1.3078556165170054,0.9504382523916705,0.8900617118027626,0.00855427455035687,0.007363628603572198,0.003754319564674687,0.003819783570215379
1.3647713505410788,1.276724792385594,0.9354862203690181,0.8852218527601824,1.3485314541694593,1.2635852268879089,1.2901027260776428,0.9418646128590044,0.8914526417875246,0.009655787653250713,0.008035761729186734,0.0037249431220541403,0.003569858048393205
1.3754954511925253,1.2879609022154763,0.936361440598616,0.8847258023574669,1.3599768820894351,1.2752530908602226,1.3009214617170572,0.9424176226869765,0.8913442157887126,0.009518624038580094,0.007906825073638473,0.0037830527329938846,0.0038386709999805014
1.3734152228333527,1.2910516408239598,0.9400300938564836,0.8879423264747482,1.3592220486056932,1.2785154140539001,1.303546516461163,0.9458374489827006,0.8945099374466671,0.008779459863470684,0.007593883309591673,0.0035475065063246673,0.004009768911511069
1.3728077279889264,1.2864755438534468,0.9371126907466127,0.88584372027832,1.3565775953645947,1.2724221871144494,1.2998825214390857,0.9427322400413551,0.8928509021022987,0.009897379572168123,0.00832013234603252,0.0033119532366110093,0.004099703066770705
1.3612845548243355,1.2822069079560559,0.9419095393479403,0.8919998762176232,1.3459076314673117,1.2692689266578456,1.2949144581521652,0.9475234896476239,0.8997575300185421,0.009309856246847948,0.0077659242842270495,0.003518887233788795,0.004585606985825678
1.3772148504231059,1.289619702881272,0.9363968900604557,0.8825898668359013,1.3612028291225566,1.2765661874546936,1.3028488461118617,0.9423593635311436,0.8880610026997287,0.00969219703806735,0.007967230473170684,0.0035975658049349282,0.003303005661805832
1.360376142098126,1.2792712874675947,0.9403805667266097,0.8816546774346421,1.345363794462519,1.2662537787717256,1.2929441222416147,0.9453950986511139,0.8879351236540953,0.009043713453442842,0.008029486406213019,0.0030792791562932473,0.003704570385816975
1.356785334417819,1.277666689679123,0.9416866893150456,0.8879473995680678,1.340338888737611,1.2635685410499946,1.291350600704235,0.9476927838356509,0.8942339970737515,0.010156472957784655,0.008553955612930845,0.003507358485043466,0.0035989380147700978
1.3689616983735182,1.2919357563920792,0.9437340415930157,0.8847571154828382,1.3536689639351989,1.2787621440934864,1.3047249705214847,0.949628459736593,0.8909584289794454,0.008830433657060304,0.007947945324799852,0.003574483121669151,0.0037020980231641434
1.3735160433606948,1.2896810007948418,0.9389631865087452,0.8860830566882602,1.3582461467745248,1.2760173815445153,1.3028477582200286,0.9447581231199632,0.893254681094646,0.009275115891422547,0.008208634054998238,0.0035063677752255537,0.003987818809365612
1.360841939994603,1.280927871118198,0.9412760097056371,0.8929045284107298,1.3457435534880542,1.2684987768200933,1.2932377532231887,0.9470385686138537,0.9008571703054313,0.009195632024315769,0.007648498004643362,0.0034013794448412376,0.004611932409710963
1.3660131035920913,1.2871529411630698,0.9422698345852983,0.8798797199619421,1.3510999906518861,1.2750493363073607,1.299166799040562,0.9481069628046283,0.8850107342100204,0.008812335304686699,0.007366617853341944,0.003470312107054952,0.0032330055542431563
1.3824798084566934,1.2902895967872,0.9333153286539437,0.883732562095951,1.3690853978194115,1.2780331821555588,1.3017151854538587,0.9390290661591576,0.8898804339929096,0.008057226920439935,0.007251713316098241,0.003487890612308601,0.00368606447828669
