point_R_T,point_R_B,point_R_eta,point_C_K,R_T_lower95,R_B_ci90_low,R_B_ci90_high,R_eta_upper95,C_K_upper95,R_T_se,R_B_se,R_eta_se,C_K_se
1.360909424275761,1.2677583516497557,0.9315523348105421,0.9136128475964648,1.3226078747863368,1.2403755682463213,1.2979676772852677,0.9474372407385243,0.934254645876575,0.023329025549960872,0.017443626589460925,0.009441366257647176,0.01220966872385072
1.378634212305612,1.3024854278364457,0.9447650553065734,0.8796795814941964,1.3421576885848672,1.271706135560765,1.3338275302150342,0.9570181914769474,0.8964772364530158,0.021892052293685717,0.018901468260905604,0.007266958267637161,0.009457114263200155
1.361243260386933,1.2760180186904966,0.9373916153148033,0.8878311809346292,1.3249538627089725,1.2483787996573381,1.304787222104544,0.9492023908479632,0.9040104321471946,0.021559833357629378,0.017174559561989294,0.007366668923649715,0.009138448441533137
1.34369782029875,1.2775898343176324,0.9508014488209712,0.8861964735516373,1.3026082601695825,1.2432269172027277,1.3107925157731062,0.9633265399225261,0.9069010959633445,0.024392852346788587,0.02103115322628019,0.007638647074082451,0.011164710313092614
1.3911710606989578,1.3167755829678296,0.9465231272897884,0.8874754597539966,1.3596070267083842,1.289111819451011,1.3436358211519186,0.9597594870284005,0.8985154698783576,0.019323825945524255,0.01676250357115615,0.007964343021361881,0.00655107376345553
1.345449662026053,1.2729694009190622,0.9461293401361104,0.8877262443438914,1.3115456703323307,1.2433167131309577,1.2998676365555053,0.9573134234204871,0.8979021853541143,0.019631147340469973,0.017745888192412032,0.006847106395695295,0.006260305946776755
1.330465875524693,1.2589307894728152,0.9462330546255712,0.8884669315260575,1.2925526026144698,1.2287658084632722,1.2898571455650991,0.9603338154047949,0.9069813529441438,0.02220609674097652,0.018388098627878054,0.008144388968898419,0.010522625562970876
1.355760900952931,1.276887889666973,0.941823804455107,0.8927937522186723,1.3192506600168858,1.2458414422159494,1.308241371331545,0.9530541071874781,0.9133425305485746,0.02260188556229083,0.018867316216045225,0.006956626632618911,0.011400389717701876
1.3239836719104343,1.2504295029016708,0.9444448065566934,0.8889890557669077,1.2864224465324983,1.2220767883470416,1.2798312923667872,0.956808319711467,0.9047231470544207,0.023263806590620554,0.017717708225002484,0.007322795226387232,0.009055596603046936
1.3994277236116999,1.3013468035745452,0.9299135508163127,0.8850624763347217,1.3613483460875961,1.273119995595569,1.3311215516104524,0.9439851586876821,0.8975223093397517,0.02347532006019066,0.01744164064979703,0.008493486424131544,0.007584972163500099
1.3616164521464011,1.2733899237950397,0.9352045664457972,0.8871989860583016,1.3288079717619095,1.2457940319550729,1.3024011939276043,0.9484227058707188,0.9030937148169254,0.02008527115256703,0.017634685493516825,0.007994381801022257,0.00903102389728349
1.3883501886093819,1.2993009369977282,0.9358596610982937,0.8819842645686091,1.3591454571478419,1.273670057554571,1.3241820308796424,0.9488750621939857,0.8924547569572492,0.018296177507174587,0.015492359483181005,0.00814026314272703,0.006577314042989484
1.3520104068117313,1.2677599938922208,0.9376850854882196,0.9033990518342284,1.3108060014987768,1.2377258348419216,1.298683019343722,0.9508099323051703,0.9265149675907365,0.024780128547770376,0.018145990328062255,0.007707960875884488,0.013842254725849289
1.3745089480576167,1.2946854803871037,0.9419258290145617,0.8764157933735578,1.341280243006857,1.2664833458376477,1.321442639539918,0.9552476921448675,0.8889377392488227,0.020387908358316484,0.016863453095252747,0.008255497859455575,0.00729740712015116
1.3462788836650996,1.2830917409510667,0.9530653392245054,0.8816569146466053,1.3130222125854358,1.2551041966167213,1.3105018350075068,0.9674428242542118,0.8930493628857522,0.019746091566543084,0.016783553712221386,0.008506901534037912,0.006712515906654974
1.3936901214195996,1.31078328597412,0.9405127193116419,0.8757510426238778,1.362874658637344,1.283533701164358,1.3385685901801028,0.954014831287219,0.8914879983967491,0.018606660746432073,0.016614792065696417,0.008080385376296495,0.008853661353462406
1.3597653652512587,1.280771349196471,0.941906141990761,0.8850446233648288,1.3288221228309258,1.2565017539584056,1.3075536418259683,0.9549234941418637,0.901524178650397,0.019528236053995073,0.01566961224626536,0.007906752233548562,0.00922354456796121
1.3577065377788233,1.2819172797129004,0.9441784686476413,0.8886666141608254,1.321801306436994,1.2532415918478195,1.310681701908503,0.9579729000009342,0.9064267113637753,0.022264861537269663,0.01762913327513002,0.008233627998021043,0.010130276424869628
1.4059280274749888,1.3067942413553821,0.9294887190650517,0.8768519993627529,1.3696436304861956,1.280073152603131,1.3348042841555254,0.9420746522029179,0.8921728554685201,0.02175121959781349,0.017005775431612753,0.007434523728589229,0.008642529918550143
1.3590723691877404,1.2756851485760352,0.9386440174178935,0.8968290717017372,1.3251350406081344,1.248516362944415,1.303980187722004,0.9507221387123526,0.911956560481284,0.020807394308050845,0.017274445146828955,0.0071370116555252395,0.0090691862302967
1.3677551565910813,1.2810282362519352,0.9365917796608425,0.8846329229366166,1.3348283046916842,1.253454875491688,1.309198107752327,0.948297198323844,0.8990236562805586,0.019986416285190593,0.017128700320155205,0.007274125654976031,0.008352179237048537
1.378956106672201,1.3090064432845545,0.9492734663205096,0.8790541048987884,1.3445222086862727,1.2791170585497151,1.3387226855638192,0.9630455796254934,0.8907403598019954,0.020197771157003656,0.017973555478297654,0.008438998003658441,0.0066530050068534
1.3785536383422712,1.31679924969377,0.9552034923191225,0.8856570851915753,1.3486945685677012,1.2872171451037495,1.3498604003415242,0.9700383544662124,0.8950499615292707,0.018324981607227984,0.018692751069653832,0.008765552992461722,0.005647824799148876
1.3920350494911797,1.303376224387194,0.9363099189661981,0.8834823733160148,1.3584502505808917,1.275473469264792,1.3326507930199272,0.9501501744444149,0.8986245571372354,0.020934718621219466,0.017231451842442267,0.008447888496643605,0.008356427635490245
1.391532349602724,1.3150180712204012,0.9450143732525029,0.8878737948023557,1.3659963724619772,1.2891728822453192,1.343272668234285,0.9593137465595131,0.8973955978420085,0.015370753729660042,0.01619894369096305,0.008978792755264378,0.005705911525409586
1.384407493930649,1.2886349479234853,0.9308205521661519,0.8834000595572908,1.3545199080215737,1.2629625323101272,1.317588413228756,0.943974192794455,0.8928174942690668,0.018766344567928413,0.016489915611088667,0.007810050017608911,0.005745260099173421
1.3579271396369101,1.278629828409137,0.9416041487697374,0.8958125089247465,1.326912199467687,1.2531079135683865,1.305554137518902,0.9536357478189922,0.9100098089878349,0.019181558833724383,0.016266658185054864,0.007346639189288214,0.008454927314786934
1.3820077103659194,1.3029918531359794,0.9428253137538439,0.8814673980800399,1.346671275082602,1.2718975796781373,1.3340772859703232,0.9556393236283244,0.9000316939881868,0.02137425876926885,0.019286153282198695,0.007466426829807109,0.01019345075676214
1.385633626097867,1.2841376125387922,0.9267511904680739,0.882253512624319,1.3544459980107852,1.258372993772235,1.310601099436772,0.9392464749052618,0.8966715086741518,0.01908603569945803,0.015984892845641828,0.007553913205546746,0.008052048036469273
1.344686813054086,1.2538607384284703,0.932455592079966,0.8953041353788668,1.3046595416839624,1.222112254679321,1.2838947698514733,0.9479403352710505,0.9163238746514277,0.02331652983941041,0.019080361401091643,0.009190624493347805,0.011887327420834853
1.3659930802787945,1.287181601252161,0.94230462791909,0.8757983995301373,1.3379910875855112,1.262276331524191,1.3130102446831053,0.9545119939244135,0.8869776574538123,0.016978983026217722,0.015416139148567258,0.007103766517338742,0.006830412052104773
1.3585487817852964,1.2808835811382333,0.9428322326821407,0.8725232986138304,1.3250838425251232,1.2521643407429757,1.309158071665322,0.9550776337285137,0.8838355160879082,0.02033657150561504,0.017107429623144217,0.007420315901531645,0.006308842111614863
1.3610509143149334,1.2857535149334607,0.944677014952543,0.8973826860117716,1.3241228418931543,1.2555312205796823,1.315890049891004,0.9576853516954357,0.9172704236713162,0.022476155942913714,0.01824668826481394,0.008119388325828413,0.011241503341257944
1.3675560711523589,1.2730016911300852,0.9308588642054009,0.8981867665771243,1.3355195065998318,1.2455773910545347,1.301480675095791,0.9432767962015809,0.917467473498921,0.019789389970221647,0.016877867442341387,0.007436061088938421,0.010734987544209353
1.3515474755762968,1.2793862577209556,0.9466084476059031,0.8915934660114971,1.3143947380780865,1.2464148167369582,1.313587536835316,0.9626099068498836,0.9076517027237265,0.021908421687141477,0.020245158351323005,0.009640554884284525,0.008901936168247115
1.398227917121047,1.3070093253924098,0.9347612856161129,0.8668083529939361,1.3666837264955647,1.2788439940903746,1.3352704785700757,0.9473155461508436,0.8777584650383987,0.019552285509763685,0.016856275970507952,0.007746425063427954,0.006437554716835067
1.3663139688676367,1.2827306326301535,0.9388256739358709,0.888119438549462,1.327193763786887,1.250466596604211,1.314127885194335,0.9535121044906018,0.9041706431467064,0.024279739046501544,0.01938761652270349,0.009169281185992167,0.009493414700844706
1.385151678632195,1.2985579666295468,0.9374843106798547,0.8724309425370004,1.3542429450216513,1.2701557080978523,1.3265840988152626,0.9483327104871948,0.8867608507708058,0.018567337835555232,0.017111958049953503,0.006343972973164424,0.008358204389897783
1.3961361103219179,1.3153757129895416,0.9421543524765972,0.8680869714947639,1.3637879920430227,1.2871395110234227,1.345995189753889,0.954473989774173,0.8769683564415047,0.020235733526711472,0.017510139927627632,0.0073511764223187104,0.005344613162884091
1.4110997131911152,1.3138595143113834,0.931089066229183,0.8699483710165569,1.3868608036674008,1.2915979802915416,1.3369320457381426,0.9437283713851045,0.879688274838822,0.014282469084637385,0.013668009045053373,0.007502650276841054,0.005891905519795353
1.3517094716178635,1.2727397548155126,0.94157789195053,0.8955412250825538,1.315800838986432,1.2451283377784355,1.3020205280304664,0.9519531325837913,0.9153653307212796,0.022303546924773123,0.017627299645559615,0.006382365756782576,0.011011434974494229
1.3556588299617278,1.2732302433714793,0.9391966586515166,0.8827048464072057,1.3189527106193537,1.2435261687456378,1.3009883417662969,0.9509844379741352,0.898325142635082,0.021584775405535928,0.01779980494596122,0.0070617618382409295,0.008604608199981448
1.3772032642590177,1.286818118239913,0.9343705113364402,0.8802530791835949,1.3427442045252085,1.259827483899241,1.3130509091404234,0.9456044368170513,0.8952691726602959,0.020076875336331294,0.016157882908975553,0.006650815409416708,0.008334915715883254
1.4237664113080037,1.325648808268666,0.9310858844118974,0.8733287437950651,1.3915002272796757,1.2977408115204825,1.3515603882093863,0.9437839872944956,0.8853204351431427,0.019328545851576454,0.016368765604976607,0.007732873349743457,0.0068393699895987455
1.329153527177017,1.2674175639154497,0.9535524211467971,0.8983915260886622,1.295330730915363,1.2361495000501241,1.3002369182791487,0.9651960416881672,0.9130248951637541,0.020530575233269267,0.019607414934956872,0.006790434372219452,0.008335259790881793
1.3738683308429287,1.304962125626346,0.9498451171268314,0.8833210709830139,1.3448725510598996,1.2761644190556247,1.3349793558572818,0.9629748890391377,0.898207752598848,0.018433306976735873,0.01781927671845617,0.00785025259482362,0.008769330889220526
1.3779720037820262,1.3062243033087844,0.9479323961036067,0.8755543654711897,1.346701184154214,1.2783185801049475,1.3333119574578112,0.9594229454463442,0.8865796967148833,0.018848423136204162,0.01657034566857357,0.0069075332588201385,0.006616821170305975
1.367027359901469,1.289515295022973,0.9432988196490208,0.89143445524165,1.3368133103661632,1.2623756978487863,1.3183536510712035,0.956630390079127,0.9059058856207919,0.01805902755903369,0.017198960043206073,0.007694709119491586,0.00835872779624502
1.355650209441333,1.2892047203484227,0.9509862583798128,0.8976686860971756,1.3236999553580842,1.2608143552873914,1.3192280000205667,0.9636001632280451,0.9134657375555624,0.018875590968907785,0.01759505349933893,0.007523921016758281,0.00926984680967324
1.3834419729856864,1.270187229520881,0.9181355303104012,0.8877608847007011,1.351915834236166,1.247921684070392,1.2933960738615644,0.9289813285430056,0.896869660708889,0.01884668147868673,0.01390410094281226,0.0065155496554748045,0.005671941465117338
1.3755584936628067,1.2966395558260468,0.9426277121617589,0.881179258571831,1.3418595885133087,1.2683439068277587,1.3235690428041242,0.9544344864243882,0.8976612082201204,0.0200121675795022,0.01686365979755728,0.007038365359764805,0.00911414275366902
1.3709066400167336,1.2891883048029114,0.9403910282228812,0.8870918523039365,1.3414310669387937,1.263906687215722,1.3154445678568014,0.9544601267529543,0.8960117943131108,0.01876801460494185,0.015989388424070425,0.008308923617864287,0.005609893138392855
1.3650694226954796,1.2732767990334244,0.9327560766244397,0.9055712756194555,1.3253972219281995,1.244061395161818,1.3044923213737136,0.9468332792089391,0.9268966529298545,0.02512270819458668,0.01826451871842979,0.008583416575691963,0.011868765552639488
1.3907466340269279,1.299036948883224,0.9340572301957281,0.877772301626417,1.3640588900411845,1.2764336740492979,1.3247714004928857,0.9472260973316077,0.8879731572110413,0.016779817405415055,0.01481585510492131,0.007827423178064207,0.006192434035675231
1.3998140083469426,1.323697394971024,0.9456237664989469,0.8732074860244673,1.3707146952285496,1.2967636282395774,1.3495516199981032,0.9570403106230791,0.8825334401294127,0.017619990083436933,0.015802851610241014,0.006842769366296076,0.005591050376877387
1.375997422808148,1.3029484134326594,0.9469119577081696,0.8762944153294794,1.343869964414547,1.2743725704099227,1.33016639052402,0.9570633211160195,0.8875844672397744,0.01917597992176266,0.017102675968905027,0.006207907665135255,0.006618976626283164
1.399790890675031,1.321970681858142,0.9444058328030974,0.8756671801814419,1.3712429910953976,1.2943750995973953,1.3535841940032258,0.957716840360162,0.8853421049814072,0.018125033233111848,0.01783385770662365,0.0077572680948033435,0.005792709424246049
1.3801169590643274,1.287658206459783,0.9330065817992496,0.8765069228932919,1.351294011750138,1.2630653979076736,1.311373265185234,0.9450281834102182,0.8922445986767987,0.016542124906876416,0.014705114008607056,0.007410945242346018,0.008660327522792874
1.3860624704212021,1.28113966490847,0.9243015320363969,0.875868544600939,1.3595530321533278,1.2572498987749532,1.3073647968410358,0.9353310650097041,0.8859023746663731,0.016749926547664964,0.015249879335372956,0.006387098374003873,0.006193445203158122
1.3752008337313821,1.2974964873078523,0.9434960010802991,0.89275170116358,1.3399743336399428,1.2686320442441739,1.3275083397533047,0.9571963733229724,0.9071043643713413,0.02107340690823157,0.017891428041213797,0.00794640463703059,0.008072409748545143
1.3778254797496507,1.2886247657229086,0.9352597877323696,0.8739558892538715,1.3442482819324255,1.2592554131280818,1.316634098214656,0.9471174370070959,0.8854325228516843,0.01972825440842871,0.017403515093483382,0.007239292016400403,0.006589813256559715
1.4090467634633128,1.3234753306727218,0.9392699837865821,0.8852549411541709,1.3760737478388543,1.296157897426389,1.3525520729210012,0.9511072071133928,0.9009028842820961,0.019278482395023378,0.017319561911604955,0.0071426575708088335,0.008656436885517711
1.3442788250767208,1.2622041523318153,0.9389452015356848,0.8903727619606692,1.3055254691192917,1.2320671961247192,1.293433882058024,0.9508328150661357,0.9110237943016428,0.023656940135655363,0.018637566782062465,0.007314343041024367,0.01215940693624408
1.3250567101955735,1.2492849554989778,0.942816217514636,0.8828328629374297,1.2941695589638604,1.2228162518240897,1.2762174395678456,0.9540947515239471,0.8963181457167733,0.018031952367477847,0.016512530237442914,0.006616910364311318,0.008205557926366102
1.3627270275130372,1.2678872825482177,0.9304044441402904,0.8770309278350515,1.3268836577698775,1.238661370433138,1.2964368841989498,0.9419714861592661,0.8869109090122376,0.020836910365900543,0.017408488537776712,0.0071164581137174235,0.006254965656475026
1.3678112980212243,1.291923461839507,0.9445187824581489,0.8766431765821927,1.333522516963429,1.2650124454713354,1.318307831744513,0.9575550810197743,0.891383141802931,0.0201865082616411,0.016297447660504144,0.007943825861446492,0.00877239444679717
1.347023837399897,1.2812448488687316,0.9511671681637529,0.8756909918993151,1.3134367173045691,1.2510353678644477,1.3127193859460844,0.9646626163763966,0.885359289744614,0.020217430388821785,0.018781986198512183,0.007964653537736417,0.005954734951214683
1.3863438380732769,1.2796209157275984,0.9230184320694925,0.8770260030678815,1.3559350467858524,1.2551609749281827,1.3051471098543281,0.9359505519909165,0.8870191990697059,0.019018790901115135,0.01508208290517904,0.007714322236843792,0.006347155936951421
1.3417194229366218,1.2610617746890442,0.9398848620145618,0.8870744242339198,1.3132835653945885,1.2356765747342602,1.2878773499265967,0.9525415387590754,0.897848713782522,0.01755335063995185,0.015950890716752278,0.0076302738428703385,0.006349760492641247
1.388995570576337,1.3190405509060674,0.9496362543177563,0.8814009216589862,1.3525736056765107,1.2896771825658502,1.3451642266270645,0.9635996535435994,0.8923676055125482,0.02055696591921419,0.0165396783486849,0.008562337354572598,0.006591780234591818
1.3333572196345396,1.2556654627167223,0.9417322261628344,0.8893427204815392,1.303868605770938,1.2310723964443882,1.2809294176748587,0.9544111664132281,0.899382952310478,0.017818062069840653,0.015482885770309249,0.007511360304655379,0.0061639441756979095
1.3877817233132836,1.2954139484392064,0.9334421448831649,0.8856396866840731,1.3535537767040897,1.2691103631508698,1.3220391282656907,0.9486864284617,0.9015669334497011,0.020718001659367966,0.015887763612130398,0.00890251378421504,0.008858520187119466
1.382852993464707,1.2994890661131755,0.9397159873497002,0.8873739294185815,1.3508696741645538,1.2720084420870232,1.3282073242829717,0.9536383458144326,0.9026923200843587,0.01960734324743345,0.016975073802629925,0.008823650976744014,0.00885603260763027
1.3604563293762035,1.290067239703697,0.9482606768386448,0.8937645583228812,1.3284113356053167,1.2649801781185126,1.3149471159610402,0.9603691731295428,0.9107920297883464,0.018590587700668237,0.015437140080123151,0.007358384471275069,0.009796793924932707
1.3765955800820031,1.2750986593268225,0.9262696159832691,0.8692280313957627,1.3415905095774487,1.246625125510757,1.3018319625202013,0.9386741597463623,0.8797110995940258,0.020644922877396867,0.016782349234099315,0.007410622065883764,0.006327650690212107
1.3961319619214356,1.3034726563676673,0.933631413017545,0.8959774281403687,1.3605088564884078,1.2751401841188066,1.3319701852225794,0.9499258365271642,0.9125722935008045,0.02115690822751879,0.017370147151187353,0.009485742062988065,0.00931093902219233
1.3668113782155122,1.2921987973987228,0.945411208886626,0.8879302171233526,1.3408479287242252,1.2683678042763955,1.3176321546204919,0.960802871920904,0.8966166713335378,0.01584180193131386,0.015122096015527794,0.008954331783201704,0.00541055686317474
1.3663051167177553,1.2810991348634855,0.9376376617406232,0.8891880231253775,1.3276443133012572,1.2492583329064992,1.3121018174500363,0.951200649039271,0.9083055337661754,0.022882126876221362,0.019328418179756023,0.008392463491689348,0.01091025461148948
1.3388298400715208,1.251516096932192,0.9347835396806926,0.8830687045555721,1.3005773744152125,1.2211716167838491,1.28430982741968,0.9472292049071669,0.8990673507484882,0.023065879196674657,0.019216211882843424,0.00694377991969657,0.008993604163636712
1.3914438755043772,1.2875419439553213,0.9253279752218586,0.8876339709673043,1.3574700020392712,1.258436497799555,1.3157985304850177,0.9400100815707746,0.9029074203393935,0.02057058047455767,0.017198993110553867,0.0086828327122129,0.008689281477113307
1.3453215266597216,1.2770516132266916,0.9492538310878468,0.8888791115960648,1.3098085703003466,1.246984017452528,1.3044991854859753,0.9627434999212366,0.9011443421372697,0.020809888250773775,0.01705125984309353,0.007971837498495185,0.007358159496090367
1.3777366702937976,1.295349230166892,0.940200880252874,0.875132291847663,1.3475297167462525,1.2680890760907406,1.3251042119992438,0.9515279054933354,0.888906812875287,0.018970205011724618,0.017294215621410765,0.0068671683065989406,0.008251134105844698
1.3777921270387907,1.2794614523368781,0.9286317051954354,0.8868618840152054,1.3383494630427188,1.2496560612105172,1.310315406064309,0.9435752331171954,0.9028257270379193,0.02439072751872921,0.018668239734884302,0.008623684970496459,0.009252878930997533
1.3973796999805181,1.2950347843686307,0.9267594086179195,0.877627130459029,1.3642874076914393,1.2678103593302406,1.3223667756046198,0.9396451851850298,0.8932324233520512,0.01988924622860879,0.01652118268559264,0.008012652595601431,0.008469513044000846
1.3475342800631154,1.271719301001645,0.943737995995234,0.8732910035458069,1.3174421837089019,1.2457708355007997,1.298103782083272,0.9552921731549388,0.8830796893620497,0.019060793034522846,0.016008801281371766,0.006610150794580568,0.005900403503567584
1.3554045811160422,1.2780293875852209,0.9429135812222867,0.8871818746120422,1.3248644428972298,1.2499996004622602,1.3057954036170447,0.9543234033207109,0.9021353676124942,0.01953096668030568,0.01680605714179461,0.006675790260086111,0.0083648757907784
1.3602372420610405,1.2780971507856114,0.9396134080618394,0.89876821336434,1.3162653249146643,1.2447601729457816,1.3094960503455462,0.952840209584071,0.9203733098914176,0.0252441578537121,0.019694845513846558,0.007986513635420672,0.011779353105137383
1.4266254308513149,1.3231078292947216,0.9274388362088702,0.8723460590114018,1.394874554435669,1.2938608438256418,1.3520892617526588,0.9398609761863834,0.8820485479362257,0.019377438697414533,0.01781528539082199,0.0074350238246009455,0.005786715928930557
1.3597649430798358,1.272893134293134,0.9361126279738179,0.8799341807858525,1.330071362838348,1.2450373246122735,1.3021823071058005,0.9466731545328738,0.8896143175373696,0.018814373644992628,0.017211915102866265,0.006671705311163462,0.005784989667211118
1.3479002397607336,1.2621918211665752,0.9364133812978827,0.8894227242719871,1.3109061711503989,1.233831015711378,1.2880997238387242,0.9494845066618254,0.9103586346901006,0.021533344640822145,0.016461306621946947,0.007836574926885994,0.011744169498794805
1.3858867271060404,1.2984091881270503,0.9368797339147207,0.8827107182888958,1.3505314281609004,1.2690517559938737,1.3284128577255598,0.9508546953590091,0.893491280400254,0.02147353218133231,0.01826412978352583,0.008565695810281413,0.006404598356513059
1.3710538321167882,1.2784194945321585,0.932435667065231,0.8917097842181443,1.335823814104256,1.2482408026682412,1.3081362653995812,0.9466656945773441,0.9102008897880746,0.02052230092511836,0.018224334972028695,0.00885378780851465,0.009826791284179391
1.3820786224982065,1.3031850811328034,0.9429167486703489,0.8827530654255795,1.3427588747414811,1.2706899797294902,1.3367198115099257,0.9563915215825074,0.8994073681387634,0.023351651691055034,0.02010946663235941,0.00811847654289043,0.00925129307573404
1.3659390313752944,1.291592474534217,0.945571101540146,0.8798863159856497,1.3351188932018574,1.2631064346049987,1.3202591201116434,0.9586289852827722,0.8939038399167356,0.017742214893160406,0.017334907468348794,0.007519861094152217,0.007882759695708372
1.3431664874376772,1.2719737511148128,0.9469963426062864,0.8892042869880088,1.3155699306038013,1.2442536941875095,1.2995564723658164,0.9600088237608929,0.8985122304703179,0.017255203243611125,0.016456186412829053,0.007694673592056811,0.005491412764019052
1.3875603432862507,1.312562870031145,0.9459501176882266,0.8862849319481356,1.3511678369729636,1.2826107847708508,1.3406004426793405,0.9585686996211266,0.9049020796037915,0.02142743974560617,0.01784384506228897,0.0075347070905855676,0.01040897429059517
1.4109355898075124,1.3169792790527894,0.93340850465928,0.8757730207271491,1.3825353126785305,1.293236590292919,1.3411354769250245,0.9489314181997311,0.8857202543988701,0.018150431537034526,0.014728127410977973,0.009459012838648981,0.006023213582758445
1.3902130400773018,1.3101056517095844,0.9423776169131148,0.8908103993248051,1.3536811152307269,1.2804117941701016,1.3400337245240344,0.9566781876983389,0.9084562498286233,0.02128007460997528,0.01812059129419897,0.008627654409785955,0.010305517242600553
1.371915223071712,1.2971699385054187,0.9455175631050008,0.8839940744920993,1.3358358364810838,1.2664951206607984,1.327095376220873,0.958064830287271,0.9002087054327836,0.02140119240107981,0.018402348475017077,0.007417598709541724,0.00942033390965211
1.3639060110302637,1.2865260512450851,0.9432659148362229,0.8851642937238778,1.336565949169977,1.26084140040452,1.312291255641965,0.9571376026083035,0.895653952608137,0.01689320790517313,0.015604742180129534,0.008372071109877772,0.0065199169359016805
1.3173005638802147,1.2579471829740525,0.9549431750554087,0.904701809437727,1.2796451016642487,1.226091910265352,1.2904470626440874,0.9671841333305219,0.9270189939253807,0.022698896063708212,0.01937345206334817,0.00752805061755262,0.012498899876088248
1.3404379704284706,1.2556550512333293,0.9367498376907061,0.8936742444892692,1.302250338006358,1.2245514741678878,1.2880214966204289,0.9505381391826663,0.913807379986264,0.023980878063870666,0.01978026837456027,0.00845426353933404,0.011418556187583893
1.3874481772694782,1.285611084702807,0.926601155823284,0.8759015785352182,1.3514097914810317,1.2548852878737222,1.3155824189036986,0.9407234776646526,0.888444110655324,0.020440496093307465,0.018485339099687272,0.008738537225940911,0.007389945864573109
1.3380094506792675,1.2558663134206112,0.9386079543631365,0.8814332487216275,1.3055517590779042,1.226834700383997,1.2837763924379324,0.9509816430169382,0.8920280894663769,0.019412282091946415,0.01775512852131287,0.007413922744927801,0.006341331083328589
1.3402082057562767,1.26167365818378,0.9414012336029685,0.8897539934934386,1.302795671669398,1.2294364911914242,1.29341764573969,0.9561990513534079,0.9002336403617066,0.02246851829861331,0.019377986858742983,0.008897286408720995,0.006205283951541254
1.3330015508900257,1.2441829970626799,0.9333695045080458,0.8974247660062167,1.2958395729475942,1.2162161635999922,1.2723382178328473,0.9465598005840528,0.9199822733317196,0.023012755027343856,0.017246722706897546,0.008134816237385982,0.013379405708470515
1.3258654896453332,1.2667389277131988,0.9554053089141413,0.9057618911512013,1.286681036031057,1.2306523859994407,1.3003314469122849,0.9675332228482977,0.9288502194058852,0.023958159908685467,0.020944442459448594,0.007562776304472859,0.01342675045139041
1.3583690436478406,1.266175849248349,0.9321294939467181,0.8930615637455843,1.3267378013795426,1.2420252617029721,1.2922233815621027,0.9467334510805024,0.9043748273743363,0.01996025497527963,0.01494105784149307,0.008505775257617499,0.007246297146543993
1.3532477402893515,1.2634927076154738,0.9336743524473308,0.8942132183331661,1.3132745899779192,1.2325355598260959,1.2944329433500872,0.9469221072631125,0.9152011030587166,0.023749984637558924,0.01876399145103347,0.008102890716785912,0.011588517481088235
1.3629321878740934,1.2795123703939926,0.9387938606026912,0.8890725910617412,1.328556225041152,1.25129299398395,1.3088568002149532,0.9510722346747466,0.9049205086034049,0.02137544844977892,0.017882204006692427,0.008063424256445644,0.00911955789108623
1.3307471669723046,1.2420714522081189,0.933363965022793,0.8966290943782905,1.2897655778855017,1.2111161071267242,1.2719428705560822,0.9451059172604792,0.9188978725135177,0.023729840681581918,0.01798473729869474,0.006947635034205814,0.012753163372397791
1.3938464160913662,1.3207937118706794,0.947589129349314,0.8807631160572337,1.3588938095294831,1.2911684717886263,1.3500107047104553,0.9633333059243191,0.8989950964160388,0.02078134794051593,0.018093169577468482,0.009743859733759469,0.010047260654330353
1.367483090560724,1.28477391125984,0.939517219721547,0.8777811539889936,1.3345388001081853,1.2566809974164885,1.3107461689427984,0.9525836224599473,0.887858604328994,0.019634072422037893,0.016539605119135457,0.00824363238912979,0.005958688905683924
1.4066830114872868,1.300276521741152,0.924356454953109,0.8874745417515275,1.3722314591346365,1.2744922452067784,1.3274306929516395,0.9349471329882185,0.8980077481613628,0.020811969681364003,0.015585302587708615,0.0062551255661427085,0.006432547149204007
1.3722640074368293,1.2961945428611157,0.944566450651286,0.8793775916574291,1.3378041456130794,1.2648402966948469,1.3261217639455194,0.9589287611734568,0.8899749745001188,0.020936896536379323,0.0185153155607204,0.008640942715650475,0.0063160596330679416
1.3937680848783625,1.2910973952438813,0.9263358870472045,0.8790872916706715,1.3595798140571886,1.2616279685514362,1.3190466742222116,0.9394199396143035,0.8917938811108788,0.02048506118378508,0.017507747854599767,0.008044408620884732,0.007242911067785209
1.342954070981211,1.264338645453372,0.9414608233992696,0.8965450235124947,1.3062595444226126,1.2357926782099107,1.2932970813329485,0.9526815646683284,0.9164217947330826,0.02225590694196708,0.01731979306862187,0.007031970376747791,0.011327131701401035
1.3863794116076673,1.2809913297933753,0.9239832322004246,0.885829273459013,1.3548787773217013,1.2509908028711902,1.3106616196864953,0.9352221762025632,0.8968412084636564,0.019232380736116193,0.01807604256926642,0.006705206202324708,0.00681000849999384
1.3848371422593169,1.3085322697097688,0.9448997501431402,0.8812241882953362,1.355705299418193,1.281141976299259,1.3358367223597927,0.959724498820149,0.8908844918115079,0.01774961254548781,0.016580529311572827,0.00883700224769531,0.006081366071019518
1.35541250597093,1.2819587200137257,0.9458070619581698,0.8854131704370007,1.3225260893620991,1.253599122168286,1.3094183854479544,0.9574612721481589,0.9008954978134662,0.020021663120474636,0.016931995922075053,0.00729355483170438,0.009003096171930175
1.3636436661579243,1.2859076962679603,0.9429939273586144,0.8768261074458058,1.3321926559822332,1.2625617635278987,1.3069917679648877,0.95503136258562,0.8868181327341226,0.01752160098231321,0.013676186949664042,0.006996838439163254,0.006059635019911708
1.3925958308407345,1.3073507990795152,0.9387869546401304,0.8730441966129698,1.3625781672504431,1.2783100463930064,1.3371187746916222,0.9521422790990873,0.8814172260094969,0.018392380889021454,0.01762227523119298,0.008009997629022091,0.005199412062512048
1.3596528208307501,1.2866332030735532,0.9462953949431137,0.8904756693660174,1.3252812876579736,1.2579923252461858,1.314065802372809,0.9592405975851188,0.9072237923080868,0.020659376667134972,0.017133023541104186,0.007872444545994057,0.00912045995455667
1.3836841341268689,1.3027238245383161,0.9414893127761126,0.8850212962380143,1.3516089719710087,1.2717981692590894,1.3324820566502749,0.9564252126560524,0.8953593295469956,0.019434603581052076,0.018111959831119698,0.00894681795195054,0.006298082159701296
1.3603143643873337,1.2664427284367468,0.930992689331142,0.89526841816725,1.3106728948319217,1.229514186755926,1.30337381118369,0.9470568147950483,0.9218109084199818,0.02922922835686957,0.022217715317163298,0.009408809180408203,0.015441338540629108
1.343155500413565,1.2639148613312687,0.9410041212220792,0.8745285197444385,1.2993083973952022,1.2264414635483307,1.2983378346919219,0.952588112835746,0.8920331392791535,0.025177609679221186,0.021565538162540202,0.0073606717335838205,0.009774569724301066
1.313249226604795,1.250501380701716,0.9522193924565987,0.901429964848998,1.2770326338840845,1.220176959999006,1.2792898057203943,0.9647323330966638,0.9206838611579459,0.020914334869067613,0.017916375740108903,0.007464456948267194,0.01056720446573981
1.3581534211171267,1.2776505120236548,0.9407262037986434,0.8881196889661734,1.3267380227952887,1.251201190211029,1.3069289588392325,0.9519418850204618,0.9017045444953087,0.019295055449839022,0.01674927591381176,0.006770993647810641,0.00821349293829228
1.3602094995555343,1.2833362472116945,0.9434842556466786,0.8837254486364279,1.3290274150111638,1.25437036929737,1.3134676230553675,0.9571112943753499,0.8947139654079584,0.01803933455948275,0.01779671162433264,0.008262722506905991,0.006384552235961992
1.322066717321503,1.2426183332973466,0.9399059192828647,0.8975138582472794,1.2780399510370368,1.209856458472514,1.2748190769188126,0.9512193436180679,0.9166486908078625,0.025978931501039297,0.019621661868324463,0.006855863684435236,0.011022918767281955
1.4016031862065488,1.3013054133952886,0.9284406786469165,0.8774166861500279,1.3687094274016989,1.273532053613472,1.3301655414477127,0.9418827656604102,0.889094438486733,0.020485982547761256,0.017317119619575775,0.008014554684985955,0.0073211088865534615
1.399863246251061,1.3113833866782885,0.9367939262569196,0.8721429654208284,1.371684471968277,1.2816899076739392,1.339765609324784,0.9507439383278323,0.8816247495753062,0.01656220596248658,0.017741180870017078,0.008157077038312166,0.005527718626757978
1.3490915832406378,1.2600437253369383,0.9339942083918434,0.8825580596399615,1.3165660432873916,1.2335332807065051,1.2858714963900033,0.9440935511398547,0.8940736636723,0.01959745653568038,0.015893935781456616,0.006161469281989237,0.006888596198329004
1.402600800648892,1.3220652882408805,0.9425813015572551,0.887941648322949,1.367560554813661,1.291487177414582,1.3528972000780604,0.9561366234795953,0.9047630632161952,0.021265667555954198,0.018960239970781455,0.008136089016500836,0.009615072346236658
1.3782285057700954,1.2898949128153452,0.935907875519239,0.8848774829636074,1.340351584702478,1.2601166418277392,1.319472920210651,0.9487865594371282,0.9048839396653344,0.022585361978446572,0.01815743809950934,0.007803864529399195,0.011137834658624854
1.3858091214759893,1.309645056696215,0.9450400032735721,0.8817552154618225,1.3592284136006934,1.2839206087969492,1.334098951638764,0.9577967988026899,0.893104632285784,0.016422184291548996,0.01505887000241661,0.007751984098086793,0.006722267924238581
1.3423724847917642,1.255724210201912,0.935451392537077,0.9215658933644746,1.300627560876379,1.224527082538248,1.2869385593449394,0.9487743993667377,0.948565356535145,0.025207937738135407,0.018993802221022732,0.008221033250647452,0.014979512307422033
1.3514539280312758,1.2708628119472383,0.940367100636987,0.8934732574589835,1.3128380246346323,1.2403331945741585,1.3029932659269121,0.9541647327272107,0.9155225752080609,0.024059869070635394,0.019303069816239866,0.00852364132442218,0.012804957949166248
1.3367047455637333,1.2622099285265993,0.944269804319639,0.897142278070531,1.2991221717763857,1.231440321803138,1.291675149203644,0.9574550408997141,0.918449553874072,0.0223040146831728,0.018176078552314814,0.008237868600431643,0.012142438915376266
1.374298716621319,1.2835666006808204,0.9339793344466177,0.8798093769710561,1.3426071397486845,1.2553914060732907,1.3128280058900557,0.94638973508229,0.8900743691725002,0.018816013130862067,0.017058288590543615,0.007275336250799622,0.006169325223991351
1.3597276481750196,1.282779376052563,0.9434090553165305,0.8948595445664844,1.3211365308209015,1.2513381603274978,1.313341560426076,0.9564489248413266,0.9158547524132167,0.023667919264248213,0.018947362154906312,0.008184694828723357,0.012183129832759581
1.3957997868142336,1.3080722002126517,0.9371488751966277,0.8731822243886587,1.3741310473059642,1.2859787660205861,1.3317487941627704,0.9489164693434788,0.8831643372509529,0.013372852465938372,0.013818122333244044,0.006656043535417072,0.005759043812550382
1.3692171909093138,1.2734764716509535,0.9300763093729653,0.8927465129187631,1.329244237641175,1.2435892723652824,1.301312725530904,0.9416886033958572,0.9085136381203641,0.02273247144759972,0.017531571522327895,0.007103710626805144,0.009119985520776542
1.3423636108643822,1.2722263950397115,0.9477509556598398,0.8846053387661286,1.312739959792432,1.243304489162144,1.3004844300246556,0.9596053277483979,0.8946068841060671,0.018593345612557974,0.017360666643388176,0.007381612739361067,0.006286174446904624
1.3748912605291634,1.2952677544025966,0.9420874156288391,0.8907407407407407,1.34310843815165,1.2678376656195944,1.3229428240108694,0.9549482031360891,0.9008200223896682,0.018575092458112247,0.01683398359725395,0.007720536670421071,0.006177222180329875
1.4007058145676285,1.3115424293751772,0.9363439601198669,0.8707001456851486,1.3704795904281912,1.2858055568323719,1.3370371755715074,0.9482624955826642,0.8795794576884637,0.018207698550117092,0.015482401144783515,0.007209214567519796,0.0053337912692934634
1.3657889318478187,1.2771064496558369,0.935068677067107,0.8877554438860972,1.327578602266378,1.2496722339846762,1.30498744755452,0.9473891010428376,0.9069345333335308,0.02354181702780194,0.016650993334055446,0.007587981836164587,0.010978839769077398
1.375403018550535,1.2944739004271324,0.9411597058957384,0.8831323254628843,1.3362845924471656,1.2630251780681938,1.325698268553528,0.956060119709936,0.8982384408305351,0.022362795895450895,0.018996926442989413,0.009020440383169685,0.008672967840582285
1.3697567853366233,1.2954284764337263,0.9457361265163359,0.8870487464157047,1.331956661685309,1.2638862464931697,1.3258400828763552,0.9605443139796214,0.9024586792633396,0.02305368890998052,0.019139077835238976,0.008770247319679824,0.008578221236357613
1.366901683393427,1.277929970301585,0.9349099396300663,0.8849611048572724,1.332948534285412,1.252654221703965,1.3029067666843366,0.9469973835715919,0.9003568745318874,0.01987812977213342,0.01519397674577853,0.007489718331624656,0.008860724272247641
1.3826897788404064,1.2954629959139867,0.9369151459269681,0.8756722173228891,1.353682219177235,1.2680684608773949,1.3237438793902159,0.9513383607155822,0.8861752301578338,0.017691549423860253,0.017260054495940202,0.008499672205795032,0.006086282001167215
1.3948686566487614,1.299864322024012,0.9318901215738823,0.886014656419089,1.362559795137832,1.2739586156246707,1.323056521268358,0.9449246178862445,0.9006248041361689,0.019287537628997146,0.01494629915972004,0.008062164108783371,0.008040875367879221
1.361709423691035,1.3014114401792767,0.9557189056176792,0.8942961470662302,1.325149105554466,1.270417655903688,1.3328194867769247,0.9708087170517521,0.9140445385790652,0.022190833685972747,0.019354460194511754,0.008812343368767088,0.01165100989677017
1.4012059240323431,1.3243089722797012,0.9451208773573049,0.8764575235980011,1.3712813075540893,1.2960012811058885,1.352587065701364,0.9593822054748368,0.8864775543199762,0.0192503344661536,0.017279758882346157,0.008868515363286998,0.006205378281715935
1.3678163425481817,1.2983223030109763,0.9491934425876641,0.904588852229076,1.332986820095744,1.2677958717629545,1.3276143901347575,0.9625682951601366,0.920410852105748,0.020617001376673424,0.017701318767777207,0.00801858923212653,0.009352970313910094
1.349173284728551,1.2840337028307758,0.9517188913869719,0.8995142976615523,1.3148195165578869,1.256109827575681,1.313384700264943,0.9645080128533684,0.9193820383858912,0.02075091490561418,0.017529157505407338,0.007806857086787494,0.011583211431783407
1.3789485899965186,1.2846595549031454,0.9316225160405645,0.8897192486366391,1.3432097448252371,1.2577381597431,1.3133147508004939,0.9437131461476864,0.8991920010841902,0.022129587863473854,0.017001338524499213,0.007023854474309993,0.0061735124083956055
1.382296867907399,1.3071416851365485,0.9456302155378353,0.881075134638119,1.3507387222381204,1.2825425822366365,1.3306753604401154,0.9581199976336958,0.8967624742526815,0.018803358412214775,0.014760339035455348,0.007483143029152202,0.00894734372582627
1.37704278468941,1.286744382176038,0.9344258555236259,0.8806938017439481,1.3499509940089862,1.2620927747139754,1.3145772813060883,0.9432556207727737,0.8910825689647386,0.01727265833540616,0.016086660154462997,0.005453918013203216,0.006220984792923375
1.373592269531893,1.2954913167952005,0.9431410947272523,0.8776166920562107,1.3408114805659568,1.26581452419278,1.3225874914443008,0.9548916811787278,0.8929503356276914,0.018851813197232302,0.016897998651095314,0.0071860003802556305,0.008926704495531087
1.3857903682719546,1.2861611189851248,0.9281065509128448,0.874076012298031,1.3514320294929139,1.2583175538335867,1.3126854609913154,0.9415108033203904,0.8886535708408292,0.020380440663864213,0.016882013696913483,0.007968431290807657,0.008396465317084004
1.352966992354422,1.2802258019804666,0.9462357982234498,0.8918632840509441,1.3159243551195707,1.2484550829188636,1.311149174509082,0.9606020143632392,0.913087985977782,0.022771085964730656,0.01925411377427061,0.00841800862902076,0.012243423228267731
1.3742285972980057,1.2884792151656346,0.9376018063508715,0.8937667967056784,1.3302173319303237,1.2563445349610431,1.3195688771964418,0.9522811805564293,0.9162582047410437,0.025118906134312495,0.019246815379773012,0.008851194050419562,0.012586133021128829
1.3476636865315565,1.2787161590186982,0.9488392184178334,0.8868643158572348,1.3076905315959773,1.245278916836868,1.3093663626411631,0.9621970738338895,0.9057465177066486,0.02371338257261798,0.019705858820437037,0.008554768366319548,0.011061082628797323
1.3624936872229392,1.2791026926229776,0.9387953167181782,0.8937028952679049,1.3191071514280512,1.2439636177768285,1.312425400914399,0.9545506379569435,0.919627380136343,0.026055114325131294,0.020892001807392827,0.009372600909307827,0.014512486216805934
1.341256539184316,1.2598995402806552,0.9393427010218806,0.8920402908209634,1.3032972211310936,1.2284011008750915,1.2898129508901317,0.9532720222749099,0.9085336962391931,0.0225707658949287,0.018711547449260183,0.0084802443696593,0.009287406246623147
1.3905175533840028,1.3093712808875988,0.9416431153285881,0.8863384955752213,1.3579106956537288,1.2843955819904473,1.3335086090923933,0.955260265119906,0.9048564453870781,0.019438311816632338,0.01515163066232228,0.008051544830184259,0.010755262792799529
1.3633181236570822,1.2781658847516701,0.9375404482432961,0.8922613777226847,1.3274620856226653,1.246135954337362,1.309583995175372,0.9507718997937914,0.9106540151843545,0.022059598114150744,0.01893781402401455,0.007939234572494408,0.010513735816246874
1.3744031457728678,1.297969441266013,0.9443877113189566,0.8798194822888283,1.3422742572100264,1.2686611713027067,1.3268090519907818,0.9551753286560104,0.8957054090804168,0.019367803515053673,0.017587795535738828,0.006313883146344878,0.009090339090475838
1.3628672368910375,1.2856231632140334,0.9433223783020768,0.8749062009686882,1.3364331225385189,1.26005072032025,1.309774690761745,0.9564554724400611,0.884397113433608,0.015954683231331188,0.01512598675080159,0.008049848030457451,0.005834945899408007
1.332835043373876,1.2566157292820246,0.9428141430773658,0.9032049756992828,1.2976436447339372,1.226156116142727,1.2865434574026458,0.9565358749434322,0.9210841678048203,0.02177953342359532,0.018175011875133526,0.008352263225909392,0.010217668468103965
1.3722785565165523,1.2804629852587028,0.9330926138706722,0.8925654260617586,1.3323812815802067,1.2492438359169984,1.3113545082419609,0.9472991069021345,0.915669858186932,0.024524150919585385,0.018997963520641745,0.008600410321455759,0.013399859423991488
1.360029641452431,1.2875048966942992,0.9466741440424198,0.8770065803260824,1.3267682748446168,1.2573644179786236,1.3186046658726467,0.9627430875336821,0.8871384978371307,0.018833403082182107,0.01827997910670989,0.009512656501694715,0.006089983359400383
1.3686742158532919,1.2851147704709112,0.9389486231167977,0.8926270317762484,1.3358546765861545,1.2577642261705422,1.311578291331345,0.9507564469475809,0.9041053336999151,0.019808013644755346,0.016152478752644313,0.007333497298638231,0.007100895239270063
1.399777842426807,1.3013146577091885,0.9296579916232193,0.8768870330833034,1.3729745549917574,1.2764635380892462,1.3285965457499755,0.9406324736533671,0.8885740948372123,0.017602410682657835,0.01614741059070425,0.006746567081365471,0.007257567306182864
1.3889733069948842,1.31728000599723,0.9483839605580568,0.8764153523566415,1.354008864310075,1.2893933254066414,1.3458028555318002,0.9630830436194104,0.8930325950993763,0.021048820268517315,0.017290397018816673,0.00854338016940086,0.009464247112785283
1.3859766724762033,1.296577799013614,0.9354975626661391,0.8796994905526536,1.3529875493901493,1.2678386274741498,1.325386265687188,0.9485240242029915,0.8950706771552206,0.019720627406415267,0.01744548187663125,0.007965528145990011,0.00846866778855679
1.3552345761952749,1.2760952430071244,0.9416046973872755,0.8820020489771638,1.3204557521372642,1.2449935580375207,1.3073980037633814,0.9538046998382055,0.8971169530076049,0.020873514228560344,0.019102668313771998,0.0071402239420914095,0.00870793330138596
1.3659359190556493,1.2869842493169141,0.9421995800554692,0.8900050735667174,1.3299897536208392,1.2575409580052959,1.3167613620469423,0.9552576695142438,0.9077122918192191,0.021570574648285608,0.01823910181315615,0.0080174467904635,0.010050053383501015
1.3706705424446963,1.292051199812142,0.9426416923702682,0.8727017846552003,1.3342491968567236,1.263336927293561,1.319841504060472,0.9555795709509665,0.8831640478039771,0.02038570924159237,0.016925204988758394,0.007756001515514769,0.006451759782070438
1.3935485364949982,1.2949317178135884,0.9292333089958623,0.8764186842586285,1.3621363276874778,1.2693564789615575,1.3205762368687628,0.9436517190678262,0.891599310399403,0.019140024576538895,0.0154231045102069,0.00843836478573296,0.008599292988116371
1.360275539243065,1.2906746085325698,0.948833211579159,0.8966858930491739,1.3233808157550795,1.2613604937304823,1.3200591762044849,0.9610979927573448,0.9177249969566279,0.02207646392922157,0.017892542309008313,0.007335564365633235,0.012071990642580108
1.3479956466533647,1.2761490249957048,0.9467011471171797,0.9034515239184552,1.3111495554673391,1.2483970762164298,1.3041395926021615,0.9595625604658945,0.9260700981103321,0.021169201396447027,0.01683363490182114,0.007520638169901696,0.012658476595495962
1.377151762167346,1.312320084354876,0.9529233599422342,0.8836197141414669,1.3511859751869273,1.284095309862524,1.3413805564110939,0.9688996346953583,0.8926549398799334,0.01598526654074508,0.017604678293728457,0.00942322708676967,0.005830072676516688
1.3852183396192121,1.2840659190221093,0.9269772730377588,0.8914858370647378,1.3461028040221428,1.255671708545277,1.3115926592851421,0.9407042253156996,0.9094186889049766,0.023674805488641766,0.016972858216973898,0.008182002834433363,0.010460252890500019
1.3532721086922683,1.281382998734296,0.9468775647586188,0.8847645338328568,1.3202972053581197,1.2527695095603195,1.3084467864542606,0.9573612816739123,0.8991359338191015,0.01946448856409024,0.017045096686945427,0.006468516517979827,0.008554197158835
1.3338582327892121,1.2676321838602138,0.9503500092431008,0.8948304817013352,1.2962928022361984,1.2368706819081032,1.2984741787648992,0.9629848576278205,0.9147781791825658,0.021658294646382498,0.018732964828121333,0.007437713453652733,0.010803749246931994
1.3493292449214258,1.272403278773825,0.9429894768551612,0.8833276521607393,1.3111510626093519,1.2418050240472442,1.3020723599800705,0.9575565990937579,0.8989947896028664,0.022718122540055376,0.018839262839882052,0.009172530150231006,0.009021402935454649
1.3187091640140727,1.2582220071512116,0.9541315412727233,0.8777850121484493,1.286713050242302,1.22825966144377,1.2871396048303996,0.9643503099447728,0.8909530355260743,0.018585203323032363,0.017994804235799248,0.006146327385411542,0.007894254409917928
1.3784888310964567,1.3056693481083315,0.9471744120478623,0.8718458376848701,1.3446449837566314,1.275730630927184,1.335795003599633,0.9604500542109252,0.8859130119726504,0.020070235626616174,0.01833752431687844,0.007889593457364591,0.008328540095059052
1.3565405405405406,1.2738452588425826,0.9390395795580083,0.8928912974179152,1.3272202383192027,1.249655488473117,1.2995601544752409,0.951318828672119,0.9087237419114118,0.019012818321318643,0.015162672933982251,0.007490644001158441,0.008777856087993483
1.3670649094716099,1.2975659504199,0.9491619172065705,0.8798471961943203,1.3366028210598422,1.2693591596230076,1.3275970344096044,0.9626054452623202,0.8907754121666399,0.018179664273399475,0.017586382350941825,0.008123456282435514,0.006677733355128977
1.3842664331110064,1.2965886086696785,0.9366611641053231,0.8691596365996106,1.3549583161671774,1.2696919210471345,1.3227293515563139,0.9487170060595147,0.8798605508273859,0.017634003649795216,0.01590851295161648,0.0072518108623598415,0.006167041153960303
1.3715097603162836,1.2743736905172571,0.929175808580009,0.8795063507792091,1.3343688117417922,1.2437472792487092,1.3057041206359876,0.9418980187664409,0.8904802098287171,0.022052334776981868,0.01884263808374317,0.007534328118711419,0.006826251310248526
1.4170837096892317,1.3262191672240558,0.9358791990593819,0.8666965270121278,1.3921070894435648,1.3017898994856574,1.3504621332445688,0.9477833623128011,0.8757524791120087,0.015729014466582952,0.014932996269207095,0.0073019386747650685,0.005666535440213793
1.3511727078891258,1.2692391753273031,0.9393611696836124,0.885241877509512,1.3173647725854394,1.2431674583135286,1.2930721828950824,0.9539932213690876,0.8995476987428094,0.02001200794748118,0.015263030522172165,0.009089557989817403,0.008224869744096017
1.3516240775139314,1.2714739406783098,0.9407008663362646,0.8970211343460981,1.3106207500653324,1.239401458228226,1.301234872393499,0.9532541281503358,0.9195551756884921,0.024208315789263524,0.019054187485572333,0.007683635657524034,0.01262276454037109
1.389289602612956,1.2970535518244566,0.933609198100221,0.8862875708151704,1.3624198856181198,1.2700428808040531,1.324680039269172,0.9469713441156338,0.9018755847505274,0.016249557147106512,0.016226423565273134,0.0078407685963682,0.008675978112117658
1.3391510652791807,1.2736209350911698,0.9510659163950638,0.9009980880211896,1.3050950602431328,1.2453668811033987,1.3039629746123051,0.9641302691169379,0.9200603763943024,0.02130758601007962,0.018291048788854354,0.008048126390705158,0.010890849016092457
1.3957724041182205,1.314559723269949,0.9418152410746525,0.8870907294470376,1.3660570376290004,1.287513704131121,1.3414398401554657,0.9560768743601546,0.8966498481132771,0.01816577583985628,0.016247057104065297,0.008699807569780798,0.0059926552463792655
1.3695612118659684,1.2769937516098355,0.9324108630894901,0.8910265034306472,1.3327095870019372,1.2474139344767154,1.3056263035232214,0.9452371903371332,0.9088993698956416,0.021873923541951147,0.017785025983859296,0.007526242304178187,0.010593447670538615
1.3808267780864125,1.3021408508335142,0.9430153524673505,0.8833930624112516,1.3429501512408715,1.2727719623457439,1.3315668010847643,0.955373572620723,0.8997293665858694,0.022431208821223205,0.018007697429850627,0.007237446563482051,0.009154097591776579
1.3792391495343526,1.2963767953055094,0.939921692146849,0.8862789438481383,1.3467416158252783,1.2696565896678427,1.3238878123979325,0.9544139357665149,0.9048586778936586,0.020669042628704313,0.016540931858427903,0.008895094628434021,0.010501005024866256
1.3717799750071251,1.290486919836949,0.9407389984900795,0.8867526489907465,1.333486097530008,1.2606095946913034,1.3213275917766756,0.9519269851678395,0.9028654800918766,0.023344840507505737,0.018560312087196884,0.0066942840672975235,0.009018507715551688
1.3201193941487,1.2585397990754543,0.9533530108366023,0.9026067457722134,1.2857362687845366,1.228183201226325,1.288107117932546,0.9665086118850581,0.919455416894846,0.021004909626528085,0.017944744254357246,0.007979936660649924,0.00970494034310372
1.374700460829493,1.3021962318487954,0.9472581620166559,0.8855385337400691,1.33742126322028,1.2726390635897782,1.3320430488647146,0.9602881920560752,0.9015986001993522,0.02209438007476292,0.017880575920422016,0.008015832791149004,0.009353368309467088
1.3506761995003875,1.2792617513305025,0.9471268922956507,0.8892538265306122,1.3237894103621384,1.2554202174183067,1.30519920343524,0.9593486647588018,0.8982469711363787,0.01638750187544815,0.015509452365055668,0.007283744960105377,0.0058060931819083434
1.3512836733618008,1.281762422151954,0.9485516974856302,0.9055495952404174,1.3112208156292602,1.2504290964537268,1.3153301308634033,0.9632705638610163,0.9299675123119773,0.024985456052056508,0.01988124952208828,0.009199217851410198,0.014011358532962105
1.3586777636714158,1.2919478492888192,0.9508861363843336,0.8980273403703063,1.3222574085818541,1.2616539553119428,1.3211370720381839,0.9629569467489898,0.9202025397835554,0.022677704772746454,0.0179185902487004,0.007274585997131006,0.012651507650530644
1.3845541944135094,1.3151471402854336,0.9498704677591358,0.8869482427485678,1.3551689058583962,1.285595652111409,1.3448086336509268,0.963026499829671,0.9022961571532586,0.017852048357106687,0.018547137749766473,0.00802347762762246,0.008660395263368925
1.3598550496297463,1.2747608194745503,0.9374240437035072,0.8900640548190079,1.3285362640807212,1.2486599303857295,1.3035689236084809,0.9509873973768221,0.9047448737852132,0.01994675949051762,0.016506259733346414,0.00788266609067015,0.008739178564824736
1.3797222222222223,1.3069886307718495,0.9472838878153126,0.8799073887658546,1.3506704837742494,1.2798614925611675,1.3318277073573281,0.9579376166405662,0.891372012888097,0.017073074132307683,0.016099903297961883,0.006362629655725428,0.006720711839184545
1.4114356291775647,1.3296573677450114,0.942060225955749,0.8760831145656389,1.3801130676283349,1.3011485601061252,1.3563579466424802,0.9546370416698424,0.8853843824508549,0.01866734354145588,0.017120764582967914,0.00727476209079007,0.005617440719670637
1.394466678266922,1.3015757833776322,0.9333860777478478,0.8753074975934971,1.3597602870653074,1.2740432300310558,1.3285195489578365,0.9460315347550657,0.8897877598073657,0.020523572626638217,0.016654969138000048,0.00782841210373757,0.008210598978249248
1.374820875994268,1.2934882253287412,0.9408412746084416,0.882535989969637,1.3379263549817166,1.2624944016251929,1.3197508854854494,0.9530752928844222,0.8970517539108906,0.021218869426686708,0.017343301050803266,0.007335541194719789,0.008149478910051853
1.3873129327674782,1.2912987098066717,0.9307912290781628,0.8880301973201667,1.3544324414942666,1.264106177089781,1.3182221932766796,0.9452357093817019,0.8973179077159827,0.01994165777416376,0.016571555729262336,0.008645809963727168,0.0056158583804518615
1.3708839636167063,1.2857758068637817,0.9379173153879561,0.8798669569839012,1.3402663688377245,1.2564558337162086,1.3137904102839808,0.9502984321910324,0.891219264900723,0.018622521970073025,0.017133170186940373,0.007359420272194124,0.006539007060983271
1.4146003639227616,1.3310064687615428,0.9409063525691395,0.8786069460709967,1.3831112507585437,1.3024484376628032,1.3587548504776532,0.9557099971660109,0.8885008009707999,0.018866173811113725,0.016990668204483625,0.008935982810032073,0.005773269823325527
1.3707475570427488,1.2909160016932326,0.9417605707634856,0.8751835276220127,1.3386641744556969,1.2639356700059965,1.317132599972036,0.9531669826497063,0.8866995222641882,0.019302968254193205,0.0161209083003665,0.0068086946018871925,0.006900002322351579
1.3566374254834488,1.2978193655276762,0.9566442301746081,0.8794812711001554,1.3251325378058292,1.2680699718974786,1.32702453653936,0.9693619347138073,0.8902325626433334,0.018414608247453647,0.017922695093634672,0.007328536886100966,0.006456865680665026
1.3513298049028943,1.270728497574079,0.9403540815599731,0.8848120350037691,1.3270610762275574,1.2503636747572544,1.293429297464774,0.9527601035392533,0.8955656048513775,0.015358476507068407,0.012628665734190133,0.007272604021273171,0.0065070523473083714
1.3437686618586062,1.2610783633250209,0.9384638882564698,0.8785573882574139,1.3106528656412157,1.2320672993058062,1.2900458045201666,0.9502117281596284,0.8887180824966707,0.020325565903509722,0.017499300483404312,0.006931499653626553,0.006271321841382072
1.3553600603242428,1.3089167386500271,0.9657335913653048,0.8931624724143686,1.3172601474618972,1.27650023564156,1.3398091944560433,0.980000853143584,0.9100182521925456,0.022279216825451087,0.018853994695759737,0.008459806598340084,0.009345464437522228
1.3737173939918408,1.2782523127995635,0.9305060257591495,0.8866810655147588,1.334350360271346,1.2488363703543826,1.3087703872721685,0.944134675928654,0.9064626192602058,0.023435490138974908,0.01842124929188927,0.008215184028746202,0.011700756954827583
1.374730690176073,1.3048022684409162,0.9491330031148134,0.8923495397474466,1.336530249257033,1.272023797556113,1.3385298853951473,0.9642732481579678,0.9115045806576113,0.023715823557023424,0.020148357058880764,0.008984008885992998,0.011246069895570289
1.376066426388065,1.2965796186731817,0.9422362131721196,0.8896293349247397,1.3430550140431483,1.2701819030595967,1.3234108095927744,0.9537729279478021,0.9078371687230691,0.020190292280071343,0.01655519926736397,0.006745301867557025,0.010391116815832463
1.3390303365420866,1.2746708203024704,0.9519357295475334,0.8996921690817629,1.3019833410926471,1.2417722963328999,1.3087377707931616,0.9652187031936107,0.919976254544632,0.022486083450757737,0.020365893355238966,0.00798817374979082,0.011503212091489825
1.3973848196955767,1.2985745345044275,0.9292891379679684,0.8886431756707361,1.3552371339469367,1.2656581622114664,1.33251043344696,0.9449307235001294,0.9089758108377118,0.025180386008985717,0.020008627553280554,0.00926118611038309,0.011697101205549443
1.374814566684213,1.2919165871206115,0.9397024285511205,0.8749717189648271,1.3464709635009495,1.2662212901195715,1.3190420905918527,0.9535422276856769,0.8854169318947887,0.017214168595781922,0.016068917905250255,0.008221378359874285,0.006422323487997395
1.3916808562393579,1.2942285567073812,0.9299751095266804,0.8703768440187373,1.3604236674819508,1.2667712467797265,1.319362286233222,0.9395154961310248,0.8809676308674688,0.018447714726396787,0.016177383172002183,0.00600254787301629,0.006496984892847826
1.3875423641778781,1.3041588931842627,0.9399056395348185,0.870471115058658,1.3523479647791288,1.2700482345352355,1.3365716621184567,0.9537283772952785,0.8810364863699225,0.0200437836030567,0.02003243713920826,0.008203425086471164,0.006094741650943937
1.37426472444523,1.3039958172037527,0.9488679975615005,0.8878315820412962,1.338733293938437,1.2748087850726497,1.3356527608894204,0.9632285068668004,0.903995786140987,0.021382759702475673,0.01875970144830994,0.008680979812556265,0.009332052136350905
1.3355557766941983,1.2751955112235502,0.9548051331708112,0.9019633410327099,1.298515177886276,1.2447662850978631,1.303932242703655,0.9677134911526786,0.9213133249454388,0.021338064407797102,0.018045477838872472,0.0078009009602688865,0.010874327223701635
1.361139178043565,1.2920157328925141,0.9492164752392143,0.8821254704277872,1.3260137609338933,1.261658802400062,1.3224628682300086,0.9639650215350891,0.8975629287488919,0.021449215708237216,0.0186403308608084,0.008554818628027878,0.009085839635336034
1.392687358438908,1.3047349469055576,0.9368469807667832,0.8677663795260393,1.3625068495626655,1.2751801078929061,1.3340185226089771,0.9491545717613442,0.8763722023519681,0.01794898085018427,0.017365219488137205,0.007195244346716116,0.005312649434996928
1.4102607395257967,1.3170315318090304,0.9338922192869704,0.8770609564206061,1.374469490976834,1.287549568844391,1.3451254864851117,0.9452241610537655,0.8937068404624684,0.021449165945364605,0.017289946858254007,0.007041273386335898,0.008841617878558486
1.3912101880840846,1.3210040911614103,0.9495359525656154,0.8772758037225042,1.3588248051865883,1.292167473242912,1.3484602312756515,0.9606497468747291,0.8876991490761591,0.01923827463164849,0.017042993771841812,0.006674945293330785,0.006365087350562702
1.3657004422659793,1.2858331484244252,0.9415191711375316,0.880056104453291,1.3342807009529378,1.2599229136710937,1.3125099311104447,0.9565081737620349,0.8913465647276262,0.01908742414452773,0.016273590670634525,0.00907249352826091,0.006847472533376466
1.3910424994740165,1.3000597131819134,0.9345938126789759,0.8779611668840868,1.361527832393782,1.2741985934653042,1.3254975288204969,0.9479680534181016,0.8880293573281398,0.0181647858042098,0.015528652856038747,0.007878357743036395,0.005905557851799542
1.3302869236874384,1.2610884670534064,0.9479823071234738,0.9033301995950246,1.2912673485734971,1.2285481091844357,1.2917842891186266,0.9623311339491905,0.9236050918436182,0.023254649168871936,0.01912101428959795,0.008733773184212638,0.010986760675565971
1.3665923628610195,1.2973947129079753,0.949364820239317,0.8817949718095103,1.3363504403887103,1.270301500335592,1.3245887987926008,0.9620646016250006,0.8926249578870779,0.01880441326262496,0.016749637970233468,0.007609013982838016,0.00654814685199533
1.3649312620973746,1.2767302988480937,0.9353806556428711,0.8927896153007054,1.3291974126194905,1.2489015685386744,1.3053305693168369,0.9501852176325537,0.9083940694679267,0.02115720774091062,0.017265291299941494,0.008683307896484586,0.008991596569680413
1.3968774570369538,1.2991431163252811,0.9300337046608326,0.8934096683927825,1.3632300275492322,1.2735471528430442,1.3258344436464937,0.9447348223330486,0.9075910877778041,0.02079906366371975,0.015973465447018102,0.008527665113548983,0.008298818456950748
1.371678756921492,1.293505325446034,0.9430089362534815,0.887736262360746,1.3367197442139818,1.2650067209197693,1.3212485689889577,0.9555162189409113,0.9021569341607949,0.02054327997561987,0.016872244771159804,0.00725492626684024,0.008578164604730149
1.377253452212678,1.284596219893718,0.932723180203253,0.8856993984178864,1.3487462174237705,1.2594679738789556,1.3121497079298665,0.9439154774027281,0.8974101476452685,0.01759310001603278,0.016231229254989994,0.00672858177406236,0.006758905658047804
1.4069183292665424,1.3241433333560069,0.9411657420415527,0.8724069917703869,1.3768084611356861,1.3003414122727628,1.3474935298327835,0.9523568800999357,0.8839198296856416,0.018573007243988204,0.014420183199536665,0.006709972704879701,0.006648646751006998
1.3830105017502916,1.308836310494363,0.9463675863906628,0.8707772265532719,1.3477932174071714,1.2769015671703408,1.3389900796776673,0.9586354769086358,0.880279973311163,0.021128283630109084,0.018495576059381697,0.007443629195841354,0.005370446799100053
1.3680299799702784,1.3044376776774356,0.9535154176268678,0.8842551047718006,1.3371293631543895,1.2786190290935222,1.3286671669714276,0.9665152595219386,0.8984580613942635,0.019136195212584868,0.015007856715280671,0.007909957456816236,0.008305971393185086
1.4106058079424446,1.310270003590031,0.928870415967756,0.8700792055798557,1.3862674730888376,1.285837710743791,1.3338265162602003,0.9418901338678011,0.8789701634442892,0.01532127696283163,0.014561404974048845,0.008152517085092575,0.005199434114812842
1.3350880613504907,1.2585930195789778,0.9427041226822631,0.892923785880024,1.3014888609817292,1.232024765677204,1.285288514464036,0.9533671276085685,0.9105031171693296,0.020162393107601765,0.01622520540446105,0.0061776737667598326,0.010203956413816578
1.3615293653921956,1.2804982196267338,0.9404852015497144,0.8909926080327331,1.3225437943696718,1.2492835233334985,1.3131746908648132,0.9540647045703984,0.9109494635516799,0.023482928776862238,0.01934835082975102,0.008366620984581657,0.011901273236637417
1.3232444153321437,1.250921402744015,0.9453441769712854,0.9192612317356275,1.2862061956834772,1.2234836624531753,1.2796748698870561,0.9580829506790758,0.9417613758387187,0.022539484010847786,0.01731271035031357,0.007365739706713037,0.013290736295888679
1.3585840513088716,1.2872992720429635,0.9475300926746256,0.8826687738066293,1.3267638546180123,1.2600716362698257,1.3152610645356408,0.9605985357661795,0.8938337798118803,0.018507609697161084,0.016890225039408572,0.007706022852115459,0.006753798207259919
1.3449013076119922,1.2751004894480364,0.9480996726162054,0.8864325323475046,1.3067533067649848,1.2423165800256752,1.3054371555565214,0.9622016830418403,0.9040303663351104,0.02280834136488786,0.01918317416864147,0.008617616532845497,0.009478875025308867
1.387375966062852,1.2985352308264648,0.9359649169298335,0.871032931501072,1.3572529783620615,1.2711450774260138,1.3235965048442864,0.948641848461264,0.880744935042366,0.017619211516570896,0.01594858602280737,0.007812911439204727,0.005520984682971792
1.3867069486404835,1.2934762516020488,0.9327682772990809,0.9001089324618736,1.352225206997012,1.267812450638899,1.319874371796952,0.9444558667485183,0.916832241724444,0.02038902416141082,0.015541498184203579,0.007013982028547746,0.009650056595918268
1.4060728377704204,1.313893188941622,0.9344417683404186,0.8756229336343844,1.3752947554522637,1.2881626067942444,1.3409378654125377,0.9465589186265854,0.890136720680963,0.019000962215480116,0.01605168742435014,0.007485304690304163,0.008086662003975153
1.3862389193752638,1.293176455227581,0.9328669374038184,0.8828325889836243,1.3538113424232303,1.2658367701464104,1.3232794914007633,0.9454591683768012,0.894214765176254,0.020162913172144775,0.017662292296485776,0.007378678355425181,0.00682334987688492
1.366735662973335,1.2999301508709047,0.9511203856661684,0.8854639940608761,1.3389028639412603,1.2739825367964857,1.3249941391746465,0.9636234308781821,0.8951344371035576,0.01700375083482124,0.015535218299855961,0.00760031645387294,0.005946517699332272
1.3591717104322547,1.2857957319963416,0.9460141953568343,0.9027156857588667,1.3228040297698052,1.2552311586384515,1.315547271814491,0.9599997755958324,0.9198044334533084,0.022095935139597445,0.018546515898759455,0.008423359817895108,0.009430830072485751
1.3757559434909288,1.2836603071618982,0.9330581584875138,0.8770243815625556,1.346362293640322,1.2560853435845798,1.3107804261151041,0.9459511073855702,0.8871868718818264,0.018187981939445028,0.016161796754856635,0.007865275601044342,0.006156706150420662
1.384652072304097,1.307281995622555,0.9441230918372179,0.8788922568200607,1.3505024194557784,1.276972698948692,1.3354307808657477,0.9569980947635247,0.893736751987853,0.019841131027363183,0.017751278459819535,0.007915912316699676,0.008560313166803522
1.384055057588156,1.2859160786194785,0.9290931538954138,0.877601585728444,1.3572905613813515,1.261384419665139,1.3118638851114959,0.9409917884410556,0.8871982331023418,0.016647667747136576,0.015633319207674502,0.007108832120166558,0.006033368272818616
1.3581049456550003,1.2745795702046947,0.938498585313654,0.8838789967451656,1.3134818952429719,1.241016811948746,1.3083577004700242,0.9521648671025413,0.9010761937635142,0.026443178379915104,0.02076984093776665,0.008321198503018143,0.01011169731704697
1.35272454627649,1.2741558065955334,0.9419181533319366,0.8834566854683578,1.3271785348931247,1.2496961143510985,1.2984506684058494,0.953335982072628,0.8933636212484252,0.01567565136970615,0.015028476664348079,0.007011607328610615,0.006195956138537058
1.3746948333416371,1.2958409051012003,0.9426389578778317,0.8899661127521157,1.3412607621041581,1.2642654360780203,1.3261377422669698,0.9571880987174292,0.9010969596713801,0.02053206551025273,0.018647663702269848,0.008886874615858053,0.006452716076921752
1.388836826586821,1.323346686002617,0.952845331193333,0.8796142389282952,1.3645542809703282,1.2992603904356201,1.3467357427000235,0.9673827855584064,0.8902134997960207,0.015783280613493166,0.014370266905941778,0.008772629026372682,0.006094562387731918
1.3580721880246223,1.2810869742223732,0.9433128706403836,0.8706670100437806,1.3271681426446826,1.2522806604204606,1.3100071886699363,0.953360628959616,0.8812198787527241,0.01832816133889082,0.01723635748729139,0.006265845258667511,0.006242193670416947
1.3699393151278716,1.2829842622122443,0.9365263468568235,0.887136325523264,1.3328349910240211,1.2526725184530416,1.3116862082265048,0.9501342580411587,0.905950932839333,0.021549898172548952,0.01785222621131141,0.007938952512906017,0.010494630778895193
1.3892745619241786,1.3115479950993447,0.9440524076701003,0.8754667211561682,1.35919235906989,1.2818074761813,1.3409718885660595,0.9576906937085753,0.8845360040946658,0.0182915358869309,0.017996956709095575,0.008220943110920316,0.005549382349350802
1.3898155551266853,1.3032241209590925,0.9376957367845118,0.8906962904185678,1.3553900562441452,1.2722022512170148,1.338080213967017,0.9523018389272181,0.907675767558248,0.02263494788926436,0.01962375325297733,0.008767110443140857,0.009780553240353653
1.374479314894828,1.2809042464435867,0.9319196240807731,0.8885647058823529,1.3409531676232966,1.2511970149593383,1.3089842644431278,0.9436064952999647,0.9019839237269023,0.02077470206582493,0.01779849394997961,0.007358985475784544,0.007682083486362528
1.3756753727160633,1.3165404547090327,0.9570139008229263,0.8773019132362048,1.3492109592090826,1.2900965899618322,1.341938121698267,0.9687124013869493,0.8879505898938352,0.01576180954718412,0.015739610085209674,0.006981187345981996,0.006262688404215294
1.363612469116333,1.2936727100304364,0.9487099445994214,0.8920393215111796,1.3233332964586704,1.2600365083061078,1.3271821623795808,0.9638504426270776,0.9130903101215935,0.023894002434061597,0.02008434639406866,0.009124976844241248,0.011832353809632034
1.3347073176509605,1.25271957120032,0.9385724904880749,0.8768769301764225,1.2968907172809216,1.2224181226530626,1.2838494902026447,0.9509463624408183,0.8919282959363092,0.022816377014908677,0.018569184718012863,0.0073364296394319945,0.008553441857808392
1.3784922740752301,1.2833673183690792,0.9309934792561924,0.8735092089371981,1.3465119475429834,1.2553910080588142,1.3121613372664187,0.9447096564911992,0.8835878136882,0.01965368643867436,0.017521784819996177,0.008031341225696091,0.006324781588903224
1.376151912873499,1.2815433818478092,0.9312513900967949,0.8793120941558441,1.3377789831816347,1.2524968387406443,1.310690755849618,0.9427269091247575,0.8945995870532416,0.02289757916506331,0.017855189063752015,0.006829402427778056,0.00868606802305379
1.3683818382967194,1.2908102743516747,0.9433114633839329,0.8807563482766018,1.3379376207497344,1.26200895913873,1.3211217534879178,0.9566650463695587,0.8892414921252221,0.01819546307528546,0.017996653925434022,0.007780222084832632,0.005294526128440743
1.3610598617378353,1.3048277144824512,0.9586850300738532,0.8871304915890903,1.324795981974075,1.2727576289976739,1.3373336490751118,0.9727275075278401,0.9016911969080886,0.021315211077692058,0.01974502838013369,0.00837641273510819,0.008571509741472633
1.3794152758596474,1.2939529773717595,0.9380445468572703,0.8879008993721365,1.348483962145253,1.2661456238124011,1.325397675546223,0.9536870307927624,0.902396195840635,0.019847323185721473,0.017858545763403812,0.008907247352935995,0.00849674918363946
1.385732714138287,1.2906363274049717,0.9313746541717097,0.8882538027592113,1.350429172428157,1.2615889635404651,1.319302770918816,0.9432447132513745,0.9032255008029694,0.022004086754736713,0.01762042595336306,0.007576636345481594,0.009157274268534457
1.392932074482035,1.2942789802491554,0.9291759475999115,0.8827645720561701,1.3626403314811146,1.2677000455903136,1.3214142448106028,0.9412666744056666,0.8927773798983538,0.01879224391444753,0.016066449415254643,0.007144616839648676,0.0058906279207504445
1.3718543280209043,1.289210411676677,0.9397575131293618,0.8836894036894037,1.3396642539135784,1.2617479153680582,1.3165146017937748,0.9528138873577804,0.8997129784547475,0.019851641052428096,0.016675436612691413,0.007866926022537937,0.008999777262599406
1.36621747417882,1.2737958461660202,0.9323521842169741,0.8845573563050567,1.3307251773717739,1.2476105069605143,1.3003553376032078,0.9455999294341624,0.9032322427073517,0.02046976761218397,0.01591401538268278,0.007871068640440192,0.01054479281106117
1.398170025480658,1.3097816297097657,0.9367827988298445,0.8781457611955135,1.3643948436512143,1.2796325438847962,1.3404777496448128,0.9494835091345267,0.8895790215053814,0.02092529231107514,0.018221055986449994,0.007667240351471093,0.006689799438428251
1.375208247820943,1.3108282449282624,0.9531852699438847,0.888231472865495,1.3401871479339957,1.2777846450872612,1.3425059206076888,0.9663922601448753,0.897783407649345,0.021082235762588337,0.019547017358218108,0.008182742518003583,0.005833270430380625
1.3390855457227138,1.281815421200834,0.9572319149401536,0.8946653449351984,1.3027797028008388,1.2492752670730658,1.3172486119777307,0.9705586194065239,0.9115649322125435,0.02284692042004271,0.020498866639103257,0.007473689835889045,0.009932113472792482
1.3798403532608696,1.2939253430264483,0.9377355430783098,0.8756692719551973,1.3477333373125564,1.265782436211131,1.3209344461058534,0.9477518487709928,0.8906226313588118,0.019510158631510587,0.016611440732017996,0.006098194157572258,0.008442291907750305
1.3747554491679517,1.2806846153459035,0.9315726779777574,0.8749853504997572,1.339868861829268,1.2531594526353345,1.3106282082787477,0.9442149254925885,0.8903628284075471,0.021336012708677177,0.017358959954235195,0.0072154042986247256,0.009175789276954322
1.354957620743267,1.2807867773984962,0.9452596581551502,0.88871615494235,1.3167554359416935,1.2495955107148693,1.310903821821964,0.9576889706526047,0.9086803570791958,0.022676769078057244,0.01854591255119548,0.007758277341052963,0.011853937581718713
1.363198158229214,1.2741173188260142,0.9346530518212295,0.8821863345295897,1.3276030626755702,1.2442083131617607,1.3046056115907945,0.947944201876381,0.8976141964742711,0.021770697421996964,0.01830130063597681,0.007955106312325416,0.008952109788812463
1.3549251021334543,1.284833268578766,0.9482688501052035,0.880548762102583,1.324287959624729,1.2575157209266696,1.3151155717138907,0.9602846393412511,0.8959015049257081,0.018848771671887705,0.01799745616478895,0.007335862787803133,0.008474277456386455
1.3460797981809733,1.2776473360039184,0.949161660200583,0.8926810021700533,1.311743230457921,1.2473279291408164,1.3067766549110518,0.9618597292267212,0.9111135749726805,0.020511742100519186,0.01796724272973886,0.007540472098924661,0.010720399872418815
1.3809042284254505,1.3002028385995272,0.9415590247573205,0.8730079201433719,1.352446291643183,1.2753667075094592,1.3242940557806753,0.9539362052591014,0.8829929753994554,0.01682795046382267,0.014945157163107133,0.007428692866466778,0.0061485458404471486
1.3874231349344472,1.306251290458173,0.9414945286463675,0.8769212757772908,1.3568842187656958,1.2750278418020466,1.3378530241344406,0.9552135452687529,0.8874202729428841,0.017619775259938134,0.019272810694241266,0.00837956889069596,0.006368230985874629
1.3572676923076923,1.2893680335820297,0.9499732741665601,0.8905856109106077,1.3209628405299394,1.2579342585587676,1.3206147366785637,0.9637895151879637,0.9103439664094222,0.02116356739553329,0.01848491832831276,0.008551181208303785,0.011333891112572355
1.3845037400915485,1.2939016210323908,0.9345598596554411,0.8835093944036772,1.3491266803059143,1.265561020620763,1.3206333669718646,0.9458422349735066,0.8986207706832848,0.020805558030179534,0.016768253148590564,0.00689124393372436,0.008677857806537273
1.3996697148209312,1.293269261070389,0.9239817418181727,0.8758320712851759,1.3695810677314955,1.2696048689271306,1.3157646258801572,0.935393434057313,0.8860457053277413,0.018141841677222766,0.014162658022709985,0.007076974825432223,0.0059835707925876445
1.3653991376580352,1.2726354062369825,0.9320610883201792,0.8814115716044317,1.3289870454048986,1.2433927996729421,1.3001348982750824,0.9418941622687828,0.8911413694384309,0.021287663494480302,0.017190912382446917,0.006068507380736554,0.005776750722653649
1.3398571863978752,1.2676498834091114,0.946108209351111,0.8818263059549922,1.3058137440191564,1.2380934382747997,1.2938014146090873,0.9583730127377559,0.8979200653822816,0.01920739026254928,0.016654836250390173,0.007084574182984897,0.008753783842514051
1.3476581576026636,1.2726918805358063,0.9443729282207484,0.8848827249967057,1.3145935027185174,1.2444564017049469,1.2999000067117772,0.9555390140266201,0.9002635472954438,0.019389497568004864,0.016809201581050207,0.006998631330262938,0.008759304216084597
1.3660562949790214,1.2733169011547967,0.9321115870809344,0.8953888086569168,1.329831886513834,1.243844414132265,1.304217447560648,0.9453807247959574,0.9113790453019145,0.021903669347302805,0.018649524494185884,0.007887962398654188,0.00903408212398398
1.3765837634913187,1.2909244132812832,0.937773964446025,0.8935742287370035,1.3462276042005088,1.2654575757098954,1.318323857841845,0.9492110562355602,0.9082725131138635,0.019120236847199244,0.01626425740978108,0.007152567517902375,0.0083482356872225
1.3622623597891528,1.2913829308281202,0.9479693258411668,0.8956904456262608,1.3200314346991469,1.256550128209178,1.32417143810056,0.9619105244134554,0.9186023845283996,0.024842554852320536,0.020643663127469063,0.008373018052463618,0.01310661843345618
1.3459925037853402,1.2691538282765988,0.9429129989263331,0.8847416368531701,1.3064000558088795,1.237720002322259,1.3006820186196997,0.9550803920539808,0.9044003786517726,0.023442860946034174,0.018886437865058267,0.0075881009596458215,0.011332794896333534
1.4199571867020866,1.3379798373933316,0.9422677316777761,0.8765983725661145,1.3918828710374358,1.3097287309207464,1.3636860682971699,0.9561116879824358,0.8864172761397785,0.01608692194587881,0.016604161476775348,0.008494551759201236,0.005669920769746345
1.368028525545061,1.2842744934365549,0.9387775689288816,0.8914643851969757,1.3373316528695578,1.258355370775787,1.3100717322827211,0.9501117595369833,0.9069043908934703,0.017986434878631052,0.015911842621894462,0.007134674768523274,0.009324844805144512
1.3239996366444111,1.2526579341608983,0.9461165241220734,0.8955249481140976,1.2889021526954056,1.224882579873874,1.278595781098574,0.9600754965030608,0.9111969045613005,0.020484496755059083,0.016469487585764834,0.008658448142849565,0.00864786913556616
1.380544941020103,1.296749465155748,0.9393026091548767,0.8744810157049161,1.3442133284996558,1.2630679051787266,1.3299072378003085,0.9559278247580545,0.8854301783465973,0.02170622708866422,0.020471902018862714,0.009616568512994023,0.0063065966262115395
1.3674389706177095,1.3031239379471855,0.9529667984806144,0.8863060078854412,1.3383942991977964,1.2752357658333002,1.3311814416000112,0.9660719278592678,0.8995370439148596,0.017149285770792135,0.017149656858236533,0.00774255031477051,0.007283133048970343
1.4069812983452463,1.3120134105082975,0.9325023808428436,0.8800062632659452,1.375691109408777,1.2851619310756597,1.3393136959917182,0.9465858245295831,0.8947688468301559,0.018489579932619047,0.016606708026869265,0.008384743809876435,0.008615206244515825
1.3675878852131171,1.2985871847635972,0.9495456919474193,0.8870311316267023,1.3297500400049012,1.2645007703247753,1.3330459357379187,0.9626572644445456,0.9042488450012859,0.021509241745885314,0.02064676464266931,0.007853906976875729,0.009372326762272324
1.3706395993085412,1.3061466683681902,0.9529468352053404,0.8754648643404586,1.338535088638486,1.2766988057543605,1.3325288780730744,0.9650530249447995,0.8903964466116174,0.018585834546764903,0.01682479947246163,0.0073418424649845946,0.00818902740736915
1.3837037037037037,1.2906442502314646,0.9327461123193133,0.8773936983787091,1.3489091359111134,1.2648801973686894,1.3185426021958806,0.9444331295810834,0.8955015603681713,0.021257736608031708,0.016220323590998294,0.007169996828169096,0.010393608272819379
1.4038309425572397,1.3088615566726642,0.9323498414192397,0.8789650813955259,1.3747822476475755,1.2837388915908055,1.335663585974584,0.944742681320426,0.8885072482340067,0.017532316012761485,0.016053245943021446,0.007128635851566618,0.005557920600694143
1.3858801005145387,1.3115806627770625,0.946388264244583,0.8830924381356957,1.3526301714008462,1.2837793948483596,1.3382821803502332,0.9600445162392346,0.8987279055680412,0.019635015686544924,0.016659596882415247,0.008201941557253017,0.008840551797130902
1.3827244214630838,1.2878110127140387,0.9313576825029128,0.8753269576589832,1.351250045041685,1.2623555726028073,1.314343660362725,0.94548729355184,0.8863854989857088,0.018691488087119606,0.01579019293756339,0.00839701849894181,0.006732559755177952
1.3340322770644364,1.2743934484339356,0.9552943135965667,0.8889497200784133,1.305529980235468,1.2507222379966116,1.2995642080593839,0.9678870863235227,0.8973058616670294,0.017984595483856124,0.014978611980516714,0.00795747672003447,0.005300276320234456
1.3533814723494189,1.273237170437353,0.9407821788982095,0.8929988938772855,1.3198708693974321,1.247369890991728,1.3003444698634168,0.9542333745444235,0.9107436436263705,0.020270224119481452,0.016288088615475062,0.008071536013280771,0.010221018522807535
1.3749662535280402,1.2808885789274986,0.9315781937490126,0.8833693304535637,1.3400888718028745,1.2533601210988325,1.3062710645811115,0.9433867599425494,0.8993873164008567,0.020702227150573196,0.016300265764093547,0.00711741244666688,0.009116044799082188
1.4182098056334145,1.3226840396538495,0.9326434173560799,0.8631275413500947,1.3893842798796394,1.2967891835641558,1.3474726571273232,0.9456005184629891,0.8737385229852276,0.017231530611034513,0.015623524485965818,0.007806623493594094,0.006136768847466015
1.3803252972258917,1.30992171016314,0.9489949309744266,0.8787570655262135,1.3550367409481126,1.287149709339327,1.3317639926910452,0.9596108931380227,0.8918697087263876,0.015473891336597979,0.013594266729513173,0.006498358479403192,0.007975358876634342
1.3424292605659154,1.2649959122484797,0.942318488882764,0.8889425225708412,1.3064824835934243,1.2331676039321544,1.2946541590127119,0.9537306475515679,0.9041310503308719,0.020431063905027757,0.018810559912999115,0.006833473257911316,0.008933036823858731
1.344871262911926,1.2641377144518988,0.9399693110512137,0.8834905736972866,1.3086001404975187,1.2336498921427816,1.294945258196663,0.9510758808691094,0.9018352205010561,0.021801287303090312,0.018221801574081216,0.006658398612887075,0.010776962749722495
1.338665817388961,1.2627804363149344,0.9433126773775106,0.8877623849349413,1.3062652317884031,1.2367411048768973,1.2882527692592933,0.9566160983713753,0.8987432683720744,0.019298418486839032,0.015624618943601041,0.00810315662350061,0.006243552641465257
1.3586035720066907,1.2840872332566937,0.9451522575934829,0.8910600103260654,1.3235144987138105,1.2538990812687307,1.3141217457235759,0.9572016006516562,0.9108245968372487,0.021048166445936038,0.01820191123337107,0.007347597771016904,0.011075294598074149
1.3821042586715786,1.3003839953108511,0.9408725768349244,0.8852903868077522,1.3541146654971006,1.2749211399798186,1.3260268149944379,0.9538382872469533,0.8955368805218572,0.016939996733437265,0.015490121918158805,0.007949495121161,0.006030712406341216
1.3591711249364544,1.276378576982433,0.9390860014349611,0.8897695294411,1.3198411566683406,1.2426960823428936,1.3112595816357755,0.9536512903284197,0.9090494206892684,0.023646024583582247,0.020628771430431226,0.00847348339590917,0.01078529848516159
1.3932657125654209,1.2999615139806766,0.933032014106668,0.877252177381823,1.3695518423424655,1.2779032428048949,1.3235477213581788,0.9475150601365605,0.8874681788766872,0.014818841158713979,0.013909558750571514,0.008544129582808141,0.006356969801683985
1.3857537350421298,1.3024269082730913,0.9398689502601231,0.8906545398804353,1.3484600389786092,1.2704455273382194,1.3328518811737529,0.9537697085496302,0.9102616603536101,0.021475937663681985,0.018915695600130334,0.008492761907555244,0.011063946226378905
1.3571587070687148,1.2790870726001151,0.9424742043344185,0.9007720955581797,1.3169600541664335,1.2479657023370574,1.3084893057723959,0.9568219373877176,0.9227709077456108,0.023980729481158737,0.01841991606857649,0.008910777539607768,0.01276964007491051
1.3818527585905396,1.297258722667614,0.9387821637312432,0.8884951832576681,1.3506777479464969,1.268917480496991,1.3257951836515374,0.9540743044996952,0.9023433896747588,0.018105082148728524,0.01703824761845052,0.009195434395555828,0.00789018729140105
1.3891594582152116,1.3160055750223738,0.9473394628959114,0.891526547129003,1.3533896855642984,1.2862650119448682,1.3446187804650327,0.960787777747702,0.9087903450764587,0.021416574318411697,0.018082244389738475,0.00798780668023672,0.009760091454472116
1.3879067384063541,1.2744818687558428,0.9182763030744054,0.8842348163189958,1.3561951956505822,1.2489596013567814,1.3014680038133275,0.9288051147469065,0.893686912875657,0.020104413749470286,0.016211343160781707,0.006231971951628153,0.005652086793279045
1.3720064645673147,1.2788802028686437,0.9321240357799335,0.886132429055863,1.3332502828314141,1.2501942294540285,1.3035533618974788,0.9463212949614846,0.9025259005797929,0.022484668499315283,0.0163689130894102,0.00876500924672621,0.0088280598186092
1.3630442752701157,1.280957093719722,0.9397765846350616,0.8869357467208835,1.3335077007561946,1.255001174008923,1.3091970496120704,0.9530972679523841,0.9012696915334406,0.018728622018456553,0.01635619600734264,0.008228607310089613,0.008525005778064221
1.3977029131033238,1.296074096050699,0.9272886848128704,0.8887669109812405,1.369594908485204,1.2733520787634929,1.3194654032657205,0.9394247979264709,0.8972146324683148,0.017368141499014857,0.014297977326500434,0.007002892212409383,0.005393776800766936
1.3698054593603586,1.2951804345062214,0.9455214429580505,0.8790408030486104,1.3322633619776751,1.261709762828888,1.3311994897038766,0.9588914542272661,0.8946406047852576,0.022998650497814774,0.020872871750499022,0.007788060611095079,0.00913565275934505
1.3724645320987372,1.289077913433673,0.9392431522164354,0.8656190507999065,1.3378386720574855,1.2586536343934993,1.3169334104981256,0.950710771935781,0.8750210652696688,0.019859303975900286,0.017354120845868588,0.006751721905037946,0.00536782501006197
1.3249514631236696,1.250847395509975,0.9440703530082613,0.8922020373214695,1.2885908004439042,1.220411556736055,1.2805847997669506,0.9571135517556978,0.9108179244834131,0.021920624764115184,0.018300745767688534,0.007423111980809956,0.010826199624579903
1.3451184885879655,1.2631525866885076,0.9390641771748292,0.8961212933081654,1.3028081581381332,1.229589490895641,1.293798444651111,0.9520840077440977,0.9135539339839989,0.0243617486198471,0.019411310492739683,0.007741055532367056,0.009933060094861147
1.3522775548737314,1.268340566469291,0.9379291713436168,0.891406031834683,1.3092246421380158,1.233436776452084,1.3010224578954466,0.9515917535449173,0.9146461086561204,0.024967566284652857,0.020294269994606907,0.007948107674947653,0.012979106281899164
1.3825027369222713,1.2896606642116433,0.9328449266456331,0.8914098812187984,1.349867526827176,1.2656343491339634,1.315487091553776,0.9453151176733124,0.9070413569882393,0.01969961898182496,0.01519849105214018,0.007312094581109206,0.009387958545627946
1.36447631679518,1.2815151074630475,0.9391992310082831,0.891805061289047,1.3304010744794377,1.2529150094380386,1.310978097379852,0.9522361815692626,0.9091337798939099,0.021446949272652133,0.01761257580108194,0.007550613510943499,0.010148035465323942
1.3884725196288366,1.3189192007347474,0.9499065931008257,0.882975012392825,1.3574941932422064,1.2892933403955213,1.3478235261566955,0.9647295040128412,0.8926177438434624,0.01814391556924363,0.0176740139628239,0.008900038895871149,0.005816181939311359
1.3828874011523478,1.2841452998310263,0.9285971502531294,0.8928697940387632,1.3485513428845435,1.2554521742013895,1.3127272994322299,0.9421245363127144,0.908608144827546,0.02059442414133274,0.017588794161550566,0.00806300854087833,0.008439960565670335
1.3770900865185047,1.2985815207101388,0.9429895207459901,0.8846759580701428,1.3486092423982974,1.2740537945839991,1.3237177687092119,0.9566918114449796,0.8956078353138421,0.018214834928485205,0.014970548886493407,0.008548432762261669,0.006558658132818629
1.3826357815628785,1.2795180959292405,0.9254194871789896,0.8915768206118472,1.343661460512368,1.2512812984429764,1.3074645375163518,0.9388688518139812,0.9074657727401579,0.02319459178989749,0.017167203053067386,0.008063622768608628,0.009023422340198971
1.407773088131846,1.309848632595305,0.9304401708186584,0.8757026858213617,1.3832936397723996,1.2857174850411544,1.3345019969410703,0.9418317340062555,0.8850805500699018,0.015100809956048107,0.014796741078978229,0.006830719327348714,0.005579992957149195
1.3654051322365097,1.287070746327456,0.9426291991588289,0.8926243497213826,1.3275407786693862,1.257565895097759,1.315581786324216,0.9558221591323379,0.9106676406819952,0.022492613851504934,0.01757670537043555,0.007803179641654281,0.010261231636505023
1.3879068602904356,1.2981774526936063,0.9353491144369354,0.891057673227139,1.3506789270485342,1.2699262824847337,1.3300712378884623,0.9476823989364349,0.9071732376154366,0.022702342461464624,0.018678934279689363,0.007284325383492632,0.009548027071033053
1.3392282958199357,1.2662891266182659,0.9455364186753438,0.895885626978064,1.3012299601259594,1.2308261983380293,1.3033600913325072,0.9589724499534988,0.9181988037922981,0.02313978275475418,0.022038709575366886,0.008452712627299309,0.013158201371560705
1.3367375819614133,1.2669433042335103,0.947787599698145,0.8921746801940891,1.294452514415767,1.2333546420791268,1.2972841069464403,0.9618487684488343,0.9113279772968161,0.024567462306696878,0.019407543714810974,0.008469872061018275,0.011008572222709546
1.402375754161091,1.3077799402055261,0.9325460286411236,0.8824179319349816,1.368369453677886,1.2784977425481472,1.3373534206424582,0.9453664815791348,0.8980995905979922,0.021169198451762374,0.018053785239947953,0.008077035830940405,0.008963866965686528
1.3897789763113366,1.2941452328157277,0.9311878038697678,0.8866018604828124,1.3520158483184965,1.2647466775737735,1.323054789418445,0.9429534114762279,0.9051053158173932,0.023092492606243638,0.017734452939001093,0.007313102521758227,0.010576795441105558
1.3893905463651905,1.2962935830485254,0.9329943883955323,0.8863258232235702,1.3544931576004662,1.2687213023543014,1.325388687107488,0.9477109238989131,0.9021132809748594,0.021160426996846584,0.017465609151281574,0.00877509562686059,0.009132101830663757
1.3728338430173292,1.2980153271759838,0.945500676413321,0.8936142565435308,1.3295973501042966,1.2618272404205522,1.3308965239271822,0.9584812064385302,0.9137217786918118,0.024419619727726015,0.021103269063533305,0.0076218686453342,0.011234067649283568
1.363200599176133,1.2965900706107483,0.9511366642549589,0.879054264417706,1.332291957492784,1.2672887576648273,1.3258436686903654,0.9638488518859549,0.8918984063327865,0.018159720132083387,0.017866827427172823,0.007135978056268008,0.00750854306198997
1.350157803005323,1.2706225803858018,0.9410919061146161,0.8902573048408199,1.3192668243844838,1.2437653316776889,1.2964465614576048,0.9547481458829981,0.9047496477452044,0.01904712299407271,0.01606087161040774,0.008361012179427309,0.008594800149186997
1.3803208611232713,1.2958105744476993,0.9387748971592014,0.8970560799970151,1.336941924125178,1.2625870448316054,1.3288481939757595,0.9525106094267098,0.9206104835219567,0.025493670388880577,0.02035485716084974,0.00841392193904577,0.013227133972888562
1.3713064539108135,1.2750609525230867,0.9298147389934283,0.894921663965424,1.3229282559269533,1.2402639243237967,1.309338970395843,0.9460297154547535,0.9117105038598813,0.028332680262694445,0.021126438750151234,0.009371042899804189,0.009819781289304563
1.377560431026114,1.3017080477649863,0.9449371646043673,0.885960430577333,1.339665854006903,1.2685718294358266,1.3331477836830914,0.960000719251305,0.9017199524890257,0.02236953005732344,0.019395853142081216,0.00909846749048247,0.008610916237423202
1.3887576124334813,1.2910160214020912,0.9296194021503001,0.88685692152333,1.3560302604533758,1.2649963304024814,1.3176304379691308,0.9423926411382989,0.9023515626697733,0.020147563529198966,0.01655277524444372,0.00763093070969103,0.008912258678169931
1.3654611524485205,1.3102095328634433,0.9595362932984208,0.889313322591741,1.3315029482117435,1.2800519418005603,1.3409880008527293,0.9719485526434469,0.9000288473758027,0.020330282996440702,0.01913110844293697,0.0075919565841717366,0.006202285141476065
1.3872050954310102,1.3254205474832361,0.9554611296114239,0.8823869315342329,1.3600105484574134,1.2966965397321866,1.3515127130708429,0.9681646805328605,0.8922592488060732,0.016539882715555048,0.01670512456682528,0.008155011969275892,0.006046906456216812
1.3688209050350542,1.2943363441657163,0.9455848748398313,0.879050882813082,1.326694354528368,1.2574892254658347,1.3284848537326917,0.9601040680935042,0.8965709888828687,0.0251176237406681,0.02139291582070037,0.00874149101301392,0.009651551071989763
1.3367475407037535,1.2562625094804398,0.9397904026208712,0.8915458782964051,1.303111872794974,1.2281615139494249,1.2840200089338283,0.9511127480775453,0.909479072826108,0.01989703095731687,0.016745189368800182,0.006760218443404373,0.010252890914203451
1.349993275050437,1.2892414988883627,0.9549984601517333,0.8938947116725781,1.3036330603312851,1.2519099646480418,1.3244128459978088,0.9715519488612551,0.9171439367271861,0.02740090193754799,0.02198199868141041,0.009854829767402729,0.013156366389489055
1.3732702871844795,1.3021002710836316,0.9481747935821412,0.894290006245042,1.3306917231641062,1.2681124131532575,1.3369569527192156,0.9632255508913243,0.918284883507646,0.025598888292797474,0.02101240156406794,0.009245312956304031,0.014287297976315732
1.3764615777380649,1.2853741769362297,0.933824959392242,0.8872690852437124,1.3450502125990005,1.2620608600858672,1.31068302725188,0.94749392588834,0.8976045519270603,0.019046623431634466,0.014491744014087303,0.007728270070366518,0.0059513121625481
1.3441925306332085,1.2848091752613382,0.9558222843688198,0.8911754002911209,1.311094802140261,1.2560739290656266,1.3128246383775053,0.9707106189311987,0.9082492598063016,0.019876532434675187,0.01719887967234291,0.008824610668564025,0.0096543140333307
1.3613621610825386,1.2711509828497907,0.9337346219752332,0.889781396713615,1.3245579786675161,1.2419502780460103,1.2983036808373694,0.9445562253706283,0.9075320594783662,0.02170261760004679,0.01732719731067569,0.0066594598068647195,0.010095137359296574
1.379770751983877,1.2911672684719746,0.9357839094758997,0.8802264013145883,1.350137772275507,1.2636612719832714,1.3187495945779606,0.9474459374658073,0.8922180599466056,0.018090272384210935,0.016395435001574372,0.006838464757632121,0.006997856219574991
1.4205420121272119,1.320392789227083,0.9294992882680331,0.8647838737216231,1.3943944851688006,1.2963917184432838,1.3436588065660904,0.9402063002652792,0.8757919418516115,0.015919257161232846,0.01427916586305888,0.006611414048871473,0.006279569628825592
1.3947494142002412,1.3208831326695998,0.9470397472272847,0.8752874781842797,1.3684992726906784,1.2947868986939348,1.3451089119010835,0.958659318108533,0.8857321485044706,0.016033609804143145,0.015610483899983624,0.006873795700337421,0.006133097640561742
1.3577284325967751,1.2723973662932566,0.9371515950797942,0.9041706653870761,1.3138781042950967,1.2405397405269611,1.3039086509235,0.9511466214730739,0.9297847784115683,0.026041910358694853,0.01928864732744986,0.008439645094693518,0.014557174798306859
1.3880073588593769,1.297318187645107,0.9346623267986162,0.8691960402601168,1.3567730651012102,1.2710057063139355,1.3241176513129933,0.9492497608617573,0.8793802126214494,0.01884025503584728,0.01621299282624207,0.008516109085767814,0.006401539604819356
1.3726139294926913,1.2895928999885118,0.9395161103057845,0.8969837441663796,1.3352751144198634,1.2611688422438074,1.3165598051643785,0.9511806574934862,0.9152134731519023,0.021609483599364734,0.017070899529322954,0.007136779454174865,0.010758510900438068
1.3642906344267358,1.2781493204039243,0.936859997533438,0.882412340262544,1.3243330984884294,1.2448360466363342,1.308574066343711,0.9511515366428444,0.8984062045403571,0.023220989877450852,0.019151334500368006,0.008589697526220168,0.008889545042240871
1.3715436859675376,1.2892536531664713,0.9400018871852297,0.8928037869504641,1.3369501736462612,1.2616187290647556,1.3193718570155304,0.9516129881575011,0.9109320326258967,0.02089509433968926,0.017610014141086303,0.0070706678290000085,0.01067836793444601
1.3563846507241821,1.281255485157488,0.9446107226835823,0.8878173131774102,1.3260573514681173,1.255361369926289,1.3084486335860857,0.9578459792372168,0.8978454969164689,0.018615202088256833,0.01649780190293943,0.007808511288537143,0.006086347948348299
1.361924221560876,1.2828496669058218,0.941939093671138,0.8805648869899872,1.336951566402168,1.2572278859805277,1.3100545799805907,0.9554991024179713,0.8916222596944559,0.01548248360006222,0.01628710717903977,0.008144567522314879,0.006502815030567315
1.36692459493145,1.2824731909648512,0.9382179497832257,0.8793571794920503,1.3270798614319357,1.2525019017134391,1.3134081742156996,0.9517487432948395,0.9006649357357208,0.023553637909879247,0.018443153103815103,0.0078056184942032905,0.01172854987960223
1.3637632961844075,1.2708953855175855,0.9319032042241849,0.8759679821295607,1.3292445113437132,1.2416185233771957,1.2973062753780413,0.9459850229805361,0.8861599661276143,0.020104363274126038,0.016843690167947265,0.008372175510415273,0.006258564379291265
1.3636990235496842,1.2881976479059802,0.9446348685891296,0.8952573498441581,1.3278290468781913,1.2587132271307189,1.3170083751800963,0.9569522917935888,0.9137949807658063,0.021932750643720952,0.017868195647988198,0.007682173400370315,0.010719872331926585
1.370269122564892,1.3001718990259097,0.9488441924402609,0.878614732030448,1.3367240374318285,1.271336282852653,1.3285537569438741,0.9629692863154571,0.8905226767972224,0.01990943380483492,0.017345758591217408,0.008298411115844095,0.007122288128438875
1.3648869200279785,1.2911447350283025,0.9459719454281499,0.876741449341381,1.3304066831653918,1.2597424150365821,1.3229655689737194,0.9591542698225923,0.88736909273246,0.02101805282597412,0.019548979264515327,0.007883211524654666,0.006315549166027674
1.3870087079312778,1.3011355547173253,0.9380875168822608,0.8879594122238437,1.3536102781085866,1.2730313101625665,1.3302106877047795,0.951419018438792,0.9030827681968698,0.02108682977436419,0.017314428352215826,0.008082784320811541,0.008754248025572486
1.350494869699446,1.274305144435719,0.943583846948872,0.8867915013783366,1.313338911440219,1.2435879924478555,1.303827116112544,0.9561003605356321,0.9045811109172252,0.021508687779255985,0.018138564050591634,0.007644029214461559,0.010040652975530834
1.3801148309881934,1.2904378715405926,0.9350221029192259,0.8860486918817566,1.3490385278820902,1.2618114794786692,1.3198070842498946,0.9470080329399871,0.8992227776328827,0.0198186936273388,0.017022226469959805,0.007342071074179211,0.007860628735490042
1.3783879461026174,1.2928168111156306,0.9379194114190141,0.882181094399589,1.3484283781740056,1.266505991426326,1.3188735616344067,0.9499528856606322,0.8927342659481596,0.01864570739034754,0.01598917529453039,0.007608779907413319,0.006453184204744779
1.3745417321335047,1.2959375850225194,0.9428142883745121,0.8891044181575711,1.34207522010753,1.267926642392848,1.3244033473692,0.9540914734161925,0.9044831400595023,0.020026487863159328,0.01710603874160508,0.006789032149223235,0.00890176826835605
1.3877922017386441,1.2970245142512065,0.9345956207465911,0.88163772545595,1.3573794820795309,1.272110695340607,1.3253933588127835,0.9494830792273139,0.8915296190641736,0.018860896684405028,0.016441876193897014,0.008564164349744654,0.0060320149636740135
1.3873983553084945,1.3120938837495002,0.9457225307563162,0.8929618040033775,1.3571970006030551,1.2870674618989426,1.3389142783100474,0.9593677151194737,0.9084277972091022,0.018399096791413484,0.01577854348129632,0.008132138642472714,0.009190744918371801
1.352624677849618,1.2795505122350435,0.9459760221654785,0.9058530552212862,1.3161926752632487,1.251346797523155,1.3080771556747448,0.9593419161715366,0.9272268729550138,0.021812199828644026,0.017232594954794515,0.008027616222609288,0.012088907467182766
1.3718744458237275,1.2900537898479858,0.9403584954695957,0.87518466538632,1.3406906040829412,1.2624815289785447,1.3169994924262152,0.9534521456146676,0.8859605715045676,0.018717517133771278,0.016631018124843043,0.00781338196571097,0.006395651873303462
1.3534373995002844,1.2781719381702628,0.9443894033386316,0.9035459696581978,1.3131820308271276,1.2461634961658137,1.3125863014298673,0.9587452207073468,0.9269357339763661,0.025286283513310883,0.019744790995300708,0.008487662321558356,0.013404752458685788
1.3176005766304493,1.24807917630582,0.9472363616427529,0.9070224491449874,1.2733613001818878,1.2160994767977007,1.2804150587741738,0.9627291575863829,0.9287539621192353,0.02604242912723156,0.019222071645901728,0.009160892217826578,0.01257719720970691
1.391280152911858,1.3178530583596428,0.9472233579997983,0.8787541519572892,1.36250137821957,1.28792000513867,1.3466754505236038,0.960819363088636,0.8882123705722447,0.0183124903058,0.01751797807745057,0.008530421841606234,0.005710090936041251
1.3608885260693033,1.272703129526848,0.9352001322274618,0.8945665214371409,1.3326739769126394,1.2479547626615755,1.3009556303554861,0.9461555920729717,0.9108806764447309,0.01823587282913457,0.016152600177958405,0.006642668857329269,0.00951903755863538
