point_R_T,point_R_B,point_R_eta,point_C_K,R_T_lower95,R_B_ci90_low,R_B_ci90_high,R_eta_upper95,C_K_upper95,R_T_se,R_B_se,R_eta_se,C_K_se
1.3615863787375415,1.2895559834565649,0.9470981816462037,0.8877255358177675,1.3440532042877302,1.274033354571568,1.3055643160626378,0.953725909235371,0.8955162866940382,0.01078021840859945,0.009650801114232357,0.004074727019266097,0.004825047296679219
1.370751300855065,1.2889180264346605,0.9403004218421259,0.8886407529913202,1.351972570766153,1.2729980711485476,1.304447848559858,0.9477886694865566,0.8976651568300722,0.011405786804588435,0.009654874752948753,0.0044949893868396545,0.0054191646625879495
1.371193047240717,1.2868596590393284,0.9384963420204802,0.8823073365795272,1.3558816088734307,1.2739543739220298,1.300784076150894,0.9444679607910761,0.8886026176802904,0.009452275873884803,0.008268075625739708,0.0035087898356822122,0.003741241316622405
1.37576799897904,1.290169833609848,0.9377815406138865,0.886317054208778,1.3594402365380254,1.2760888540215758,1.3038322251456642,0.9448244874070709,0.8938463297235364,0.009635677300809485,0.008493627297770227,0.004199599820780136,0.00453984661005154
1.3761016588951533,1.2875397193363642,0.9356428800253799,0.8785957294112837,1.3573491920309642,1.2718569232292056,1.3027359133513856,0.942044454093166,0.886070195989127,0.010947370455706887,0.009508236098561879,0.003837819646768801,0.004601872331720365
1.380078031417913,1.2893259989187638,0.9342413758982097,0.8830776988348688,1.364332860794428,1.2756419202688238,1.30324241792664,0.9403874597190816,0.8902180383738494,0.009897597276812836,0.008402637302565382,0.003701552061538843,0.004272008830918562
1.355583479149296,1.2881750371765148,0.9502734851747502,0.8920706563171391,1.3391235086979802,1.2733993022704757,1.3027726691632395,0.9576222554466393,0.8995650851627245,0.01007402679390393,0.009074314342917089,0.00433624971241419,0.0044957279660443146
1.3733756456880777,1.2775928790248552,0.9302574157595214,0.8810844999156687,1.356261872479638,1.264723725648787,1.2911357094840479,0.9364305333995799,0.888097400368489,0.010628823619012271,0.008047203888419101,0.0037782548100577665,0.004319960037152297
1.3623091162885437,1.2785550449856782,0.9385205088173791,0.88380724544631,1.3454417344365086,1.2643998561283631,1.2927066529217472,0.9444145219613767,0.8905568219922122,0.010321766795412657,0.008513236074914988,0.003667288316625488,0.003953463344758019
1.384586972981957,1.2935943139405919,0.9342817310743606,0.8881256613403757,1.367883547976632,1.2793660041028883,1.3082511100572964,0.9406502977301576,0.895253597217996,0.010127706608775756,0.008755727466106226,0.0038923576753931116,0.004236330147065637
1.370035417280506,1.2818489301680542,0.9356319654221055,0.8869123643242437,1.3539116019182886,1.2678100907041532,1.2958116979479322,0.9420391592192423,0.8937347444423173,0.009770126291877113,0.008434208230878246,0.003785016767477641,0.003928562623950113
1.3536173089925625,1.2799634667087543,0.945587396234889,0.8864126944484088,1.3369648378405026,1.2655622228245749,1.2940009281524616,0.9523818149015091,0.8932925629906628,0.009865958939013725,0.008708568479337648,0.00407319222172183,0.004146092538777665
1.366454413892909,1.2821000121611874,0.938267679569783,0.8852979178581263,1.3511093502126306,1.2682496464565218,1.2960660810542894,0.9441038199145609,0.8917164601962455,0.009710860628070023,0.00836563827414987,0.0034839329720312887,0.003970494308277466
1.3506228228556838,1.2723000017913493,0.942009849279214,0.8910869252097512,1.3324680391975754,1.2572432421012167,1.286987142383748,0.9489237254714598,0.9000391925194998,0.010550684634888912,0.008952627276416533,0.004045929176571134,0.005030300239531308
1.383010087579848,1.3031625072616493,0.9422653666554774,0.8811862564788497,1.3677608530481495,1.289850957927197,1.3176247782423385,0.9485140202152428,0.887348983717836,0.009457824661822118,0.008307854134314415,0.0038879066238757588,0.003676843750178794
1.3675712709326155,1.2787547154887182,0.9350552637864871,0.8849923966678341,1.349455591551147,1.2649474321130352,1.292846989377752,0.941812083432417,0.8930584118052821,0.01122275252764779,0.008495154959955153,0.004021829370702162,0.004533230292402574
1.3640580498008674,1.2821091235921007,0.9399226988758066,0.8838528016634538,1.346814646624415,1.2679884211806527,1.29714506034805,0.9462262838484005,0.8907852920603466,0.010549443745957756,0.00883013150637852,0.003813371074083815,0.003981602021061043
1.3711369734096344,1.2874815580723475,0.9389882871225774,0.8834164641684785,1.3557854340508837,1.274454722902934,1.3014331891352175,0.945489504880684,0.8905522061259558,0.009512964149322288,0.008312238214920976,0.003995822679045424,0.004417413199707224
1.344700195438143,1.2704874601396645,0.9448109433238404,0.8869039483156101,1.328696055095049,1.2563470389412437,1.2851526663216397,0.9506088912086478,0.8954612273298602,0.010128646226986716,0.008839107556530753,0.0035703452700048505,0.005033119870199096
1.3550025932387195,1.275478440754098,0.9413107008935361,0.8883239236905518,1.337601197005165,1.260658658924846,1.290131751799986,0.9478715970948185,0.8973471072228936,0.010520491912364306,0.008866997224459373,0.003855616367752713,0.005102726319953798
1.3591893862764932,1.27513203194265,0.9381562605016224,0.885874127084397,1.3380094109144243,1.2587381795529675,1.2915010841976375,0.9447646317710269,0.8947826293570597,0.012449002314500853,0.010128071339919319,0.003975761615244297,0.005183985593859096
1.3787526038475677,1.2904166632130316,0.9359305357697788,0.8842508806515206,1.3621710098089186,1.275656203309859,1.304055901592308,0.9422397126022307,0.8911573464889615,0.00967158426822322,0.008583191820316792,0.003935254121125457,0.004133993673463689
1.3716883834984133,1.2895080653253221,0.9400882014007476,0.8855481603841789,1.3529880519875825,1.27409408585746,1.3052042167936817,0.9463005395030408,0.8937512109231462,0.010870719350894686,0.009316576814969325,0.003862488224099438,0.004735770951365392
1.3861093066297328,1.3072808821248278,0.943129719908906,0.8833126268365041,1.3684093636149097,1.2922453629156252,1.322095909539604,0.9499977698002235,0.8903392733176553,0.010406596873689116,0.009156992736834046,0.004257765180505621,0.004034356233103132
1.3861853551938528,1.2961686690712477,0.9350615804839343,0.881136076423844,1.3709015453326054,1.2820236642274203,1.3102216009363263,0.9414661299048691,0.8873901313230718,0.00939223621345009,0.008524223240185777,0.003911889260514449,0.003840427327615719
1.3711826889801568,1.2916501751976668,0.9419971427427779,0.8797036162249164,1.3534835629060626,1.2769122455049933,1.3058396878349952,0.948709075483863,0.886853723414257,0.010437286250298033,0.008832716434398468,0.0040574448089299876,0.004152984337357612
1.3939961346956222,1.29876026338116,0.9316813949880449,0.878514077906821,1.3767411216289895,1.2840288204739492,1.3131500883134795,0.9380494671501292,0.8844832424900142,0.010458270082630942,0.008898176011489083,0.0038715338505827665,0.00359932522684495
1.3545525265120748,1.2820268020429262,0.9464577983875606,0.897986157737605,1.3372678968178648,1.268241405916001,1.296777043209072,0.9528813220116319,0.90696295601344,0.010412490093450936,0.008643926277992804,0.003791330443321368,0.005227478158873067
1.3759704553747814,1.2861938782688278,0.9347539936229949,0.8827918886170869,1.3591123205233755,1.2715239514911523,1.3011497288327467,0.9418602617455526,0.8895010395816367,0.01026065828588909,0.00901242741477964,0.00416786132114118,0.003949383451526899
1.3704677561703034,1.2821490108275513,0.9355557655806847,0.8796017072228317,1.353278520072454,1.268042665169662,1.2959402808870482,0.9419057763910292,0.8868705169123746,0.010523706157034164,0.00862328008872669,0.0039019360016561686,0.004339128002459972
1.361956674802854,1.2718490899545902,0.9338396099411114,0.8884116473735681,1.3433049748635433,1.2568893679066016,1.286322176938308,0.9403084304625973,0.8966147762707106,0.011320120288271064,0.008990093052017312,0.00393800438620161,0.0048529542561959686
1.3717420299995626,1.2883218428660823,0.9391866799229686,0.8816654113915223,1.3572047486573615,1.2749157068726418,1.3020548918648958,0.9454878261480504,0.8871924254793984,0.00881382721456239,0.008245077354890443,0.0036998757749601595,0.0033764339365381533
1.3632328757434118,1.2886391900303862,0.9452817731729457,0.8854428792556274,1.3462131281819443,1.2728802895383668,1.3040880494509883,0.9518868690547009,0.8926028847789238,0.010456585981833525,0.009439495077073087,0.003961902757080399,0.004270292542435303
1.362625770853619,1.2791904812785535,0.9387687424091523,0.8928635230665839,1.3463565248871479,1.2651606065550085,1.2927014195896391,0.9456694690011767,0.9013283061443395,0.009825782718872612,0.008395458481711086,0.003963033098103826,0.005006611770042184
1.3688569948430547,1.2832175671312671,0.9374372720931258,0.8838232448123857,1.352158359236413,1.2693864531319485,1.2976284280585146,0.9438820216659772,0.890569632905657,0.010095392511224894,0.008712221432445077,0.003888863528906337,0.004016403138372004
1.3656389281194403,1.2818505082605824,0.9386452611055551,0.8846074639160488,1.3504012051096792,1.2690443875377126,1.2952058122003465,0.9448231315657224,0.8904812477515387,0.009342488021924448,0.00798959093740401,0.003730353122511061,0.003565256309585539
1.3650181245074862,1.2836621200645384,0.9403993229230551,0.8856811653104015,1.3481960152485788,1.2690660515587426,1.2979068762664583,0.9467132329330998,0.8933376707454633,0.01054731642055844,0.00876049877992695,0.00391876904166561,0.00459930065737439
1.3845467352571825,1.2980264202977025,0.9375100076030235,0.88448328253483,1.3654538338559805,1.2824283676295158,1.3131862634187135,0.944752028706671,0.8925675608370637,0.011426526910739173,0.009455097563719973,0.004255210748716418,0.004799271932492169
1.373566477266152,1.278180867546347,0.9305562480604116,0.884905723962458,1.355033715521849,1.2640549483617922,1.2924595707497883,0.9366714826219219,0.8924410468997196,0.011085075619560623,0.008646094576935116,0.003662019728672596,0.004449151505139289
1.3674944857446287,1.283979148422254,0.9389282090765442,0.8852713641387138,1.3503419215867942,1.2698056296999698,1.297696301239178,0.9451471448119292,0.8931847577284893,0.010021640715586946,0.008376099163382021,0.0037461024814788835,0.004696221811690186
1.3753636385137533,1.293055875244582,0.9401556352339554,0.8849948625793721,1.3599001427173263,1.278788797532895,1.3074243457028352,0.9469070151859991,0.8911547757156734,0.009500468291284179,0.008703823947113557,0.0042227430245935825,0.0036345423529970155
1.3705374457750807,1.2861138430676216,0.9384010973449068,0.885779343193128,1.353583134737886,1.272016087719584,1.3001188111516313,0.9439783938732527,0.8933756507054633,0.009985626703807515,0.008343306575450488,0.0034615447460286703,0.00435183068931489
1.36864384327809,1.2847368336975067,0.9386933204042225,0.8891947812845473,1.350806829655472,1.2707494564139212,1.297812177066331,0.9451290995390023,0.8972077389397461,0.010284358166605653,0.008370952461367242,0.003911819827941323,0.004551174772811901
1.3746532894863859,1.2800385629751991,0.9311719345999326,0.8817448948063257,1.3574443845105235,1.2663191178337712,1.2944267773617755,0.9380442236143788,0.888022772246811,0.010555551008505993,0.008791818224128129,0.004111336526758813,0.0037300126114586185
1.3568448207205803,1.2770994076666444,0.9412273151386719,0.889575092509889,1.3398225932374448,1.262892186718644,1.2915994833460052,0.9472439896299708,0.8972199044669452,0.010294480412010858,0.008703335745929415,0.003827815175123078,0.004767423057706311
1.3538995314631397,1.278902378140093,0.9446065593641219,0.8995185757903637,1.3352379829402634,1.2639218932465812,1.2936162765597086,0.9516004526984606,0.9091212018429111,0.011099913191104737,0.009244574412190709,0.004142496256514269,0.005509312667199962
1.3617968210089841,1.2818224719645974,0.9412729213267423,0.8841930048921097,1.3433051987966602,1.2663670027406588,1.2963989263850417,0.9475126041662585,0.892309439956435,0.010850853068087085,0.009158333713467777,0.0038345536308990033,0.004842026769653165
1.3580257698187377,1.2803122775841196,0.9427746557084915,0.8919198323868336,1.3390901355583373,1.2650133063023314,1.2959675814352118,0.9494065892460634,0.9001840919535583,0.011696175854072831,0.009322852008644142,0.0041843285965922185,0.005015941387142146
1.370718397660604,1.2880521152004398,0.9396912724004798,0.8838921891109038,1.3531878515615365,1.2733282532726498,1.3041245591563662,0.9467092897448356,0.8912376665147557,0.010713154780299562,0.009364670811370664,0.004165514572787829,0.004241137853283802
1.3609713410632247,1.2811642778840349,0.9413602176833183,0.8892744688294865,1.3426193391955585,1.266542581506288,1.2959866535907334,0.9484993369198539,0.8974853720612546,0.011177977762660728,0.00898292925186701,0.004340729693592455,0.004897571762260973
1.3755662279141467,1.2919283480107717,0.9391974895820173,0.8818204937005125,1.3596954109757287,1.2779998088220759,1.3059634711576844,0.9460023224650621,0.888586158611133,0.00966957732537831,0.008387933608369482,0.004009117691131195,0.004082839936059333
1.3575325122376705,1.2809378259710245,0.9435780096784627,0.8995818237298917,1.339622701668475,1.26595792027361,1.29497346151025,0.950451336490101,0.9080849938664755,0.010718544077492892,0.00886213496919444,0.004181711440934796,0.005058595688173956
1.3690809634275567,1.2886832332336136,0.9412761316959197,0.884181724618339,1.3515788091357206,1.274520834480948,1.303440279713213,0.9481606909420232,0.8914014767346442,0.010510829224232939,0.008820657356445247,0.004144240004714553,0.004137151879652112
1.3750652579241764,1.2986847993147907,0.9444532118245129,0.8953662857969338,1.3550287240985368,1.2822642019201476,1.3148246799334475,0.951841240524222,0.9056999704566068,0.012276598835048315,0.009973365242430185,0.004558349299200635,0.0062689416135359366
1.3601261125321262,1.2780031008473052,0.9396210315145455,0.8936186524758727,1.34124179871861,1.262512778689654,1.2942042128012985,0.9462274925118573,0.9024824549942188,0.011420819975863132,0.009463430665966086,0.00398955602906498,0.005317535737530985
1.3680036325109732,1.2744142886207444,0.9315869185826317,0.8851035581518852,1.3510342687092145,1.2607412356799517,1.2883075853730472,0.9381953142909467,0.8921954484985005,0.010364966383394179,0.008527515283123857,0.004088994236628886,0.004067269452644497
1.3694394991913057,1.2877140089909351,0.9403219417516204,0.8849997026110747,1.3520438851174819,1.2726877281618512,1.302417515279525,0.9466637733748857,0.8929458418678505,0.010515948881192482,0.008975698314922412,0.003925261020171457,0.004431641277334877
1.3720042809994228,1.2954500122072488,0.9442026020965409,0.8897823991635764,1.3540375815096783,1.280849900870336,1.309298529910013,0.9502133213823368,0.8980023795101965,0.010584947100348616,0.008621247321976359,0.0037141941612900183,0.0049653989522070435
1.3606485321975559,1.2726481104537828,0.9353246487528668,0.8894768211619221,1.3414591259350952,1.257695960411476,1.2875855796456972,0.9419044811680607,0.8977195456887309,0.011073004917743419,0.009174258521158711,0.004054364731244,0.004934914749326373
1.3484087996582657,1.2703164182349773,0.9420855296679466,0.898243113029475,1.3294911544381696,1.2548541879134212,1.2864706152627676,0.9485946103607688,0.9083762114432808,0.011365235332758112,0.009645742392101387,0.003997387335180139,0.005862997341024533
1.3653671804170444,1.2866528280075358,0.9423493155991447,0.8854046180867926,1.3470978353722338,1.2714856047335297,1.301469813572064,0.9485949758125174,0.8929222012728469,0.01088912970370881,0.009369336005572337,0.003956652601254297,0.0043552709022238265
1.386936107745363,1.2931754546627756,0.9323972801926637,0.8846262080667991,1.3692494123740035,1.2784920137013935,1.3081826200759306,0.9389766441897672,0.8924860409291161,0.010812419918908623,0.008942574921008533,0.003888493838191116,0.004731821037133453
1.356486744577327,1.2832572286562711,0.9460153103494765,0.8917634635691658,1.3394659997685896,1.2681433446955137,1.2986816433640471,0.9521320966691248,0.9000269559392313,0.010561439915568013,0.00939121547785955,0.0037615363575463556,0.005165866543149577
1.3720487498087743,1.2880418646551928,0.9387726673958999,0.8882171483789443,1.3549836383209866,1.273551332737177,1.303018857959091,0.9452312493135546,0.8955127074334404,0.010321466465511466,0.008844260000365487,0.003964128127664336,0.004401560726217214
1.3607145406524377,1.2788784720058763,0.9398580185618342,0.8849208951374226,1.3451165995723937,1.2654908271766028,1.2921397843203783,0.9462181080880573,0.8915524730669065,0.009751230078928102,0.008141449380070408,0.003933630636170488,0.0039378498547109194
1.3703172071593124,1.2894206556848904,0.9409650911104578,0.8864044900228898,1.3526749420585094,1.2755960362622822,1.3037394165311553,0.9475191043971767,0.8947588617117884,0.01046664540563936,0.008733530181581885,0.004100701163967436,0.004887553819768337
1.3684278087347201,1.2805412639830518,0.9357755343828256,0.8910449924955656,1.350905413075998,1.2668666708418912,1.2946633186823853,0.9419223125850633,0.8992645963425557,0.010762229522201327,0.008442245794670457,0.003854873737068557,0.004670605682445829
1.3535047361299053,1.2847536269407493,0.9492051210801545,0.8912572093808597,1.3367238433805289,1.2704708359353392,1.298678851364965,0.9556232911628031,0.8986062088087943,0.010002445079197082,0.00878221870867681,0.003983863892845198,0.004191701834896562
1.3706953381598828,1.2878042735099136,0.9395262664559376,0.8864974143985018,1.3517929866212852,1.2728621918502079,1.302044696338078,0.9452444882388443,0.8950296237924492,0.010975051862264815,0.008960078144587403,0.0034875773499546564,0.00507241765102958
1.3752773882014593,1.2971901648841837,0.9432207466019671,0.8828032219755254,1.357646038362467,1.28231989212553,1.3119015532608005,0.9507105927171953,0.8898008995444479,0.010318903988417548,0.00901588458968262,0.004351105216345784,0.004079329591903495
1.3641526871154162,1.278727429895615,0.9373785221942875,0.8896883213775775,1.3462511457043396,1.2638910000523211,1.293182716699346,0.9434594408898607,0.8987357104084188,0.011339642737750802,0.00893309461153317,0.0038466217242494735,0.00549508774062604
1.3769564083643566,1.2936777152794656,0.9395197316494462,0.8827039615768946,1.3612421547422144,1.2803228021015456,1.3079780116328545,0.9461027149714276,0.889546359374402,0.009601969004813376,0.008515557143285137,0.004022566324137809,0.003950851456577612
1.3414979955021022,1.277697493412189,0.9524408517166411,0.8864982324428733,1.3229378000270693,1.2618369536207088,1.292248735160491,0.9592373939039596,0.8953996631861731,0.010936111332119955,0.009276771696103572,0.003948085819313232,0.00503225750813848
1.3688378952747036,1.2894443295151814,0.9419992929523703,0.8874711551513507,1.351177788324564,1.2748810921564193,1.304590946575724,0.9483149758266756,0.8952930051691143,0.010440957764084945,0.009058343707453653,0.0037355793212451366,0.004573940644263576
1.3757244004752551,1.2998971304768987,0.9448819327678122,0.8790059265460795,1.3591103286033106,1.2855620500213873,1.314489332100107,0.9513689103640924,0.8859742528065333,0.01001260438694415,0.008976481068477055,0.003888518211732136,0.004098612253967967
1.3838525007163283,1.303691256874344,0.9420738526681924,0.8870333905194926,1.368103926271725,1.2895626263033784,1.3177035302423865,0.9488678920039392,0.8939092469112173,0.009405983750566022,0.008565157361085068,0.003951382406058775,0.004070461560060728
1.3561111693515508,1.2668705838346344,0.9341937537764042,0.8897129874982285,1.33817825206984,1.252413942688688,1.2817720240858888,0.9402176436834199,0.8981759805281191,0.011262235663915527,0.009044114956543137,0.003739074316676982,0.004982820686907867
1.3758065823353014,1.295871819702739,0.9418997091169017,0.8863004014899537,1.3575948122263755,1.2807259280224408,1.3106580215369887,0.9488796030106167,0.89468309656275,0.010803969175169778,0.009183850568648243,0.004234398749934424,0.0049675749399040224
1.3721427210819563,1.298433173600388,0.9462814280547673,0.8856834223392579,1.3573569754880943,1.2837798083826002,1.3130815307863075,0.9531223067861628,0.8920484517637718,0.009442471554611446,0.008850438278493787,0.0042590991765553855,0.0038518101721523243
1.3657419753487918,1.2801578941012557,0.9373351022431019,0.8840629405265363,1.3477315227840745,1.2651829616217731,1.2952403381444573,0.943867203579916,0.8913683987662169,0.010841245065712093,0.009102231764929785,0.003826924094734048,0.004375788360257968
1.3607355167883297,1.285805023357686,0.9449338298984816,0.8850055637580696,1.3445670164287866,1.2710840310808758,1.300356037554631,0.9516407165196877,0.8911244166151112,0.00957899859760323,0.00875702957429619,0.00396720732000011,0.003812229868750716
1.385237243829182,1.3008214056698324,0.9390603750112864,0.8855387813522355,1.3683993768369616,1.2857659647758435,1.3141828105520688,0.9452922462994989,0.893025448048468,0.009888973855314048,0.008478844837564607,0.0037654195749076873,0.004398505254647569
1.343849408843769,1.2683970096932529,0.9438535310177095,0.8979241981471447,1.323577371507374,1.2516435567461053,1.2845664531580252,0.9505667466034017,0.9079154115841219,0.011949459000174264,0.009698181449223797,0.003958163192690386,0.005753132377839195
1.3526566891052871,1.272861859485219,0.9410088086188017,0.8878932827331146,1.3323916135543348,1.2567998448658215,1.288356310913811,0.9481468992474315,0.8960933853343296,0.011390842375325345,0.009332058241309588,0.004147354285439326,0.004883116388402877
1.3499929384515437,1.2781883919303605,0.9468111688024503,0.8904544104046969,1.3324864004267352,1.2628091216037518,1.2935118858349781,0.9529018621652967,0.8986261945398035,0.010607294202600903,0.009478014341676052,0.003742725716700535,0.0049144569268179785
1.3556828104858591,1.2836081810423723,0.9468351823258302,0.8875806797916018,1.3392713614385217,1.2699829936081455,1.2978273454958047,0.9532825999247195,0.8943331089005206,0.009842908181164829,0.008635974971590172,0.0038668051245541544,0.0040911380526920645
1.3626051020651215,1.2858534667423474,0.9436728695596018,0.8856593466622965,1.3444726546866488,1.2706169378103078,1.3003775733906104,0.9500771269368253,0.8942655062580789,0.010350862575593209,0.008998426237648611,0.003950689654511817,0.005037460658071266
1.3569242632352587,1.2856270367490066,0.9474567384355991,0.8946875388467618,1.339341327631542,1.2710825714667158,1.3001294736585376,0.9547646824556372,0.9030089028734258,0.010415685012306235,0.008774112677948457,0.0043481184401976064,0.004854295747489693
1.3780590277551605,1.2887074349247074,0.9351612731887068,0.8857398102674878,1.360033820262752,1.274387136364112,1.30370812168933,0.9418633634317249,0.892861329554391,0.010850186304800941,0.008885154614541783,0.004010851729683723,0.004373222985618981
1.3780351602895553,1.29664747133206,0.9409393233911434,0.8852691704045489,1.3614880650989825,1.2826037845445928,1.3104873583371548,0.9475537846233605,0.8924348592340592,0.010246876456072876,0.008710804121815754,0.004020028991443841,0.004248940051823109
1.3735298412734074,1.294268845413034,0.9422939396883506,0.881645988893705,1.3580048605146449,1.280583348892682,1.3079011171612114,0.948708256950871,0.8879615787626686,0.009826357414915441,0.008284980864610351,0.0037604870202635698,0.003803703925010775
1.357825128581925,1.2904066124450866,0.9503481599230319,0.8912992249685798,1.3421925214534438,1.276522325474549,1.304193358193177,0.9567126840724833,0.8998446866170393,0.009342077846300272,0.008374533677093085,0.0038868854796872414,0.005043518227461465
1.3738149973929943,1.286005580401445,0.9360835213196974,0.8803408850763584,1.3573762528900644,1.2722312985224737,1.3004902196553176,0.9423426002424883,0.8867342831959241,0.010139619034155674,0.008482123349930723,0.0037525731005949984,0.0036785707812633708
1.375583141762452,1.3013554130042346,0.9460390822592418,0.8797372455346002,1.3597411337387726,1.2868625643911111,1.3156056838634016,0.9530052530797354,0.885221263599399,0.00941602688546471,0.008729136311587319,0.004125691499404532,0.0033497535531386955
1.3484308071334583,1.273106300198296,0.9441391382214934,0.8938930251678618,1.3316234010782517,1.2594817666552938,1.28704793360211,0.9504462439415099,0.9029724051868867,0.010027773470335084,0.008365968141066375,0.00362589128780079,0.005128345472907715
1.3686405431532565,1.291181963534729,0.943404731062498,0.8853454010857692,1.3527127181167093,1.2771863728395159,1.3054941027925822,0.9498031085800793,0.8928130969505352,0.0098712457061107,0.008578147652447646,0.003806373080653205,0.00443681915174309
1.3821506439140672,1.295739392832173,0.9374805839997375,0.8856568358972418,1.3657024805047764,1.281690948704466,1.3097881390457684,0.9438163524497825,0.8933400124193429,0.010170598529075313,0.008542871679748239,0.003742257062925824,0.004625073641777108
1.376420548946634,1.2813979486443658,0.9309639772706182,0.8885835809692697,1.359479303349393,1.2674577379065504,1.2953252764048016,0.9370221652396383,0.8967153577828205,0.010555828626386047,0.008411174439800554,0.0037130700923222017,0.004932569135796573
1.3767233009708737,1.3012183050321988,0.9451560121881948,0.891587771724758,1.3600838536314759,1.2867346137499163,1.315656368755435,0.9518964040699344,0.8992855691677212,0.010122784295710835,0.008671353162931328,0.003987132006853626,0.004608796431580134
1.367795525642241,1.2888668796660026,0.9422949962208877,0.8890419384740668,1.3521303474368334,1.2751884155698316,1.3006897323645534,0.9488805620586431,0.8956264728475828,0.009347197196839815,0.00785724165966548,0.004038852726228262,0.003958419610909325
1.3689264594108597,1.291956159715812,0.9437732398509026,0.8918621237563873,1.3515522939541347,1.2771904399379306,1.307558262719492,0.950626861040405,0.9006461440733421,0.010924917889085232,0.009261372884507594,0.004150002832987091,0.005211955067989227
1.3829799876408233,1.2930025818791742,0.9349394737698711,0.882234156820623,1.3659269237876257,1.2792405717496937,1.3076273232098492,0.9411759299660435,0.8885049752440036,0.010265554106360522,0.00842021885432668,0.0036874216156674087,0.003766684820698581
1.3562498074375327,1.2802086858861828,0.9439328056421845,0.8919349928895633,1.3363292803059703,1.2643662899729584,1.296426378934942,0.9513600233443029,0.9006201587363776,0.011749186271456604,0.009640144014415673,0.004265836203585769,0.005006838474211078
1.3690166000666941,1.2848481223684514,0.9385190232944273,0.889858638570532,1.3529060314889232,1.2710704106996766,1.2991429781550385,0.9447082167017972,0.8983008190025848,0.010232887094083338,0.008437252706756536,0.003938960990513296,0.004799059085629113
1.373842545439731,1.2824128928311935,0.9334496861288619,0.8814555929762131,1.357901149923343,1.2688917595560862,1.296067285681011,0.9395987239293428,0.8885403955694261,0.009782195155048133,0.008362492793607356,0.0038285343449036714,0.004131533631862144
1.3584728381057143,1.285528342711267,0.9463040457281702,0.891715447291621,1.339672673523966,1.2692514401344401,1.3011176608202584,0.9522256215070106,0.9022094087370138,0.01148334492638132,0.009432164848996725,0.003590417846070841,0.006004736987359361
1.3674427214263962,1.291697657964907,0.9446082367658672,0.8862960520857441,1.3504300050283513,1.2766214274455212,1.3057920216400813,0.951262941296867,0.8943566949625567,0.010311607060156729,0.008834110069927773,0.0041435908566508535,0.00476389290619369
1.3528001400070004,1.269046053246772,0.9380883514989915,0.888597092674765,1.3361173874242678,1.2556548509689966,1.2829378022802052,0.9446313901312322,0.8969097829712174,0.010404906067584416,0.008332927329847783,0.003911705702169704,0.004931248131466766
1.368666551787656,1.2783940388513015,0.9340434579785363,0.8888541571697122,1.3522892489524156,1.2643599702647426,1.292987723548842,0.9399487879561946,0.8960454867551172,0.010665170993472004,0.008709532803190135,0.0036031985059070916,0.004399522222120568
1.3793218225942132,1.302439635870528,0.9442608784517843,0.8839830638615274,1.3616730959910028,1.2873182124413238,1.318099625627336,0.9507446901751682,0.8922408632195908,0.010437008565749509,0.009351311101415787,0.004074073955717426,0.004923122539903408
1.3728866306383947,1.2881854996399036,0.9383043514968858,0.8776575107782578,1.3567047879644314,1.2738892391548775,1.302548561895741,0.9443902239965115,0.8834679648461282,0.00990008104236162,0.008872078465348888,0.0036037017025238338,0.003449542119879522
1.372863461264089,1.2946088961144926,0.9429990182144244,0.8849559361489857,1.3554926744591382,1.280683485125216,1.3087503228074437,0.9495899908758053,0.8913524809202795,0.010478012592331392,0.008708146105527212,0.0040696489523915635,0.003895249628953487
1.3680621582176142,1.288958919847942,0.9421786225907073,0.8884703236773143,1.3497606510682507,1.273068569934277,1.304174683778026,0.9496975031795334,0.8969909966771713,0.01096170527820372,0.009398655752039803,0.00440914071219597,0.0049582646196368345
1.3839097504779645,1.3053491165714504,0.9432328344537052,0.8779019053058984,1.3682128682765269,1.2908656870418518,1.318988107051241,0.9495249650816274,0.8830713343840554,0.009386477542425328,0.008601197575233034,0.0038859317709309016,0.0031986091389601856
1.360473290992934,1.2804879874003272,0.9412077369529026,0.8877600175169695,1.3438290076260357,1.2661095072605215,1.295164316115367,0.9474987174045544,0.8960129101617608,0.010586939290683585,0.008711965108647374,0.0037891381007831557,0.004840141018597628
1.3810184551068658,1.2974766360828784,0.9395070944091599,0.8806521720381886,1.3649961307611784,1.2832954505174103,1.3121591282515894,0.9459675407335745,0.8863945045618247,0.00995942620354462,0.008868042035762481,0.003955270403887423,0.0035390731003592506
1.3711550201934817,1.2972543170207376,0.9461033201320183,0.8863810530912454,1.3553863504609442,1.2823724638779541,1.3119978214731267,0.9523122606975495,0.8936678031920766,0.009584191675133247,0.009007952283121281,0.003934067613630399,0.004314102213111402
1.3833748725501303,1.2844017191684416,0.9284552905032601,0.884878859721318,1.368165548653632,1.272368000220838,1.2963271509113763,0.9344624344854359,0.8902177229272691,0.009342551021542425,0.007357183837905697,0.003796114157151617,0.003396666023943765
1.3618940313842705,1.2841265974944478,0.9428975881399689,0.8819822793383257,1.3450517825392454,1.2694407541484871,1.2982577864506457,0.9487300106458852,0.8888395940625804,0.010018141551737282,0.008701981437291093,0.0035237650712801934,0.003979609896720279
1.3685110561782534,1.2872144598759767,0.9405948560406168,0.8862756257191285,1.3513655008057675,1.2728583328397134,1.3017318818179828,0.9468408138707084,0.8944516402740009,0.010512991363680512,0.008948064345179493,0.0038807068180555042,0.004771690369593158
1.3754121171854434,1.3016651464340032,0.9463819099526684,0.8871743925335861,1.3581154171231162,1.2861383582326942,1.316538536348991,0.9534071777357394,0.8960861490313539,0.010364297887453208,0.009175722942039182,0.004232811205277963,0.005110293793236129
1.3665341420238544,1.2848196501578812,0.9402031099311189,0.8923069735439398,1.3481862065658217,1.269555200805761,1.2994677291657095,0.9463211548740396,0.9016212977127229,0.01102906221102932,0.00920043449409705,0.0037155662197991463,0.005414578586083135
1.3774504693986425,1.2892301371075134,0.9359538987055965,0.878559091151908,1.359944331979089,1.2739943125672315,1.3040726345382485,0.9419446682022261,0.8850281426833218,0.010599045635768491,0.009190603440460006,0.0036693729507109446,0.0038257745320674436
1.3747708414420208,1.2927428558518688,0.9403333391155493,0.8829302718715893,1.3584430455321233,1.2782223303425408,1.3063382466612568,0.9468941613778531,0.8887546945755213,0.009855318285444978,0.008453446495055451,0.0039342693245803416,0.003537299069546022
1.371410410255801,1.2832002469603612,0.9356792374946414,0.8848194754282992,1.3531919080108594,1.2682220806463116,1.2979439694820005,0.9417638097117972,0.8927498348928296,0.011117482857538651,0.008955563253044375,0.003785760605500402,0.0047844201796530626
1.3525132773089776,1.2666247986530845,0.9364971271655235,0.8890373358340934,1.3353844804719508,1.2521799957590367,1.2812214496836454,0.942858032802163,0.897201575163756,0.010598340958380812,0.00891076065929735,0.003795127607791374,0.0049352198931346
1.3705460581678175,1.2858198395871738,0.9381806849352382,0.8850567945261936,1.3536878726552026,1.2711296238135374,1.2993150357637844,0.9445867654776033,0.8924556211892837,0.009977719376051545,0.008679926103281799,0.0039246714475072815,0.004222135684523054
1.3659504132231406,1.291202358454644,0.945277622053557,0.8953112115019182,1.3475148883145145,1.2761543725066125,1.3065587556420029,0.951756661495415,0.9041659474387104,0.01077275111732933,0.009391349741640114,0.0039886365401765956,0.0052798829954876425
1.3772549340854168,1.2951624272167273,0.9403941094440849,0.8865692059971875,1.3577970844540233,1.2797771559731683,1.3097613909923025,0.9467199693614038,0.8955873437200733,0.01112654811971716,0.009146233577582881,0.00376346580719593,0.005068603141112482
1.3708470880402193,1.2887824141931383,0.9401357929975971,0.8885471898197242,1.3556593305040983,1.275992563694056,1.3027278211567057,0.9469445557898629,0.8956972027268312,0.0096889095601948,0.008417854157093748,0.0040076086453698255,0.004138437897307897
1.3686764740276447,1.2844086622873483,0.9384311681106646,0.888855187498398,1.3508045396051491,1.2695397022942705,1.2989640510887073,0.9449458344812994,0.896159217602944,0.010281438063008649,0.008819156823133929,0.004053918382464295,0.004415300728825915
1.3766306477800796,1.2919758752431276,0.9385058202260249,0.8859380366212968,1.3595738496877348,1.277973937048897,1.3066405577579443,0.9454082602990154,0.8935309268344157,0.010612107085424887,0.008661984129280837,0.00408870780765474,0.004446045630017421
1.3701857644277835,1.2847506302227054,0.9376470428878252,0.8859104553038917,1.3515027010595497,1.2695799130582692,1.2995272615087115,0.9440661743866255,0.8939422945981074,0.01104369024861596,0.009204460406351688,0.0038719092342064214,0.004528996169513719
1.3606225380306587,1.2870503406215772,0.9459275476095166,0.8927389970790799,1.3420069631573959,1.2709850761497197,1.3021855206068882,0.9524145930719369,0.9025582735492859,0.01117089585709452,0.00962570921081723,0.003965691540076471,0.005490729297334693
1.3592512720288439,1.2781827434080946,0.9403579527280891,0.8945052493275655,1.341090858228211,1.2636007346400944,1.2929157693163067,0.9458701863139122,0.9034376625421144,0.010762352587994286,0.008886046180100315,0.003378108424793607,0.00520251697426714
1.3890931959750838,1.2982239267986908,0.9345837489956124,0.8819047701176683,1.374120272289772,1.2860002392423817,1.3113738662984946,0.9407581259070724,0.8881605607265292,0.009515176491653444,0.007806097797346112,0.003906081929964855,0.0036948039198393587
1.3702410289524662,1.2870988454545385,0.9393229499473614,0.8803160283906211,1.3521445896706579,1.271862527076017,1.3024190203717836,0.9459750412651078,0.8877941322368731,0.01097973338048438,0.009275624714955773,0.00391916791054637,0.004518322577713923
1.3654403703930418,1.2898066605727903,0.9446085589233894,0.8867510830538247,1.3486173742113485,1.2756703492193615,1.3044299415762417,0.95099253913541,0.8941257447732097,0.01009166275625518,0.008723339986980353,0.003896042490416883,0.004406693532398408
1.4000859655302103,1.3074118786256759,0.9338082880721978,0.8883284227402388,1.379766816436779,1.291775382392416,1.3223581178381354,0.9411168523426875,0.8966322058036006,0.011504108357411775,0.00925504404994834,0.0042617209986770465,0.004895193694774718
1.3740468367617416,1.2846746430003715,0.934956952434026,0.8891979434908615,1.3554931681707127,1.2702279916499521,1.2993218163026938,0.9412796574258772,0.8972462319436114,0.010996618389160008,0.00869491059047557,0.003910483895827784,0.004728140989609062
1.359549954021745,1.2729454736485792,0.9362991553808102,0.8898305084745762,1.3417393475285255,1.2577023326357772,1.2867764094309264,0.942633977559819,0.8980634434963138,0.01054744808309509,0.009046304049854459,0.0039040746531961512,0.004785157511110836
1.3621979796990964,1.2806966602972771,0.9401692554118877,0.8898081647869421,1.3438667900032228,1.265084687374712,1.2953525388921259,0.9466182361684108,0.8976688059456273,0.010729062696425158,0.009177828010007709,0.003996250941234532,0.004530597430020571
1.3740463250295747,1.2986323850963555,0.9451154312926123,0.8839713515671791,1.35853273403449,1.284519921113589,1.312594364257766,0.9514127395950103,0.8908063957581069,0.00945359204022522,0.008676388559335491,0.0036706299048622536,0.0038851756548891133
1.3758894431642652,1.2885636347990739,0.9365313769946808,0.881384552385422,1.3583771387533354,1.2737087480700007,1.3025232552729735,0.942699093368832,0.8882760393939582,0.010176529153057744,0.0087166098653498,0.0037854020624987833,0.004029725225469075
1.3536697380202767,1.2793965232491344,0.9451319530273568,0.8831974121633444,1.336593945969302,1.264231186202027,1.2940510592448784,0.9513909962832311,0.8905520241393271,0.010063439709203472,0.008969970286220628,0.0038957550987199375,0.0043529006491685104
1.3487334123080974,1.2770765373471638,0.9468709870260374,0.8910171671915894,1.3315456133343526,1.261755807338373,1.2922972372674861,0.9531978347588825,0.8992592342472173,0.010700918115780288,0.009285300641721046,0.003999792278816501,0.0046477771144457745
1.3672884690166296,1.2909862839285997,0.944194523089259,0.8811016541542065,1.3498925825395998,1.2764707697148705,1.3051911258473128,0.9510468924371444,0.8878006998629981,0.010294917186356117,0.008825851252360873,0.003918324586589721,0.0039372287679942265
1.3689045057371187,1.2891819921839007,0.9417618152185937,0.885681445439388,1.3517291237805409,1.2744942904108691,1.302764037511433,0.9483754773637161,0.8933531530619628,0.009998784582855658,0.008682453092473303,0.004003597253457001,0.004551380893432715
1.3623912619234886,1.282995687210873,0.9417233676319083,0.8864827089274631,1.3452942556779413,1.268178277653587,1.2984539731859972,0.947393469571178,0.8935645094032952,0.01072789476337417,0.009306078038391447,0.0035204818551582114,0.0041908938528348585
1.3782608443213553,1.2889921903399992,0.9352309438745529,0.8822404394604477,1.362155772274392,1.2749034818102496,1.3026016093838473,0.9412710949470449,0.8893244534463474,0.009651752087737874,0.008552832656356077,0.003664265500524002,0.0042667013126108004
1.3709562653338874,1.2861161771251908,0.9381161235015514,0.8821375186846039,1.3550522771712739,1.2721955644831577,1.3001119402471617,0.9441931752076348,0.8894237773898019,0.009573127588130894,0.008432332133726943,0.0035666936021154067,0.0043035492497992345
1.3700314267756128,1.292653030067594,0.9435207140538886,0.8909034187877342,1.3540855346945888,1.2792431606731594,1.3062296459643465,0.9505656823737682,0.8984077103384555,0.00971333874210328,0.008178084700661555,0.004235313170905847,0.004506368057322437
1.3596517415966514,1.274596113880538,0.9374430781692437,0.8944035920254884,1.3416422097404366,1.2594032905506394,1.2904222189908439,0.9446394204513306,0.9032180660649805,0.011199392604786897,0.009347307563739183,0.004273636073469771,0.005185264549941261
1.381409996063558,1.2922190120331734,0.9354348207378391,0.8871927086867042,1.3648990131011842,1.2779738679247774,1.3059632400484658,0.9419872474645071,0.8932777599703451,0.009968443022133506,0.008381926207810803,0.003921044530453376,0.00376010183861889
1.3739804361524826,1.288619836301343,0.9378734968816788,0.8888498366951557,1.357443020136932,1.2744108224070168,1.3022538570390343,0.9441755254089345,0.8961231239430251,0.009777555026153713,0.008425489967746618,0.003822589845011397,0.004401242792561392
1.3574584394189007,1.284846903455999,0.9465092014205716,0.8908242541258677,1.338298749870913,1.2682449675846783,1.3008805482856514,0.952947234172813,0.9010879300430981,0.0115496192719111,0.009964362062225321,0.004170745543271415,0.006049317890278046
1.3803445406638108,1.292342828297446,0.9362465603522113,0.887110745956759,1.3644309059064774,1.2780175370757756,1.3064086380240874,0.9427048628414356,0.8931912266424405,0.009728951212975734,0.008472717088182055,0.003932060530193329,0.0038045780651180076
1.344328359144381,1.270417733187911,0.9450204070651967,0.8918959239523163,1.325739975691846,1.2544772431759,1.2870518261858417,0.951729430428436,0.9005644466643393,0.011714463826044425,0.009982305273708594,0.004037211827486012,0.0051672898129747746
1.3724009915669366,1.2980058173410396,0.9457919553519438,0.8851121568424101,1.3570542055237582,1.2835951277154505,1.3121227954466945,0.9521244302669184,0.8909845819432222,0.009413813392396058,0.008573235696178114,0.0037082882955682254,0.0034890089551101364
1.3735042219541616,1.2906818066045427,0.9396999193553386,0.8787671202799844,1.3581639744682794,1.2776772713814986,1.303353961793411,0.9459959600714295,0.8853257038501638,0.009441721802846043,0.007946154153222544,0.003764495914691707,0.003851126994713976
1.3781101080006706,1.2868286791963488,0.9337633268384116,0.8846494695778343,1.3612239628036147,1.272961601689334,1.3006416123349707,0.940524651271433,0.8909719801769947,0.010151251239109309,0.008477815154933538,0.004005616818407734,0.0037412879623634336
1.3690776450564561,1.2918700825698908,0.9436061477116723,0.8840823202453932,1.3525786107538647,1.277008161874421,1.3063946498010364,0.9503954218691791,0.8911698452910668,0.00997531209034313,0.008987688930596876,0.0038994993260201235,0.004168826571863416
1.3648114644829556,1.2787362576326067,0.9369325294443085,0.8833350775295206,1.3467919552385479,1.2643655506970983,1.2932716137253462,0.9433284275684575,0.8905282718986143,0.010605311612327577,0.008958296382894665,0.003743513291963965,0.004176598694334274
1.3672201527874235,1.281590169448753,0.9373692794360206,0.8869104241898095,1.3485852167509076,1.2662150508864725,1.2963843960101022,0.9447780693230262,0.8939570129214929,0.011265106792265354,0.009161567810605868,0.004340120234634663,0.004295523526381584
1.3807621534991392,1.2903407240471663,0.9345133923153772,0.8858423932902583,1.3628654038298862,1.2752027584019658,1.3047827594428185,0.9410206164701078,0.893734412332691,0.010381964022615637,0.008965392481365516,0.004041629184836327,0.004611811675209372
1.348193722998302,1.270128036849229,0.9420960913721955,0.8908728179551122,1.331260978864134,1.255719323306907,1.2838839849872756,0.9487251087236768,0.8987732619027772,0.009970787296703783,0.008481599111623146,0.004001705666099934,0.004472989525901283
1.3803027353813389,1.3000511342888206,0.941859420375381,0.8784668793005479,1.364191519214248,1.2858443284595278,1.3141846968129172,0.9480773208706097,0.8853435474235273,0.010206138389347426,0.008665640002963746,0.0038827216204825902,0.004281688717937709
1.3641139936746574,1.2874974683258011,0.9438342208172308,0.8883769378420493,1.345586853074714,1.2731642308761713,1.3011843636198632,0.9502035695198481,0.8974805375477976,0.010952738567612101,0.00850893966033869,0.003869362047709071,0.005424083989069115
1.361801128246249,1.2745294594963574,0.9359145275035265,0.8844252778238514,1.3458916310060365,1.2616271290532295,1.2884886415076482,0.9430295587451225,0.8911287177523263,0.009820902199153709,0.008184589258719557,0.004285600186398948,0.0040294570181218185
1.3645905245544856,1.2923879787105954,0.9470884895177892,0.8862178662688001,1.347129866121349,1.2772166598453767,1.3076859415352426,0.9534136336619116,0.8937046951096014,0.010756668382377944,0.00917477938184035,0.003764526373675426,0.004427293737524415
1.366462006222306,1.2875044079763402,0.9422174946054662,0.8875315323084884,1.3493244465052896,1.2726343442471002,1.3025832785054041,0.9482256127584034,0.8955963344719742,0.01032153888678542,0.009036526930482116,0.003691900281986024,0.004911716676249222
1.3678031252611347,1.2923061512898053,0.9448042100672084,0.8913156367413019,1.348463204800127,1.2757588314876118,1.3072606741138144,0.9517183256191547,0.9000319889537541,0.0112641203656119,0.009568518507901283,0.00415744001880977,0.005041444214936293
1.3838609432911604,1.296261327980685,0.9366991201427058,0.8874697127033576,1.366409796978397,1.2816254027163425,1.3113415881811556,0.9432095925756275,0.8951236511658082,0.010760887873432842,0.008930274601118277,0.003963044410237794,0.004620450789055669
1.3784920115855368,1.2937740671831888,0.938543028403258,0.8876959920473544,1.362237835149248,1.2796745632996316,1.308363938804593,0.94592586748111,0.8955209911542888,0.010091824644417014,0.00875151029260866,0.0043662326066984565,0.00449294765869501
1.365010811758518,1.2748455875008349,0.9339454138524186,0.8895563157466594,1.3469863792075842,1.2606185987283507,1.2886846849348175,0.9402747583853325,0.8982695486870605,0.010689409423934615,0.008563063984883837,0.0038116803692955794,0.004889251044699056
1.3764241236507908,1.3008732312379239,0.9451107466697999,0.8831520555937753,1.3588957268474504,1.2856858759937608,1.315676179370553,0.9517521362173922,0.8898609794918915,0.010397300119789296,0.009045091439499825,0.004063542325483829,0.004133995373636109
1.3594562825130052,1.275804611339233,0.938466817763982,0.8822587914968771,1.340524279105007,1.2603678672423597,1.2908068450073886,0.9447568323524288,0.8891307796168548,0.011639362706470808,0.009430738316465521,0.0038941571456437406,0.004192518185247148
1.3787791525584634,1.2986928622333818,0.9419150701716997,0.8811773022299338,1.3625141247486916,1.2838990024911854,1.3126674135482013,0.9485625523326344,0.8883049113055136,0.009662973307973464,0.008778573639588613,0.004070271221196656,0.004040737721816589
1.3694394008170676,1.2792615327973171,0.9341497929985464,0.8836912736229082,1.351948685193098,1.2652125843638393,1.2934111333404097,0.9398496605549307,0.8901771936148107,0.010336391342336099,0.008716324966729442,0.0035152331721969338,0.00385678595629235
1.3809428272277569,1.2948233118731713,0.9376371608899476,0.8858798051384961,1.3629697852456912,1.2800005547536388,1.3095685587526111,0.944552494255982,0.8931274809377646,0.010822409412915927,0.008973820061151333,0.004133420194504997,0.004219491845765284
1.3596943264372439,1.2727069819145644,0.9360243380947179,0.8836337585505639,1.3407561184068617,1.2581675562136678,1.2876873547191914,0.9430211099825482,0.8925551207390015,0.011376032803838124,0.009055686335090891,0.004132434101013944,0.005127611035877419
1.3764457199814397,1.2892573004243346,0.9366568413912604,0.8893674931954952,1.357884119951219,1.2747469731840824,1.3040927350417446,0.9438390145135468,0.8978310486001159,0.011132334391821888,0.008971579320328195,0.004278717994809124,0.005059539242695815
1.371621364276918,1.292320673869364,0.9421847074762071,0.8810516621389597,1.3556734060434397,1.278161278729521,1.3069689094858605,0.9490969173737146,0.8858152999394135,0.0098235992651258,0.00865437881109679,0.004159165545887574,0.0030201158601267934
1.373577459103701,1.289071979114104,0.9384778197767316,0.882126065236556,1.3582239602739052,1.2756768947813755,1.302576098195985,0.9450174695303513,0.8876289067028712,0.009249944717821595,0.00823072536376009,0.0038951489668522903,0.0032424778636363527
1.378028589417718,1.2875220366408284,0.934321716202468,0.8862744102616171,1.3612361081637088,1.27358072070531,1.3017983919452427,0.9406111047105246,0.8931403568864391,0.010402785968415339,0.008547673769823247,0.0037354476209386536,0.004222278393507553
1.379656671953739,1.286990370468544,0.932833795995079,0.8838472111452377,1.3627999419269183,1.273057503506476,1.3007132221407083,0.938656363238761,0.891475642267334,0.009874729264954562,0.008341470337617035,0.0036334379253372966,0.004425676745786608
1.3713642163372652,1.2953449127071768,0.9445666565275226,0.8868023051581236,1.3543880326986015,1.2803824607918648,1.3098887454721724,0.9503291965242747,0.8946400563004713,0.010126378484060944,0.009015831986321866,0.0034922075027039247,0.004448992362795918
1.3714470284237725,1.2881737942266993,0.9392807505713286,0.8845123974657654,1.3537706601785424,1.2727079373673746,1.3030530175906547,0.945853676301201,0.8926120071110907,0.010534458925976799,0.009200221464965297,0.003921397065481123,0.00475093255842649
1.3728763265686093,1.2875730265041234,0.937865269861784,0.878885738624083,1.3570339122277872,1.2738263973985058,1.301983440375592,0.9441512594290956,0.8839766522869036,0.009717832548589302,0.008458472920656266,0.0038246715690884794,0.003107794665869991
1.3564021773634152,1.2771195167554958,0.9415492971546023,0.8882913024447112,1.339977783129889,1.2639276660653238,1.291912831745969,0.9481138940075247,0.8956828981416027,0.010235597040065133,0.008452719446498152,0.003952255350971506,0.004463604280872189
1.3666078272871747,1.2825718899129255,0.9385076422831068,0.8917829220301063,1.349382852657785,1.2691038538228712,1.2974493677270755,0.9453285117373664,0.9003346964686364,0.010529433464496269,0.008573788794277766,0.00395425168475325,0.004931165573192895
1.3784453834097152,1.292608482888244,0.9377291972866234,0.8821309214479959,1.3614878774877626,1.2781476568280765,1.3066790639317583,0.9440528398221387,0.8895335629132916,0.009933269006227256,0.008739389118103267,0.0038541444857164912,0.004321985889565337
1.3884813658284214,1.3032714104319634,0.9386308253797713,0.8809517472653235,1.3724089071839438,1.2901058432694497,1.3171297555697907,0.9448636161257392,0.8877066027670522,0.00998288651014487,0.008277761268361852,0.0038477034058418537,0.004096729694601423
1.363833310581015,1.2838181534013373,0.9413306915450027,0.8786491426581948,1.3468320134305953,1.2691956360491614,1.2976125755902257,0.9477254934953397,0.8861366713751937,0.010112699151167632,0.0086878835439709,0.003777179541593544,0.004464658664880697
1.3789467815226786,1.283388329807,0.9307018566661726,0.8812191443508639,1.3631708406996388,1.2708489065397202,1.296172103324905,0.9367404460488822,0.8865205542203916,0.009184447373124084,0.007671527767859078,0.003632267309641313,0.0033085574147672585
1.3674410071777467,1.282755936810399,0.9380704030939303,0.8842696629213483,1.3512096701056164,1.2688089345650984,1.2964129029160396,0.9444110433122163,0.891672927931245,0.009860379498320648,0.008352301229411519,0.003694859656208781,0.004503489185668436
1.3631126007790562,1.2786747311058018,0.9380551029863594,0.8846888277487583,1.3445818767099564,1.263812542349475,1.2935330861355627,0.9445632578000177,0.8923298028341886,0.010775823965146702,0.00897839832183575,0.003851378212949689,0.004453930558919416
1.3567580082977166,1.2763924453311741,0.9407664723738209,0.8964319647255251,1.3380983945173823,1.2604225928348687,1.2920700870258748,0.9476825879320038,0.9057779574128236,0.011385872776721324,0.009427102474717454,0.00426504434197766,0.005437073314013936
1.3775881252369793,1.298097705900416,0.9422973979810627,0.8852340665538635,1.359320492724376,1.2823798180443449,1.3128389807131147,0.9490561000594596,0.8928057377558659,0.010602187400730469,0.009169462202480883,0.00410038320932443,0.004540588519495745
1.3887675661003567,1.3009660595739774,0.9367773926540315,0.8774575563472251,1.3718116848477062,1.2859910250116329,1.3157842388778371,0.9437744020082355,0.8836448145944105,0.01013491486946729,0.009037636969409157,0.004155019845531901,0.0036896922080777717
1.365401291618174,1.2770828889792896,0.9353168894880597,0.8883480339109108,1.3471618270189158,1.262610485399688,1.2903236689835258,0.9417629730836773,0.8975035415467841,0.010605678164393423,0.008591123696089316,0.0038259422933700983,0.0052310029173500035
1.3885067396923223,1.3088191749394726,0.9426091624369735,0.8884047043989793,1.3714224674365778,1.2945532030926128,1.3233672419290738,0.9488084176267112,0.8965030600981203,0.010396261462990278,0.008904080196785123,0.003930871501621144,0.004955788469406008
1.3627988976738028,1.2845282810755447,0.9425662753823325,0.8841312381616767,1.3442204245833438,1.2688625769835649,1.3005595011781566,0.9490228945634108,0.8919688190671107,0.011306174172271522,0.009552574768191798,0.0038069562144404188,0.004658413799655781
1.369116104055863,1.281546252470114,0.9360391340615069,0.8880975661319732,1.3519486139848247,1.2665965771930336,1.2962232443882222,0.9424506345482877,0.8950070413108812,0.010277421433230056,0.009006449609214323,0.0038384979490254088,0.004148758066984769
1.3461538461538463,1.2701468760295591,0.9435376793362439,0.8861101521323851,1.328712961815119,1.2552110385136739,1.2852493978061885,0.9501796610820107,0.8942154600151676,0.010609338671496151,0.009105624846325943,0.004097463914954384,0.004721978926754258
1.357742996037879,1.2768313642003122,0.9404072552215842,0.8883894200918913,1.3393304417539298,1.2623765075344546,1.2910924699129227,0.9462936174568229,0.8975884958292901,0.010831884148221248,0.008746344459640816,0.003496988222250716,0.005371666685905214
1.3753305026048726,1.2870875473256618,0.9358387274098271,0.8841486645675773,1.3586435628731026,1.272755018198424,1.3026714061374909,0.9424836606261574,0.8915765754143277,0.010392139110898771,0.008836824064183504,0.0040526976998136385,0.0044011978212744295
1.362781806493814,1.284788480304611,0.9427690288954874,0.8847161246808705,1.3465679659357364,1.2697060890306175,1.299236862351661,0.949263752156332,0.8918119436435793,0.009936443928705067,0.008843901490107858,0.00384465297106387,0.004106092503825473
1.3600550980198423,1.2812084390080594,0.9420268641126534,0.8876913938471926,1.3443542839505416,1.2669340177596873,1.294398874156696,0.9486041779228651,0.8947034894134988,0.009414732110410926,0.008251533548592828,0.003881967256480229,0.004251453562768198
1.3731400324534968,1.3000946345740279,0.9468041160019542,0.8842319467447792,1.3558102545591149,1.2856340742111554,1.3147915123380434,0.9535656515923422,0.8915519217437619,0.010175637092028723,0.008951627733824978,0.003954941804628682,0.0044266088542150505
1.3848049733817371,1.291676767498708,0.9327499484237068,0.8805408868769184,1.367969067518281,1.278002513587717,1.3059411405580532,0.9388503109568151,0.8876366110621791,0.010137661646522154,0.008556641654622343,0.0038966697950419925,0.004169011979363066
1.3686178569565142,1.2828549566115004,0.9373361235138855,0.8830127458413992,1.3531401327060768,1.269658372589634,1.2962391154661828,0.9437255452933438,0.8890226778623656,0.009265967294805652,0.008071193379619018,0.003962069854579202,0.003665188262622397
1.3882144678808246,1.3047730019093229,0.9398929575349556,0.8792291831468105,1.3710364984779058,1.2899164870146476,1.3185971659925722,0.9461355047576051,0.8867830468225796,0.010221401268525224,0.008845954230867783,0.003908670946521662,0.004311697898184055
1.3750525618501772,1.2942118322898977,0.9412089895301852,0.8810972033713702,1.358999724111209,1.280728874221242,1.3082120620019921,0.947934064095584,0.8881422978457362,0.009948073533743619,0.008421820543001798,0.003948285125750348,0.004169606234664744
1.3495335630500294,1.2719976546578728,0.9425461429674112,0.8960312800256218,1.3319246862413117,1.2571295289190336,1.2870114338746248,0.9485561203811185,0.9046687579779081,0.010871295661061207,0.009165154461838321,0.003764399125190916,0.005308531952735739
1.36874740112027,1.2833564834662743,0.9376138229858143,0.8880911747098296,1.3510094207341568,1.2686193468463691,1.297753035610607,0.9437776453652296,0.8955493333106006,0.010728691614311748,0.008828987033585449,0.0039356815854033,0.004506502595100807
1.3643531882189908,1.2875346938699277,0.9436960348593161,0.8829493741628153,1.3464204201683767,1.2725272758505812,1.302727614235759,0.9504461489806213,0.8897779961045574,0.010785174643585381,0.009118399498799843,0.004039008668680294,0.004066742583267084
1.3452769707301846,1.2698639720750051,0.9439423997466878,0.8974150740494496,1.326305117016827,1.2540156500124704,1.2853752142968897,0.9507622017071761,0.9069498840611672,0.011171056495129925,0.009657893258002584,0.004156529942771951,0.005714990161527752
1.3689164463155963,1.297500976283788,0.9478306581646957,0.8875978898940338,1.35201870436106,1.2832635953586216,1.3115232354780038,0.9544413301244842,0.8948314811230222,0.010035828383927933,0.008643380123185747,0.003954263546143643,0.004346367109859931
1.3701950133352907,1.2876869329611143,0.9397836953344783,0.8796842772574265,1.3532589940502842,1.2729694861662775,1.3019561471991925,0.9460905688854114,0.8863677263232869,0.010142418998360228,0.0089375579753095,0.003864499602099399,0.004031810738226895
1.3637272329719383,1.2831399652322228,0.940906608160861,0.8874400822918446,1.3470016896490002,1.2689279757884238,1.2979896500976198,0.9468676776662542,0.8954179727379398,0.010206153079467935,0.009055796382332055,0.00367386893834282,0.00470092107033482
1.3776451040581261,1.2917773616802553,0.9376706365631247,0.8854060197715398,1.3607171188930676,1.2766115110299545,1.3078919725469829,0.9437655820645561,0.8934324749872512,0.010456197925596069,0.00930398836975059,0.0036636621350133055,0.004673033124202228
1.3685963790767643,1.2790494218462531,0.9345702220175985,0.8831923482374721,1.352354826848969,1.2655601912906225,1.2931456492988684,0.940757649643545,0.8892407072455976,0.00996996910729381,0.008406062379121525,0.0036983530539778614,0.0036771316350973355
1.3763688963328218,1.2935394353194207,0.9398203045461935,0.8826597908316527,1.3607877603506726,1.2794787552102929,1.306968243599718,0.9464624588240225,0.8898747188191309,0.009712063088885198,0.008464497320245705,0.0038948343123743558,0.004407650069266376
1.3713150523610629,1.2939838582386052,0.943608003143178,0.8841304365273642,1.3529521941254983,1.2786734648362383,1.3093002976780737,0.9494808412592141,0.892559632364284,0.011019148789102103,0.009391341613050564,0.003567392943666828,0.004835848733639047
1.3630230739147438,1.2670055560670908,0.9295554714478305,0.8896555125170361,1.3453964044356659,1.253189421157743,1.2807197466502227,0.936318916216571,0.8977646719817663,0.01065788637482037,0.008385807336926438,0.003914236925563437,0.004773921034630205
1.3617651960667603,1.2780251878726794,0.9385062796171099,0.8877971169060503,1.3456771500703195,1.2639294427978305,1.292417394706095,0.9449937166480914,0.893862373916581,0.01006067442050733,0.008659740860838056,0.003900428695820662,0.003844671745969442
1.3813015850684676,1.2932595442163348,0.9362615363626267,0.8836270736168461,1.3647171616733955,1.2782181462365017,1.3081609846540845,0.94245936943422,0.8913094660966204,0.0103541690040768,0.00907313258401862,0.0038144160450104413,0.004326431682128448
1.37404947595826,1.2940021675820839,0.9417435035806471,0.8872860574517065,1.356766171261777,1.2782368972600149,1.3086254420899592,0.9487819333994517,0.8946634328180857,0.010312234456798852,0.009149236301819855,0.0041351668494723414,0.0043590457959978715
1.3551272609703087,1.2758136601209817,0.9414714742049125,0.8926797801459803,1.3375596040306565,1.2610027355807945,1.29052864417458,0.9480144141824083,0.9011393569105692,0.010824540453512966,0.008917321067281665,0.004074907753198467,0.00490271544009969
1.3688659048572303,1.2922545694918675,0.9440329873850184,0.8857415607100784,1.3524265268908833,1.2784022702911326,1.306151734041223,0.9498744896114129,0.8933195273209973,0.010044417306048664,0.008488414858109737,0.0036575748686758546,0.004612256906073042
1.3726896196183882,1.2963553743921719,0.9443907463601003,0.8811338631067712,1.3552527218170967,1.281405842434425,1.311068800806836,0.9508988223602509,0.8880122924991531,0.010269661240001027,0.008853405575885083,0.003877104518653017,0.0039628730508860415
1.37407593784072,1.29226495026849,0.9404610871064439,0.8832710610413788,1.356813471333452,1.277494053527111,1.3070203116287924,0.9471850957564906,0.8905898196675379,0.010466321017705504,0.009108569639380336,0.0040132346754187176,0.004294835000862571
1.3616430163649214,1.2861689917253152,0.9445713570058225,0.8865468542246463,1.3442325460703053,1.271459283029249,1.3018829343593672,0.9506955688980312,0.8939940291569239,0.01036084075013309,0.00918845680444256,0.0036658083083311306,0.004213788209020135
1.3555073084215032,1.2741505432293787,0.9399805779823754,0.8881469416483561,1.3373460837679667,1.259095132554985,1.2889432512787902,0.9468817621567142,0.8968932891828832,0.010993268217678735,0.009092200764748454,0.004168714153640664,0.0050782425007339805
1.3591041983393755,1.27790653385716,0.9402564832178232,0.8915563127597511,1.3401840049715028,1.262776350752841,1.2931562703484274,0.9467093073529895,0.9014034161655681,0.01142001066404673,0.009200984021304126,0.0039002775233579353,0.005745627905711774
1.3798205609705207,1.3022598385503201,0.9437892689715778,0.8816761572293893,1.3641290564849646,1.2889849391005552,1.3154081560397262,0.9501030247282202,0.8880941871364666,0.009249537634166676,0.00821679548477909,0.003907814570768564,0.0038114510365570204
1.3659741374747874,1.2841646414787977,0.9401090447091283,0.8893356522937044,1.3478567138903406,1.2698852256088893,1.2977166627583905,0.9468788950946335,0.8973098680534394,0.010464032288527193,0.008517557908758164,0.0041382343522636,0.004542349734799609
1.3592340145344584,1.2871330950400253,0.9469547416239963,0.8870807860164075,1.3410639798257702,1.2715571068208573,1.3020199124094816,0.9542433422249996,0.894177243194808,0.010806084721976349,0.009245832788557501,0.0043805190386435305,0.004349720167122988
1.3777949207748634,1.2966556826054398,0.941109350204462,0.8797936348527804,1.3593656630140543,1.2808590592961095,1.3121669684174693,0.948292353136481,0.8876200856754406,0.011175706093985271,0.009464322415676204,0.004304473115009595,0.004585095818773619
1.3810609314259914,1.2960316912947238,0.9384319415628737,0.8762897695558568,1.3663358310732239,1.283484435670885,1.3092869340278313,0.9443282173131752,0.881788412500291,0.008824197819763747,0.008018735844956586,0.003620405217426134,0.0033975042197253603
1.377570731255928,1.2922317483194672,0.9380511061971697,0.8883342499569676,1.3606480999876922,1.2784774309958131,1.3064666327757846,0.9447971089605521,0.8961687481775998,0.010380342607699322,0.008628704480793555,0.0038600512921230287,0.0045642456686962925
1.3564293194922374,1.2770619370243865,0.9414880072796118,0.8835582442103656,1.338580063107829,1.2621845248186558,1.2913647006987066,0.9476855176128698,0.8910529593659643,0.01039503582730436,0.008941082344681295,0.0038446399650535687,0.004334898669875809
1.3676552627084875,1.2831936937137582,0.9382435243019775,0.8766857019179541,1.3513278651284208,1.2680592608415384,1.298540171943317,0.9447526127083916,0.8832858743482418,0.010184368051823123,0.00919377760999779,0.003952192311046874,0.003895347194372966
1.3672862499307357,1.2856857670828172,0.9403193860451298,0.8964948936400151,1.3479696752535402,1.2699357729943253,1.300997903190644,0.9474322009468532,0.9052163230612303,0.0117509235726613,0.009563313996270355,0.004418967073233335,0.005032793925994841
1.3757468226092624,1.2970442062320562,0.9427928052721666,0.8885218718745065,1.3599493836999557,1.2832908109760126,1.3112589732463544,0.9490122031164887,0.8949476438109956,0.009514108913603622,0.00842410706104545,0.0036444015680579924,0.003831622130036896
1.3799826114257423,1.2903304444046342,0.9350338429782944,0.8799051456722713,1.3642891256358307,1.2771535883218723,1.3029755247287955,0.9416330798289004,0.8865928131427517,0.00917089832545382,0.007849143740630834,0.0038501932074503317,0.0038692615769421734
1.3810923852213637,1.2922672502597898,0.9356848709673127,0.8800535111869402,1.3654365693797361,1.2791555790151703,1.3056738529857852,0.9412702034065715,0.8866633536406976,0.009470945613435254,0.008021493181727861,0.0035377754958982825,0.004121988068742525
1.3861914845018428,1.2959222028482946,0.9348796449388171,0.876243069317954,1.3711552164174388,1.2819103903028837,1.3097583262291317,0.9410241647788222,0.882248511218658,0.009247270221078413,0.008376942021112823,0.0037712986238817355,0.0035000162701789685
1.3644583315393557,1.2732492174213645,0.9331536097441021,0.8833682692090968,1.3470969191468563,1.2592094538952154,1.2872275514327423,0.939189706048942,0.8906387231276688,0.010290492824696433,0.008549473848139411,0.0037029920644001844,0.004233631381261917
1.3709341660161332,1.2903061654049448,0.941187547433084,0.8778754781288297,1.355357209419003,1.2763422917411535,1.303641208345198,0.9470963950805933,0.8834722938134434,0.009418936532280108,0.008361450491353884,0.003584265446291651,0.003332702882775614
1.3562641083521445,1.282695922285303,0.9457567404358826,0.8923933295422498,1.3394992862532393,1.267579444132941,1.2973026583435237,0.95232782378235,0.8998996599553899,0.01002741964758383,0.009077331205222867,0.003978562470480643,0.004406218822699228
1.3648187879487756,1.280904494794303,0.9385161650063524,0.8936162632762575,1.346071854880518,1.265130343183233,1.2957209762603223,0.9450695416549728,0.9031651076995824,0.011235620052316254,0.009275966871003958,0.0039011139680156363,0.005654898629780409
1.369675036674677,1.2861506219840995,0.9390188092400663,0.8860688804427552,1.3530385389253368,1.2720987816391773,1.3002104252026954,0.9451242955439729,0.8938819962091464,0.00956338392610317,0.008523486350328359,0.0036659884826130244,0.004591847876309444
1.3646473114232434,1.27051879348345,0.9310235566714868,0.88775360956142,1.3481753994519603,1.2571776626122122,1.2834104855215005,0.9369772275076591,0.8948696946979146,0.010101371785630534,0.00796687146882858,0.003499158816196204,0.004205674457558161
1.3634267158346633,1.295828591402176,0.9504204196328183,0.8893634370925355,1.3473072062146718,1.281209773995233,1.3109524061760534,0.9570910398206873,0.8963377019635843,0.009763926164827857,0.008968475865104693,0.004037804104072091,0.0041516734889126905
1.3740028126594566,1.291984012517164,0.9403066723105604,0.8802427481261746,1.3577760512176862,1.2783149199297328,1.306510388208505,0.9466646106590648,0.8874285358987992,0.010106728616433224,0.008558774090109935,0.00400792950087387,0.004047148515800318
1.3393900395639682,1.2617763158315178,0.9420529334698374,0.8908063472734883,1.320020258274093,1.2456961769175465,1.2782151242903401,0.9488015445104407,0.900692192098917,0.011752494506846511,0.00977169738598895,0.0039722689248496285,0.0056428584578938805
1.3775110048823844,1.2906360786652078,0.9369334067682499,0.8863278678518958,1.3601522013248932,1.2762133834588338,1.304773993386836,0.9433838731853992,0.8935748828901712,0.01039511685324888,0.008638843181522263,0.003896803962397544,0.004270599151022148
1.3850542104029702,1.2952803508295285,0.9351838658016695,0.8882674847827733,1.3681907533383881,1.2814260157412847,1.3086330184327026,0.9414422135151719,0.8961155931462964,0.010401303065282405,0.008232876333698149,0.003824904610712003,0.004540702460295675
1.3686407778587384,1.2831995676373056,0.9375722164620091,0.8848213233721859,1.351787987060558,1.269517662334819,1.2967045645398128,0.9441362626554115,0.8924003395689315,0.009990382492329537,0.008306124222106892,0.00405472855642038,0.004504140925272845
1.3672038450664405,1.292613777439435,0.9454433456311844,0.8954096989582329,1.3485969229531474,1.2767850594897678,1.3080433108887741,0.952112849733819,0.904475574476205,0.011295529645320396,0.009597421215257541,0.004041781048395237,0.005208657218222883
1.372284631709946,1.2904757366450488,0.9403848930648167,0.8860256758015085,1.3570406696350934,1.2769973371122993,1.3036698224137782,0.9469410560399744,0.8930486102238965,0.009223226923911202,0.008200772452631941,0.004019083556363029,0.004187668802011761
1.3535481370000455,1.2781776680661998,0.9443163734827384,0.8952424673804089,1.3349689682710089,1.262994780060629,1.2944076746545465,0.9510419505943344,0.9048447644875003,0.011505364962021102,0.009794419835382945,0.004002581217670617,0.0056038726160613185
1.3535239824125045,1.2748377936389155,0.9418656855762986,0.8855417227309741,1.33514393994952,1.2597458353273985,1.2905236298814926,0.9482802940466877,0.893856314221917,0.011043600474550165,0.009175772851933809,0.0038393192054960324,0.004941038550764335
1.3679480689634635,1.2854326704522532,0.939679436388448,0.8806133243940983,1.3502600439098664,1.2709353991533319,1.3003284590003705,0.9456248724190511,0.8870794966147137,0.01044477074617838,0.008840640954819623,0.0036585407127231718,0.003916101301752201
1.3780299624558034,1.2915497566053318,0.9372435954176539,0.8858626648797348,1.361009507049508,1.2778592758217784,1.3059987355314273,0.943529381368272,0.8931385591726224,0.010458579228352664,0.008480843764370378,0.0038539618312852936,0.004411389918252544
1.365876688854435,1.2826968796598992,0.9391015236783206,0.8882042178391896,1.3496626399182579,1.2686944030452143,1.29664057273322,0.9459780370134142,0.8956750281989908,0.010029928452263656,0.008497208566366191,0.004104896007286084,0.004350388726645921
1.3664509812017436,1.2851121983946112,0.9404744232130465,0.8914505490710685,1.348349713783796,1.2697354547201787,1.2991384537680362,0.9471144555449266,0.8997770327578525,0.010792079210308832,0.00884880538571801,0.004018024252494474,0.004842988900587339
1.3664509626789083,1.289202855054314,0.9434680718632226,0.8878360085089925,1.3485997048275242,1.2746478119112192,1.3038981429943863,0.9501083668356968,0.8951579698680088,0.010779760867299757,0.008963644980896872,0.004070350679075304,0.004266292292207161
1.3571060397514543,1.2805670418830188,0.943601313658251,0.889508458093517,1.3387037567565037,1.2663320484164553,1.2941198662350333,0.9502845459080997,0.898779595026849,0.010446468367139269,0.008696888328057992,0.0037737668530105255,0.005318673178354523
1.3655273018506335,1.2802822549708155,0.9375735316574854,0.8909221159525934,1.348086219348691,1.2658161721271683,1.2944817404360622,0.9440275280368873,0.899931340733427,0.010749001008880868,0.008680184336288478,0.003979879769921709,0.005020772853516333
1.3430415429335576,1.2647000095595118,0.941668570278975,0.8911514063602919,1.3244691537918722,1.2495073061278161,1.2790250389066546,0.9480388943799904,0.8990706033049138,0.011020865126001035,0.009107081131134905,0.003733166865617922,0.004737280544257003
1.3857017374457243,1.2964129116492091,0.9355641813936799,0.8830770060736298,1.3685305429898063,1.2829984946679651,1.3111775220650381,0.9424476110340502,0.8896679043262589,0.010491579970019692,0.008442716389156446,0.004137136034162634,0.003951103970468148
1.3557977166022765,1.272731562817031,0.9387326348406788,0.8908141446667859,1.3364480121304718,1.2574600125557345,1.2880462065215124,0.945059349001405,0.8991611008997601,0.011454598373750501,0.009260033134119397,0.003751351846646411,0.004960144770249002
1.331712444979959,1.2571843531290934,0.9440358974403161,0.8959132518107161,1.3115015532110523,1.2413112093056622,1.2727170783592554,0.9506583537034891,0.9057507775224807,0.01224747862033704,0.009585109478695472,0.004129926639960044,0.0056913328216061775
1.367810047967095,1.2830552874934709,0.9380361618196981,0.8840901615886345,1.3511699538472437,1.2688599484139929,1.2972198082129205,0.9441291940976464,0.8918527925210896,0.01054705796628412,0.00859488496076942,0.003661512428279016,0.0046329973643849005
1.3767075274453988,1.301074201282337,0.9450621685032797,0.8892288346845072,1.3592383598894149,1.2852059558106548,1.3168585989027304,0.9528199918200486,0.8960845843171338,0.010194294521814098,0.009481584848288309,0.004553312610870799,0.004103495456573383
1.3558270573192295,1.2720564621046826,0.9382143948504909,0.8871280695262934,1.3391245767313706,1.2585720758512875,1.286723195448881,0.9445150493888326,0.8941527391719551,0.01007489359605646,0.008600177031082559,0.0038836619968733344,0.004266448913384895
1.3702001546258913,1.292383911521109,0.9432081197465427,0.88558352402746,1.353065937313673,1.2781850985794947,1.3060443304208351,0.949623685780702,0.8935691490224942,0.01013669100269854,0.008686277442145474,0.00389696281037254,0.004705293946139905
1.3616502026932575,1.2784178340273271,0.9388738983761746,0.8850794981585173,1.3460321320472188,1.2654084859204258,1.2923153310426005,0.9452265146845982,0.8923536411497092,0.009605770793865076,0.008232584909605925,0.0038894636181906043,0.004222338093912144
1.3758272042159463,1.287941178880226,0.9361213202745147,0.8822774912806276,1.3568953019305372,1.2725435653391546,1.302290770835978,0.9430670344510858,0.890501531692806,0.011049368518907803,0.008950884529046766,0.004171693490504835,0.0046428533559479375
1.3698119182926616,1.2894081939674413,0.9413030918686737,0.8861873201808467,1.3524509934917524,1.2746065575780419,1.3042892885540263,0.9480886335753936,0.8933695961261668,0.010519128600861493,0.009138892424691,0.004062340387683918,0.004211689161641095
1.3670950264889175,1.2859929734758004,0.9406756286566196,0.8827772680241298,1.3506681398778893,1.2713596671428322,1.3005741062192298,0.9474287074082858,0.8891314757836994,0.009932583020756258,0.008862494655557341,0.004138751394073463,0.0038680443234318253
1.3433195315815432,1.271052304271845,0.94620250386398,0.8917733948087432,1.3244622551217127,1.2552316841392803,1.2858067287030186,0.95254143688431,0.9020303840916396,0.01088042118006276,0.009377333943773655,0.003987328562772091,0.006025983310144512
1.3734730883740305,1.288303158648342,0.9379893712904737,0.8833869305941491,1.3570282552862452,1.2736307487658678,1.3030731240511289,0.9442358462828796,0.8904387602108985,0.010106445833234966,0.008976338797097276,0.003843057005136718,0.004275431734754494
1.3682224683209696,1.2784876238423446,0.9344150190803808,0.8791263320588953,1.352228118812082,1.2651204064769297,1.2929238578250442,0.9407466521138992,0.8853429648912345,0.009709253018717084,0.008556139331923965,0.0036996716842434764,0.0036571486959434962
1.3539676632345037,1.2732013898580616,0.9403484473303455,0.8851706580686821,1.3368085829325342,1.2586216120993363,1.2873256860945133,0.9470147290406071,0.8925114283135291,0.010792934080551571,0.008814773855687054,0.0039142928518225715,0.004283829137189039
1.3814160348975424,1.292465515784502,0.9356091743066832,0.8788149514395227,1.3648232349448668,1.2785231584397279,1.3060858759451652,0.9420472453291606,0.8858882062888066,0.010285528067944204,0.008402471228358958,0.003960732300076977,0.004081503747750362
1.399277071670833,1.301116969489824,0.9298494171252308,0.8805973278761396,1.383325280062514,1.2888075310201135,1.3131687272722945,0.9365111305744671,0.8868595986166659,0.009421062769616354,0.007602361780158509,0.0038348978627291163,0.003605502190875497
1.356689712003975,1.2821956151440395,0.9450912790147868,0.8922172002286695,1.338119043557184,1.2668646362530818,1.298001204034317,0.9524740550006606,0.90017187995447,0.011153484416391472,0.009238464881449145,0.00416793349347851,0.004611790858327314
1.3716067278434003,1.2871862708011872,0.9384514122536065,0.8907055859066235,1.3544560349796226,1.2728007905537317,1.3016891498683971,0.9451742173245099,0.8986886638670474,0.010575993421498621,0.008893318309190145,0.004095657935287537,0.0048291810349371375
1.3547725849208208,1.2705121587700727,0.9378047451737647,0.8894243791270886,1.3368487775162878,1.2557260302430298,1.286322664058873,0.9441826657357081,0.8989824480875815,0.011492280481003465,0.00930237162563397,0.003975231511415457,0.005409145740042648
1.3718599033816425,1.2908766520069868,0.9409682787761114,0.8835504885993485,1.3556685901885077,1.276777412392169,1.3051381090487382,0.947238821025276,0.8910525807585078,0.010093448365513855,0.008583744405827768,0.0037353103167419703,0.004507784834786473
1.3671153398543279,1.28423318754218,0.9393744259200695,0.8856554381768653,1.3506832242843718,1.2701167891941691,1.2988131491777417,0.9457182823849789,0.8933220739646354,0.010220316431153549,0.008645566868478886,0.003919315204355903,0.004438704407063934
1.3642842762230722,1.2854259749258632,0.9421980428334754,0.888959160784909,1.3468073619426486,1.2708565343972422,1.3001732427254449,0.9484668108404436,0.8970554748243617,0.010697122895213832,0.00909266020470754,0.0038549686503471466,0.004918563399918971
1.368665959158921,1.293551012237446,0.9451181302356384,0.8816878126091736,1.3517401463150978,1.2785153931837712,1.30848691349096,0.9515285646653812,0.8891043184454694,0.010473665908216146,0.008944165496815449,0.003885159521639659,0.0042730222097808745
1.3825717712131966,1.2958139910606523,0.9372489863029569,0.8802055212823395,1.365352956655243,1.2810091127824534,1.3107762581986204,0.9444536114739007,0.8870864835659418,0.010261682379292996,0.009008367168801325,0.0041340632968712215,0.004045873375722213
1.371103380094858,1.2845519651981705,0.9368746250988751,0.8834420222063004,1.354549356024039,1.2698226321922574,1.298132080006596,0.9434708231285739,0.8901588283352615,0.010117593770456455,0.008670769906214564,0.0039704941887561815,0.003996890516830954
1.3633936918761993,1.2878150078917263,0.9445657667078778,0.8813800943762237,1.347792161009448,1.273603369964433,1.3026630911816355,0.9512583992009143,0.8878112120213546,0.009727408335742094,0.008857297378199019,0.004074850170752615,0.003765851886648754
1.3453143430379328,1.2735927832776406,0.9466878799505448,0.8987073645395882,1.3265479250799834,1.257958175183066,1.2892264589444613,0.953438326579633,0.9085311953112116,0.011221275878918854,0.009582073069330156,0.0039291717875364,0.0057801817803722795
1.3804920036925226,1.2919961274854979,0.9358954083252079,0.8770998436695192,1.3623394471651258,1.2767318681617696,1.3066293978433055,0.9420273676148136,0.8840048113518945,0.010691569795020603,0.00894053516543077,0.0037884146572569975,0.0039438421540110655
1.3550522648083623,1.2717716347321428,0.9385406509851505,0.8931473386474672,1.336996779501732,1.2570429236952652,1.2858641467738245,0.9454529306533804,0.9010584942167139,0.011160059437229893,0.008811669879200812,0.004080691479612309,0.004849707538807079
1.4016412418364363,1.3152073378426137,0.9383337894077827,0.8762382047281057,1.384327490152099,1.3007595335670266,1.3291003231487695,0.9447005007097391,0.8839008865154712,0.010186024611759069,0.008510653926962755,0.003931337815878953,0.004330569511727371
1.3672401117482722,1.2940630670798332,0.9464782783655546,0.8832039231712301,1.3514113567629786,1.2794473244456324,1.3086637858764105,0.9529533609064015,0.891298932947848,0.009726690429187855,0.00893797143062533,0.0038209520253824794,0.004618286776378324
1.3713036008130868,1.286750214985873,0.9383408708494023,0.887365388602865,1.354751919570536,1.2722467036963292,1.3006954200856655,0.9446555995230808,0.8945997851610282,0.010131042468256517,0.008638062273988383,0.0037561495799614884,0.004191330915424668
1.3518527977117756,1.2719571440066817,0.9408991468299434,0.8944308532242677,1.3321314668396922,1.2553919187568892,1.287608782430348,0.9479548231304116,0.9051987592839345,0.011757897503424349,0.009839238294472358,0.0042579455743791544,0.0062382139207813325
1.3609621233066076,1.2747513154060954,0.9366545134327078,0.8841037031017935,1.3446527739177483,1.2611101150501383,1.2893535690770794,0.943175566507676,0.8914728932787709,0.0098280968987579,0.008581367352897102,0.0037726426828377188,0.004301216563862779
1.3683830486529556,1.2854370268256579,0.9393839159956342,0.884832687373765,1.3510374205621585,1.2704299959596403,1.3005774161389352,0.9458045392525795,0.892168922124153,0.010631574917880034,0.009281072380576134,0.0038819380942792174,0.00437868628921955
1.3685699825158737,1.2893456854848455,0.9421116215881132,0.8846005143808099,1.3520058675525406,1.2750189844199105,1.304027025788783,0.9489560120113647,0.8918777352313181,0.010439993807842935,0.008878075404086335,0.004047242353912895,0.004389750549601649
1.383109769599217,1.3030131756040695,0.9420894886612239,0.8890719199868554,1.3681152883024985,1.2899054900101405,1.3165249297364336,0.9486523814123187,0.8957264549256536,0.00908701825607165,0.00818595587675872,0.003999388617283223,0.004013407368697534
1.3836731686651562,1.291699818062889,0.9335295699265492,0.8817507754156627,1.367045288967565,1.2776095176081208,1.3058359331702667,0.9398282822034957,0.8886081464964586,0.010390064599543239,0.008359943975706167,0.0038418995319029624,0.004110792265422386
1.3493236769079529,1.2708873007923416,0.9418698586129072,0.8886916344655225,1.3313490397324586,1.2562230739656959,1.2860586278450277,0.9480806105808466,0.8970390270731666,0.010786265146111092,0.009034152924417206,0.0036898653901739228,0.004897181408234402
1.3617798821598517,1.2877889521853252,0.945666013322819,0.885026077230221,1.3462888129657204,1.2748516548510604,1.3022485360803386,0.9521801732736168,0.8923146718149821,0.009692058952165227,0.008481867276073118,0.0038573342674156114,0.004420829811655328
1.3631389866484498,1.2811316477291188,0.9398393416059778,0.8833181199885453,1.3450499525787458,1.265423923799739,1.297131267022446,0.946937903440119,0.8904091139564121,0.01098438299583782,0.009512467799658964,0.0041974327227568865,0.004239969652392154
1.380390919804302,1.2954626791968684,0.938475225105455,0.889184003449391,1.362520297301778,1.2812579164282838,1.3101484370166363,0.9448702233206421,0.8972116134168733,0.010798759559049152,0.008833101351425551,0.003958978878718946,0.004953283163404346
1.3610515804656431,1.285163934034426,0.9442433721687062,0.8829008563730285,1.344885627839959,1.2714374173748773,1.298829994621741,0.9508127842125447,0.8902269978727216,0.010026455344622955,0.008477240694332654,0.003856450468809932,0.0044726855146627435
1.3733170504627923,1.294520857905362,0.942623451350235,0.8770156586355813,1.3560342468866686,1.2798226700755313,1.3081874239466913,0.9490778593599011,0.884123274832584,0.010354009265499606,0.008775553022512437,0.003944653459284479,0.0042158205254835
1.3614103576246215,1.2785493739609837,0.9391359238604494,0.8905555098947061,1.3443391503889806,1.2637850787395861,1.2931866815912323,0.9463090891771192,0.8979998373031208,0.010450170893114846,0.008743574614267887,0.0041239459783389614,0.004510760133372574
1.3585875510470684,1.282640684459477,0.9440986585450023,0.8960396660493234,1.3426832324589348,1.2684119919079366,1.2977464867247084,0.9507929472337117,0.9029665146787813,0.009996786682279414,0.008709063930562701,0.004187385231212519,0.004369530537341495
1.3699177813634085,1.2893757113728956,0.9412066394887192,0.8855412000225115,1.354951419320856,1.2766767253777807,1.303013127413585,0.9475334455630173,0.8924329571810822,0.009174786638458672,0.007943411096461702,0.0037911548373882453,0.004203030738912161
1.3549481386757602,1.2631000393941905,0.9322128303956074,0.8854400153801116,1.336829576082369,1.2494004449113678,1.2773054735546918,0.9382340135307946,0.893311991890316,0.010871851448947308,0.00833905163795444,0.003599284037745427,0.004716184676155932
1.3624731267928158,1.2898033994459055,0.9466633683132006,0.8889832554064565,1.3448023732472798,1.2760817769723498,1.3038412810953492,0.9533978487791928,0.8969216908174305,0.010361061785752508,0.008541880073161836,0.0041862297827354854,0.004768712151261463
1.3614300119626965,1.280722531794893,0.9407185977548327,0.8838478170860744,1.344172342066722,1.2660507807651544,1.294729780320091,0.947434415428522,0.8920985902135766,0.010297054651680723,0.008751881521830047,0.0040334171556269715,0.004756166797764476
1.369564964927765,1.2898824830058617,0.9418191294590352,0.8847159979818622,1.3538079717515556,1.2758613302047135,1.3037211505905302,0.9478584614962837,0.8914258824643211,0.009545160339697854,0.008585705833467735,0.0036826348494663546,0.004032446413262298
1.37186626124971,1.2850588253374293,0.9367231060604969,0.8813415996475097,1.356223608584773,1.270952107932247,1.2984414136121343,0.9431462735475936,0.888125398610077,0.00943277279545415,0.008320236405828083,0.003925376404691579,0.00393038708526712
1.3555331827068284,1.2824616126191253,0.9460938536806687,0.8851465139777703,1.3388562626696738,1.2672714991059912,1.2977859118338677,0.9533997770281873,0.8926373741305285,0.010386190068716727,0.009212859046325489,0.004302551044296893,0.0045997241369073166
1.3554910065914423,1.2802246900833805,0.9444730240613483,0.8918215270943125,1.3365259714156685,1.264309404535484,1.2960240056509698,0.9507422275734467,0.9003345166588105,0.011561166007824452,0.009669237127959654,0.0038609950100936376,0.004983599737226091
1.3506893966927132,1.2685662063824414,0.939199056044004,0.8930380784608851,1.3326963133349317,1.2544730246979274,1.2821494355030774,0.9446835410768869,0.9014934937047413,0.010847054718187239,0.008587787484672165,0.003298301204025988,0.0050049612078792985
1.3594757952718064,1.278190545380245,0.9402083875459439,0.8839775750406759,1.3416236866486246,1.262569657052855,1.294769258520869,0.9466148956585946,0.8905481002767436,0.011049348595287785,0.009746394397555579,0.004104164459183957,0.0039351078770464105
1.3783715027776628,1.2942765264973417,0.9389896148383401,0.8863345666188804,1.361060613891113,1.2797660970868892,1.3089076126489039,0.9459186952788191,0.8935776232039547,0.010645255872900643,0.008783538892552761,0.004122344732258115,0.004254311649595621
1.380948017836418,1.2907927571134141,0.9347149497601992,0.8787349330974235,1.3651251331269207,1.2779111221027313,1.304067242161413,0.9406225264300244,0.8848763855989873,0.009806848829665414,0.00815988820912132,0.003694927744801265,0.003599754005997733
1.3671758535569651,1.2836354023300285,0.9388956065822912,0.8816338963297812,1.3508587427795047,1.2694500992417517,1.297343243269115,0.9450329296996701,0.8884555014656094,0.010373049450337965,0.0085972655139199,0.00360155760644985,0.0041515421064912674
1.3778333249382966,1.297423621787743,0.9416404715322483,0.8803196958411209,1.3619806495913804,1.2838911237202273,1.3123632632503184,0.9490151576410218,0.8870517690922213,0.009644699031799096,0.008643062880802918,0.004314862907533328,0.003831795018831014
1.358079239820695,1.27629686068332,0.9397808487609512,0.8886353184887205,1.3418614973315497,1.2618397100318535,1.2911776396054895,0.9456913679664909,0.8969609807867037,0.010467249305300175,0.008897563472963535,0.003724053128379824,0.004965367611985547
1.3753025934934455,1.2933527232533242,0.940413207516785,0.8853629745386415,1.358422823505369,1.2795292852996571,1.3067785597020365,0.9464503703405993,0.8939353920114563,0.009965561706296495,0.008444090356580157,0.0035854694063401538,0.004876649717582317
1.3672623672623672,1.292621016724851,0.9454081730582782,0.884921386626255,1.3496517969530446,1.277808295718909,1.3077196228188925,0.9517758886229699,0.8933370524543679,0.010639371171815511,0.009077475899417488,0.0038973909446347295,0.004897757092969177
1.3507953493405154,1.2727484780289944,0.9422215427750584,0.8853818971579125,1.3335460672253292,1.2592757445190286,1.2865339598776935,0.9486088913775789,0.8934079306174586,0.01038707626751323,0.008331528071547103,0.0037635084700520494,0.0045974914214365935
1.3812711722702866,1.2981072199712445,0.9397917266583128,0.885311023233709,1.3649562643759663,1.2834575699278952,1.312411031424382,0.9463941552500652,0.8921163951706605,0.009806168001301257,0.008735514106699984,0.003925107157734276,0.004062190848924135
1.3731702500555405,1.287338665264014,0.937493850607341,0.8782233926854041,1.3575805786568316,1.2729412478907318,1.3008348512344465,0.9436052007689554,0.8837135739136559,0.009514928905807008,0.008417525099024329,0.0038580768159639286,0.0033202818855829976
1.3868445524073407,1.2953227050444236,0.9340071335290968,0.8828860881900826,1.3685776871107227,1.2800746206508944,1.3105157951091801,0.9406733913515584,0.8906989386245676,0.010973170028608061,0.009234146896069313,0.003917745474064074,0.00446187074237194
1.364413295481429,1.2810426260189034,0.9388963228820572,0.8925464357701728,1.3459760892308108,1.2661806350526534,1.2949104416445518,0.9452807868773972,0.9011970818163211,0.010973250256309504,0.008840379035376352,0.0039534880453945065,0.005124349775314632
1.3781316991193535,1.2933303136649774,0.9384664139801984,0.8795782416105069,1.3611748308901188,1.277756032486384,1.3084933302149897,0.9450968880587244,0.8872436657123761,0.01044476488442054,0.009222835542177725,0.003952934445600697,0.0045302576820672015
1.37808386679134,1.2971247765648686,0.9412524214400881,0.8814165296589159,1.3630040036110553,1.282812987775108,1.3116234929840618,0.947619447929204,0.8884560325067477,0.009528257359682605,0.008688160389420654,0.004030376352994295,0.004135474488379672
1.3896049532354098,1.3023569157384143,0.937213783461367,0.8795140637364218,1.3735318651648603,1.2879831886385067,1.3158463287643174,0.9437989822763847,0.8851570847863077,0.009606072816226975,0.00844981105990327,0.0041167704261540075,0.003337795823934125
1.3604827824150016,1.2785377554457749,0.9397676853919712,0.8901158548522006,1.3437613404655497,1.2644719019959603,1.292446825864045,0.9467630332599442,0.897609299356409,0.009860229237719726,0.008612400115192822,0.004069866090782187,0.0044757797078122125
1.3657733271590646,1.276504927925552,0.9346389349840364,0.8892778585384253,1.3494598656474481,1.2629391563353491,1.2901788590174268,0.9408165420582764,0.8956392469587092,0.010240994475578817,0.008235119992295521,0.003703314493299101,0.00396818476379777
1.3696837079769246,1.288038664419197,0.9403913158328207,0.8913477378635539,1.3518982570615534,1.273646071432777,1.3028226212753766,0.9471608573819702,0.8995943572549389,0.01068583215444303,0.008895602588682118,0.004045102260040729,0.004919823184834806
1.3661254671616887,1.2723549994317174,0.9313602813328763,0.8820814667255569,1.3487866271568683,1.2575568752779738,1.28739648720881,0.9374309248944687,0.8889025405863346,0.010867471475893224,0.008978594441267678,0.003768393418261681,0.004076722426436613
1.3601474192596519,1.2795126445035987,0.940716150606716,0.8894723326633077,1.341944525041326,1.2639413319758803,1.2950137084604616,0.9470248955055425,0.8964577804227956,0.010755677210776471,0.00937999990213324,0.003705171980138829,0.0042428748991304496
1.352813037232414,1.2685465881296953,0.9377102032701348,0.8888187729025407,1.33670155720346,1.253695206310296,1.282911288045549,0.9439392062305989,0.895150142739902,0.009840738012156259,0.008744088937228927,0.0038967936336249324,0.0039291725865889665
1.3661374393385657,1.2879063183442132,0.942735541284756,0.8873792879634421,1.3498386421983721,1.2732260651909186,1.3018043822718102,0.9497630902962859,0.8933116106567661,0.009472296193478776,0.00879480915806912,0.004177690297531859,0.003661580047945972
1.3746816953840983,1.285822820189665,0.9353603997981472,0.8800840624544544,1.3589094432977444,1.2724288554381955,1.2999591357033606,0.9420379599306518,0.8853475409460029,0.009561050000952906,0.008292440010562513,0.003961127755921723,0.0033444245086648263
1.3529106478678314,1.2744588436309903,0.9420125753607749,0.8870322504041576,1.3353872678553889,1.2591728014203638,1.2894078867094576,0.9481818633578863,0.8953322252902254,0.010783336505830339,0.009135860181521663,0.0038015222956864305,0.004935414220675064
1.3676896422210645,1.2836145096534506,0.9385276235395921,0.8825264649864907,1.3513672169928346,1.2697570778525311,1.2967519617244594,0.945122020985693,0.8899980501018725,0.009561314291864147,0.008260999439093935,0.0038676569097646518,0.004348882217659792
1.3532475029615687,1.2760898296771201,0.9429833248422113,0.8913886802849259,1.3345335302303503,1.2609583236885038,1.290206687902342,0.9493340328279505,0.8999160355193434,0.010820314623124222,0.009001141121400841,0.0039021474040555853,0.004939024974499838
1.3645686637721979,1.285737816234686,0.9422302082479361,0.8864979445015416,1.3468520716922432,1.2714228301261215,1.3012656262189368,0.948882944096155,0.8943697572199533,0.010981731779089317,0.008996819173159688,0.004020934716281854,0.004797225000542909
1.372403689198309,1.2930667552093307,0.9421912556681314,0.8787399920146258,1.3574193042124922,1.2800332109136703,1.3052986677536367,0.9485317613320686,0.8849742069532769,0.008981495138972001,0.007804215809617813,0.0038014997813728144,0.003823517978356011
1.3760849882296131,1.2892906458788116,0.9369266120238214,0.8839088325086851,1.3596291852654818,1.2744893077618085,1.3042595670018697,0.9433969808058881,0.8919082142164114,0.010492766114552366,0.009105363827338134,0.003983262791172818,0.0046155909992317765
1.362471481171926,1.2879623016240558,0.9453132189719072,0.8836281040035481,1.344735144221091,1.2726557879532445,1.3030235479817098,0.9515758810797168,0.8908124659964852,0.010399496440460143,0.00896875426018032,0.0037432205417808786,0.004181473783531874
1.3886601977027417,1.3061746369765952,0.9406006157139074,0.8820525401206174,1.3713365037439542,1.2912200533059497,1.3205028640618988,0.9473525880919634,0.8892396639721551,0.010345301793105763,0.008869424472476219,0.004016309073439702,0.004141005154245665
1.3610865724381624,1.2837930685801564,0.943211912141968,0.8881587250076622,1.342931747191474,1.2686493560218628,1.2986575102323323,0.949926979392588,0.8971494053136096,0.01084807136719923,0.009245784317467271,0.00398511248189574,0.005197828602962708
1.3651037928163312,1.2888212525185896,0.944119604165509,0.8833068322354307,1.3477352173293966,1.2735184360784464,1.3039754936683192,0.9504019057072378,0.890512886754905,0.010144189963907929,0.009172070086427534,0.00392262199322012,0.0043006037998881835
1.3666007319933198,1.2898000760473578,0.9438016868072793,0.8856021078541836,1.3504065702655732,1.2762992744366635,1.3043600629300813,0.9506637109931398,0.8931179156940424,0.010213790976503195,0.008654370178300638,0.0040850739131126895,0.004538826841757882
1.3703002450262025,1.2802990714361162,0.9343201069132369,0.8850897268624474,1.3537894120830811,1.2669629139626521,1.293958237587843,0.9408226435295408,0.8925009977992262,0.009706555565256982,0.008118574392884804,0.003955035556011795,0.004488367649255285
1.3620392453186616,1.273616922269914,0.9350809285762832,0.892234878036095,1.344150952071754,1.2592871340501834,1.2871887105379944,0.9414962850084615,0.9002098603659978,0.011013867801344267,0.008618706555784457,0.003991846133249608,0.004623380627031944
1.3612343711694042,1.2786620347693018,0.939340103255572,0.88762668899905,1.342651615596401,1.2638145659211024,1.2943585567699936,0.946199459996238,0.8959222140302976,0.010976616476125639,0.009365705860569095,0.003906525639753318,0.004810424874400365
1.3649436755712907,1.2869857496215078,0.9428856096079173,0.8844296466771048,1.3472555383958247,1.2720478694848236,1.301778247719071,0.9499811123041682,0.8920344735497625,0.010805586285544589,0.00912184531719465,0.004232403834704338,0.004448551020112961
1.3754670835628038,1.2974206339761327,0.9432582207750757,0.8802390311317384,1.3584404536446921,1.282639257844067,1.3121437118986552,0.9495587857739245,0.8874321306593824,0.010491644004417915,0.008862229447634103,0.003812167643301029,0.00423473278882444
1.3740267044755483,1.2984192920852775,0.9449738406509869,0.8855250870916712,1.35669501834568,1.283896910549354,1.3126937314955722,0.9514622800732085,0.8935743368329153,0.010378082134983901,0.008760663801966929,0.0038848192497981634,0.00466259535680841
1.3875076497200345,1.3066198316094295,0.9417027948444636,0.8865356394994147,1.3699866664874727,1.2922223330897193,1.3202911512053679,0.9482367227346623,0.8948152378127731,0.010130834536399208,0.008600283562959532,0.0037897326585612915,0.0047042954517097875
1.3778846526781212,1.2921651013051911,0.9377890223203216,0.8833295802135526,1.3610315144474272,1.2782503542393815,1.3057214034982756,0.9444084333158648,0.8896352990535248,0.010092521831513997,0.008370530605089124,0.0040441999970803446,0.0038747580834473734
1.390284747136438,1.3046440923640594,0.9384006370286576,0.8840912695520968,1.3758607790129005,1.2922611160589856,1.3173298008543999,0.9454535044559307,0.89027221638956,0.009064867092734609,0.007509947275942604,0.004193519550647457,0.0037815502142892264
1.369808577051811,1.2801278668279008,0.9345304798595095,0.8890464990711168,1.3511447815643205,1.2653551822805449,1.29615894333371,0.9411369500497238,0.8973490767470852,0.011348160793779127,0.00945598774599885,0.004050599872259699,0.004946288211698414
1.3576122297998794,1.2823361150691057,0.9445525658369549,0.8876937026046818,1.3384036504828651,1.2671078088732786,1.2982118180885334,0.9514358604670863,0.8974035707168061,0.011458591497018607,0.009386149198882435,0.004127275750280746,0.005748374403617672
1.3801564875862622,1.298362617711618,0.9407358001716948,0.8836587955074623,1.3621733550740216,1.2835662018790053,1.313496949802718,0.9476906076059868,0.8901843550882704,0.01065641163363614,0.00916491247823025,0.004193573985902339,0.0037725382304778588
1.3833406395643948,1.3003382573483426,0.9399985948202975,0.8849962681432866,1.3652211599377044,1.285619271223959,1.3148812746180931,0.9468118914314757,0.8925224136141582,0.010410777029397487,0.008842239591567092,0.0041651576104674605,0.004333428570661339
1.3619892642144362,1.2833255439386864,0.9422435092973209,0.8803229915618668,1.3463863898753057,1.2702803026517124,1.2975696094214182,0.9486994204304925,0.8870247733161181,0.009523502203312828,0.008385136652382635,0.0037970317952881667,0.003886635563175369
1.3850891751010963,1.2934235228824553,0.933819674670441,0.881369661887926,1.3676245418671644,1.2790951280605383,1.3072608638886534,0.9403563150797104,0.8876270854906598,0.010272779365872845,0.008557289815306394,0.003940486956153046,0.003567842912941907
1.3668541379269687,1.2762090691612948,0.9336834368419514,0.8869072778558921,1.3509192311339195,1.2628147247580543,1.289977960119257,0.94004290115261,0.8950033453820515,0.010118716879432875,0.008351014670154942,0.0038138461450614096,0.0045894890374840805
1.3649453763954391,1.2821737749328483,0.9393590374428208,0.8857209086694483,1.3471099313277706,1.266387476212456,1.2984709529803409,0.9459327340103525,0.8942879696825979,0.011088169696237054,0.009554293335514583,0.00399645004265671,0.004933369147220518
1.3695550725171621,1.2868649082354018,0.9396226074138219,0.8913483050353519,1.3526584910207362,1.27269608584594,1.3008000559125374,0.9459816223848582,0.8996413021489773,0.010294148916488407,0.00843107595448135,0.003989238417645197,0.004886961773425487
1.3780374805995044,1.3001125846086334,0.943452266656078,0.8821873135143767,1.3630287836856099,1.2864352967871284,1.3143402404152456,0.9499717804048923,0.8885893720018889,0.009109978288014325,0.008278964646432173,0.004046849225652653,0.00397137472859902
1.3588715741736948,1.279616452270194,0.9416757820166382,0.8930397285873003,1.3404314506094461,1.2644325461526589,1.2942830226353943,0.9488133057661077,0.9012452721025223,0.011083737272196734,0.009022375063521888,0.004213930130703747,0.004910888925213668
1.360168387029507,1.2745761453383568,0.9370723194956204,0.8830188860036603,1.3412955516235556,1.2586326843184317,1.2912981150975362,0.9439582980296515,0.8900567654907482,0.011416997109393836,0.009941892998289114,0.004135883721770398,0.004031495980382209
1.3638173037590589,1.2840722764045545,0.9415280718797855,0.8861854857843774,1.347289161470686,1.2701687753871043,1.2980535663749442,0.9481872974850359,0.8925892223848247,0.009910494115880896,0.008364737477908769,0.003965716060116147,0.003832635930869354
1.3597277873179419,1.2873061226690599,0.9467381152872271,0.8908976098040133,1.3417158668875018,1.2718992441902288,1.303007572236805,0.9542069588857789,0.8990247154669907,0.011163200400081395,0.009486820504204194,0.004309027256388384,0.004943546100897622
1.3741948099751542,1.2912275715408397,0.9396248349709496,0.8829551256832431,1.359109781076722,1.27803138968618,1.3050700610104073,0.9459401247021018,0.8904108085155901,0.009440401668076701,0.008348753817188092,0.003969165911259209,0.004327008517752106
1.3699423953228442,1.287121355343119,0.9395441441461431,0.8808026543155639,1.353668822390568,1.2725113231076,1.3015141008780962,0.9458596923333976,0.8882032728942465,0.010051060227725634,0.008864896275982857,0.0038738824179457764,0.004352177674323069
1.3707203597346511,1.2835422732961097,0.9363998018856176,0.8807074242190481,1.3551377632817092,1.2704901572954073,1.2964736684536176,0.9427035938487748,0.8874832704577007,0.009512239651562069,0.007808854403056166,0.0037835963083166085,0.0039757114091842245
1.3711987043553235,1.296276815389284,0.945360297724855,0.8854691994272823,1.354140470582523,1.2813054785828972,1.3107331159585325,0.9521589630749002,0.8927853510945579,0.010324031426762444,0.008981277437387218,0.004107311748931025,0.004313214146497307
1.372293457187551,1.293053423387849,0.9422572239307323,0.8856046335580867,1.3545787742901176,1.2788792321114508,1.3078474168193293,0.9488503455696423,0.8936940058275807,0.010537781605723313,0.008708933874227156,0.004102204620007392,0.004761317786750755
1.3540967779386874,1.272368347496648,0.9396435825167143,0.885772691582206,1.336248464575004,1.256899249901593,1.2875320636767602,0.9462397773845458,0.8935571762580833,0.010812911368641301,0.00935485087995656,0.00399990677275773,0.00452111232966862
1.3528112449799197,1.2767673864599978,0.9437882714221151,0.8857758976135108,1.33668352284252,1.2626536685173517,1.2919873164186848,0.9499338300047231,0.8936555178669572,0.01021643266464255,0.008755013141501514,0.0037692187341240575,0.0046151126139718866
1.3789671914079742,1.299948529300883,0.9426972138282635,0.8840778248641821,1.3641147349961165,1.2862734784640446,1.3136724767760064,0.9494258220149392,0.8900122631463089,0.009113147299532016,0.008395988940580962,0.004053110235315642,0.0033987201882277134
1.3697613545386926,1.2840629947271829,0.937435554355838,0.8845511335137891,1.3534076908135766,1.2703039420610966,1.2977606908843546,0.9434507111338589,0.8922139510063383,0.009938093982860552,0.008366014107598505,0.003579957703914663,0.004446784460029851
1.3864430382839412,1.3061529210992475,0.9420891338716143,0.8803492603328722,1.3692821526664603,1.2912103536890047,1.321769925962583,0.9493236554882232,0.88695804411188,0.010829561488946727,0.009410469989013582,0.004344573117335517,0.0038460437302771516
1.361309648623551,1.277146555896885,0.9381749091312436,0.889623849698314,1.3430461501579896,1.2620733443758045,1.2926687895889433,0.9449587096545402,0.8980887432147145,0.010943771959651202,0.00932511036679491,0.0040898549254885985,0.004893250352146036
1.3708741844844012,1.2909679689535432,0.9417114885995818,0.8936636258873827,1.354413966414325,1.2764939300532656,1.305202102958372,0.9485087454812985,0.9025353277635174,0.010466912068230064,0.008808565752041374,0.0041865404075384655,0.005053558700519828
1.3693133620739741,1.286728236819678,0.9396886588989302,0.8893150824429943,1.3518239128325302,1.2717442693455399,1.3014852320942603,0.9467619701116943,0.8970025277919933,0.010570110853483076,0.008860507271090938,0.0041937668976276534,0.004599650399332275
