split,held_R_eta,held_R_T,held_C_K,pilot_R_eta,R_eta_upper95,R_T_lower95,C_K_upper95,pass_R_eta,pass_R_T,pass_C_K,pass_all
0,0.9441659368422263,1.3874727123885755,0.8672714310298203,0.9426452170964931,0.9509928305378544,1.3730290208988547,0.8726293173334195,False,True,True,False
1,0.9391932141046582,1.3916537831280653,0.8684405425647,0.9637477003003815,0.946028019122506,1.375926261414646,0.8741307002035317,True,True,True,True
2,0.9447626306799162,1.393026867344675,0.8668055287796619,0.9403242302584411,0.9519835777346841,1.378964552007952,0.8719112611503835,False,True,True,False
3,0.9414957866207683,1.3922678118335192,0.8645500361166693,0.9540912178007512,0.9487527024359884,1.3768687753123083,0.8698302642849999,True,True,True,True
4,0.945794350717975,1.3856875160036313,0.8676289629626519,0.9363711421328287,0.9532527627224686,1.372351756327734,0.8731960042939466,False,True,True,False
5,0.9411816064228146,1.3956245515772907,0.865565519500172,0.9552394274258296,0.9481807972114815,1.381682214484025,0.8703222877688208,True,True,True,True
6,0.9408985730061608,1.393726265776493,0.8662423591052596,0.9559440691161198,0.9478112656831849,1.3793027059414193,0.8712408923430319,True,True,True,True
7,0.9436026760147358,1.380360418061661,0.8677732315349896,0.9450086778740057,0.9509135036174257,1.365471358966195,0.8733421145288094,False,True,True,False
8,0.9459288424143406,1.3817530271941738,0.8665503798146104,0.9355846546026354,0.9535480237154742,1.3665683055146385,0.871824629623483,False,True,True,False
9,0.9421971336566555,1.389530056945078,0.8658633051146978,0.9506374144694888,0.9496581295040702,1.3747587407319584,0.8710320539425406,True,True,True,True
10,0.9412592390421525,1.392534879081938,0.8651327985439348,0.954216804210179,0.9483616721674157,1.3772550478225412,0.8703497204791695,True,True,True,True
11,0.944061159038366,1.3843901300822492,0.8650927416296571,0.9432618995799158,0.9520179696229469,1.3681940255157004,0.8698438081809059,False,True,True,False
12,0.944909833333598,1.3862472816237768,0.8666056590053027,0.9392243280573956,0.9519612512895426,1.3705007974364776,0.8717994653847887,False,True,True,False
13,0.9427879590455545,1.3860268212296851,0.8677643258046926,0.9489647172546926,0.9500108861525592,1.3700076714029665,0.8729360055820883,False,True,True,False
14,0.9441377259046141,1.3833048831677628,0.8677183385795552,0.9428434448528148,0.951162705375578,1.3674135586589298,0.8731564660824088,False,True,True,False
15,0.9438016155416961,1.3889385239604615,0.8694248465629276,0.944291388655253,0.9512113385564465,1.373081983482436,0.874953120315722,False,True,True,False
16,0.9452564568378721,1.3838487913496929,0.8652324441484631,0.9380164720438069,0.9529188499962232,1.3677333429479868,0.8703720570627576,False,True,True,False
17,0.9465908919735039,1.3879177631770043,0.8648414478971337,0.9333586072321987,0.9539851823046939,1.3731411498453605,0.8700103709079058,False,True,True,False
18,0.9443847154138116,1.3904457852498389,0.8688675151561112,0.9421135382509758,0.9515459893810022,1.3752828086885094,0.8742543606925646,False,True,True,False
19,0.9445658188417946,1.3804619041424737,0.8671917831688597,0.941521370037927,0.9517103999434416,1.3643485816011458,0.8724273153847313,False,True,True,False
20,0.9451341371319536,1.3873735513303675,0.8650213023214016,0.9382619131072218,0.9521185158798723,1.3724457908755272,0.870134897823478,False,True,True,False
21,0.945187007568039,1.3841409895135584,0.8673216520650814,0.9385478543019639,0.9518828867470513,1.3686302649991469,0.8728660290572111,False,True,True,False
22,0.9432707958988537,1.3794320196372563,0.8678126119891749,0.9468434641151986,0.9506564649054267,1.3642532530518323,0.873319704938581,False,True,True,False
23,0.9469256730070581,1.3893402940959974,0.8670782899294942,0.9304821332864603,0.9537005605072947,1.3752226580776077,0.8717602722523942,False,True,True,False
24,0.9446342461520667,1.3882962633198066,0.8643367510545054,0.9408349445024887,0.9519104913658564,1.374004252572657,0.8693655305927191,False,True,True,False
25,0.9426147730006649,1.387197515989618,0.8692086318500402,0.9483963446243231,0.9494812906096716,1.3719028913930547,0.8746287294121162,True,True,True,True
26,0.9452601417364673,1.3804802397713807,0.8651527965363593,0.9384148622253851,0.952220583542819,1.3657736094990873,0.8703707116360018,False,True,True,False
27,0.9427773336693541,1.3775393785580405,0.8673036048560551,0.9479251990014405,0.9498160631325445,1.3626267944432777,0.8727559236319469,True,True,True,True
28,0.9488028458247646,1.3829805949930507,0.8672687953186617,0.9255347312298624,0.9550435634162463,1.3679319469327667,0.8723619961062206,False,True,True,False
29,0.9435575759021207,1.3937532829609278,0.8660470972177355,0.9454570294837237,0.9510072359840084,1.3780463076730392,0.871319553172913,False,True,True,False
30,0.9476804507245316,1.386064845138954,0.8661552872079188,0.9292986812832201,0.9540684439180488,1.3708000763683843,0.87040967533402,False,True,True,False
31,0.94254431817691,1.389202709991761,0.8671507993736426,0.9489289179260789,0.9498280016065693,1.3730495942812626,0.8725533421888005,True,True,True,True
32,0.943236974217731,1.3837213874455836,0.8671778904508863,0.9470579678359166,0.9497613761086615,1.3686880963702417,0.8722792443056713,True,True,True,True
33,0.9436485455060772,1.3830894882190492,0.866539500739205,0.9449840986387701,0.9508784637714442,1.3666778034562947,0.8721587120889177,False,True,True,False
34,0.9467187864291786,1.3868797010265386,0.86694693397232,0.9335017679330142,0.9539974684693165,1.3707735268496515,0.8723783748489934,False,True,True,False
35,0.9443254596399808,1.3864529180682648,0.8676057652338415,0.9422562349811375,0.9513155695272814,1.3709751694461079,0.8731614255088187,False,True,True,False
36,0.9399879564047094,1.3879923133984007,0.8658525295201865,0.9596172368986858,0.9466561956400984,1.3716201967292656,0.8710456811627865,True,True,True,True
37,0.946535907440101,1.380940282617112,0.8671315805612259,0.9351587274137014,0.9540997361756554,1.365402081675341,0.8724688157794084,False,True,True,False
38,0.9459379760995374,1.3759661642316066,0.8657564483378528,0.9366168015502436,0.9531371974615583,1.3602397349099389,0.8716498056448949,False,True,True,False
39,0.9454573327098648,1.38207918044539,0.8677241373540644,0.9375689932327178,0.9524546129442509,1.3665152405628282,0.8728151240127937,False,True,True,False
40,0.9423984471699328,1.38880756671546,0.8674267962755925,0.9494653853140795,0.949921919821864,1.3729483937039777,0.8728869206223026,True,True,True,True
41,0.9446143302932475,1.3836883806993405,0.8664149293649706,0.9413392426528919,0.9507312438343251,1.3678306148276933,0.8715528611564741,False,True,True,False
42,0.9415232216977657,1.3823719987747696,0.8700213484917567,0.953570391054876,0.947637057365449,1.367425959251326,0.8750817977316099,True,True,True,True
43,0.9445707550195848,1.3887689364017766,0.8673433273504058,0.9410193029886395,0.9516663066493516,1.3740801803536027,0.872770703233551,False,True,True,False
44,0.9450663452726479,1.3834586029774514,0.8665774470031004,0.9391639069965136,0.9523066011341309,1.3703784177714138,0.8717895057696954,False,True,True,False
45,0.9421265253512127,1.394329328621908,0.8659405892418357,0.9523495572112087,0.9491559713368757,1.3797915602927187,0.8707102198079751,True,True,True,True
46,0.9406030206676742,1.388906778785688,0.8655138322630317,0.9548087421053,0.9474906774648801,1.3722615744160627,0.8711571457725128,True,True,True,True
47,0.9450584438668757,1.3857599679044685,0.8697323716993502,0.9395659421864729,0.9514630761181369,1.3716475170151066,0.8748182285629391,False,True,True,False
48,0.9415740141387284,1.3901704061014495,0.8663011972274732,0.9531764423071923,0.9490896353076614,1.3738685507500379,0.8716631549481656,True,True,True,True
49,0.940192269759149,1.3906555995464824,0.8673468053103133,0.9564570720184161,0.946718463113993,1.3750470867922508,0.872176075967498,True,True,True,True
50,0.9396527821415389,1.3924177726485862,0.8667583897623764,0.9621240082924453,0.9469031205793699,1.3781990275202571,0.8716627532814588,True,True,True,True
51,0.9446997079675215,1.386853150078406,0.8689422093632305,0.9405454348318462,0.9518232303008537,1.371879934911698,0.874384847770709,False,True,True,False
52,0.9425442844337918,1.386923486992027,0.8666579374197473,0.94917620937699,0.9492059585164183,1.3721109515904277,0.8719360425707324,True,True,True,True
53,0.9447842987119075,1.384480688117084,0.8622764213746721,0.9406023272941658,0.9517118263267894,1.3684111867620992,0.8674778971827216,False,True,True,False
54,0.9427283219585926,1.3915098658609166,0.867600490216238,0.949026457847728,0.9498764387063695,1.3760371772266453,0.8729471535105334,True,True,True,True
55,0.9451096805432905,1.3855161417525332,0.8668159825770606,0.9385907816791975,0.9520848716458157,1.3699526834865627,0.8724710662058127,False,True,True,False
56,0.9450639374501841,1.3775138076196953,0.8684123160215539,0.9393748758873679,0.9517279537667677,1.3622406913557248,0.8734369835042863,False,True,True,False
57,0.9462880931664956,1.3871877823438548,0.8657066379806622,0.9344487118741033,0.9534345564056702,1.3722995240014935,0.8702243711493215,False,True,True,False
58,0.9395852465858808,1.3887122609455393,0.866979491615767,0.9585863700993913,0.9464278767194542,1.373131560890864,0.8724227901913948,True,True,True,True
59,0.9479804585909839,1.3759902962685169,0.8681165653838455,0.9285491055296481,0.9554718188692766,1.3611038000344207,0.873499942774069,False,True,True,False
60,0.939839756140225,1.395432706290208,0.868120050020842,0.9607561713505879,0.9467310101650603,1.3799020072000747,0.8737460371170972,True,True,True,True
61,0.9438903530058511,1.384691338295055,0.8658747202288456,0.9440927742022327,0.9512512314897897,1.3685996739781585,0.8706647865167471,False,True,True,False
62,0.9474352015653396,1.3808834859525616,0.8704816583117896,0.9306627955273549,0.9543250778551661,1.3653966471138876,0.8758651955968993,False,True,True,False
63,0.9425067384221375,1.385772874637706,0.865812979733891,0.9500237448346828,0.9500365996406456,1.370233094316327,0.870513594056366,False,True,True,False
64,0.9435953542439972,1.3913190359846772,0.8669698914287697,0.9448959510066203,0.9503504721319112,1.3763081193972513,0.8725758149439287,False,True,True,False
65,0.9400314499073159,1.3858922117089119,0.8677511254339773,0.9608583971054115,0.9474984112892605,1.3706129422746316,0.8732949563356937,True,True,True,True
66,0.9440715613185985,1.3853996854820592,0.865777700162991,0.9432368167613756,0.9509549279246828,1.3702511170234395,0.8706591581670158,False,True,True,False
67,0.942950106727974,1.3874749335447465,0.8633856133908652,0.9476996123107421,0.9499672526758663,1.371163718148092,0.8681715800994725,True,True,True,True
68,0.9421179395307292,1.3887798100880668,0.867208750506395,0.951646934491729,0.949352522881718,1.373781365626691,0.8725016317315043,True,True,True,True
69,0.9434547840439576,1.3877821819233451,0.8690128874614887,0.9459886827016234,0.9503549926047693,1.3735329472003677,0.8738664934208131,False,True,True,False
70,0.9458576498409006,1.3818689648738163,0.8631263582083254,0.9362039809509438,0.9529406012323169,1.3671561809326471,0.8676244162839941,False,True,True,False
71,0.9393282631025202,1.3927970827722909,0.8664085871599222,0.9634027922202135,0.9459975286154386,1.37731049532821,0.871957872820489,True,True,True,True
72,0.9461878925074407,1.3820562178208637,0.8678964281818716,0.934699815167822,0.9533136239079993,1.366503046677803,0.8729445931817607,False,True,True,False
73,0.9462159132604261,1.3809608446048025,0.8667215808418172,0.9355717736734528,0.9528701306561728,1.3664532316436915,0.8711806844146291,False,True,True,False
74,0.9417906959250447,1.3840068344860676,0.868355853951396,0.9523684060229045,0.9488019866238975,1.368435369436084,0.8739226094966566,True,True,True,True
75,0.9479029943382606,1.3777118629075533,0.867851440947477,0.9291206907439272,0.9548870420647941,1.361914358226844,0.8731942554609918,False,True,True,False
76,0.9398630339083264,1.3883615030032128,0.8681071465941195,0.9647017622889421,0.9467238749411284,1.3730000622466196,0.8732691104699836,True,True,True,True
77,0.9447900063280112,1.3920467050469714,0.8697263967247492,0.9400433440835768,0.9518397788406313,1.377165333198071,0.8750421479197764,False,True,True,False
78,0.9394796194816064,1.381951933678357,0.865608719346049,0.9590922103066056,0.9462458008905507,1.366909000911207,0.8707460589475841,True,True,True,True
79,0.9425633549730855,1.38689000140364,0.8660810674043586,0.9491024277048884,0.949672928913394,1.3723832927338366,0.8716398900438436,True,True,True,True
80,0.9445395111577826,1.3784598796151477,0.8698946590279061,0.9416108366129864,0.9516641207433655,1.3624261879967905,0.8754748130488686,False,True,True,False
81,0.9425244322779738,1.3914013443772644,0.8681851862705287,0.9495009825913003,0.9492664382252856,1.3771338011855911,0.8736597127317806,True,True,True,True
82,0.9453027166212116,1.3864819853631076,0.8674006276593045,0.938510049193843,0.9520971639611716,1.371182781572617,0.8730905320212754,False,True,True,False
83,0.9442928677418352,1.3869849017386937,0.8663579727226806,0.9423485862358975,0.9508950183147308,1.3731074915185701,0.8717917316038282,False,True,True,False
84,0.9444433893299156,1.3881034300543689,0.8675487164737182,0.9417376183220831,0.9514455734001638,1.3724837835499215,0.8725708256294866,False,True,True,False
85,0.9455698610541932,1.3797075030036874,0.8694029530615922,0.9379036656670983,0.9522356883948849,1.3656559503444183,0.8745762510705544,False,True,True,False
86,0.9465306565326119,1.3846913691110936,0.8667617827785794,0.9312465452887575,0.9540953838915898,1.3692094937765873,0.8721897151436699,False,True,True,False
87,0.9480410398721255,1.3850417789678275,0.8689300219608774,0.9281541002187127,0.95513188470245,1.3695079632537963,0.8743574288088675,False,True,True,False
88,0.9439526339495553,1.3910212031963203,0.8635604443807098,0.9439674229237878,0.9513225254754397,1.3768646336394514,0.868616939664901,False,True,True,False
89,0.941420340528166,1.3917049326025774,0.8670072588713625,0.9532107506872464,0.9481221592728766,1.376382162795269,0.8723285878291116,True,True,True,True
90,0.9430940994137469,1.389029565136957,0.8684083474149484,0.9472589172671766,0.9496082703759172,1.375160420339389,0.8734918203326919,True,True,True,True
91,0.9467673308951171,1.3843650525492148,0.8674836538338022,0.9334390848846283,0.9542984943796701,1.3686126533849075,0.8724581825870944,False,True,True,False
92,0.9435664254672339,1.3869946009403313,0.8658613234111022,0.9452473434338946,0.9508346814818046,1.3717427014281958,0.8710422302841948,False,True,True,False
93,0.9418599061639912,1.3874281416826668,0.865842641261498,0.9531451880308551,0.9489901999333792,1.3719068901466147,0.8708306527888213,True,True,True,True
94,0.9420161193818318,1.3930653466740173,0.8645579852310905,0.9513043612469356,0.94910319758425,1.377550614273335,0.8691981619638711,True,True,True,True
95,0.945435687329776,1.3852072724685964,0.8661885035434284,0.9382854315605048,0.9531510958121746,1.3699057767959797,0.8714962469931617,False,True,True,False
96,0.9457050325697861,1.392101887164841,0.8663225139273443,0.9368693120274098,0.9524584315342317,1.378157652490249,0.8715053228990479,False,True,True,False
97,0.9426867573589676,1.3897067099502989,0.8661437797054499,0.9483962254639263,0.9500359535179881,1.375260050819432,0.8713623479871317,False,True,True,False
98,0.9451493455742871,1.3818389811712795,0.8695154505060062,0.938975513256557,0.9523174096123639,1.3665418907105353,0.8744156227392818,False,True,True,False
99,0.9418690679542117,1.385975406347417,0.8686040817681575,0.9528431354993967,0.94889932604819,1.37035657382649,0.8737141202206737,True,True,True,True
100,0.9430124063529753,1.3837946711169937,0.8640575226023238,0.9478769707975226,0.9501070739208437,1.368898850275573,0.8689984417160603,False,True,True,False
101,0.941313681945672,1.3936144383295566,0.8668867936268267,0.9548240779411952,0.9488556619702142,1.3790210449475861,0.8721048938859614,True,True,True,True
102,0.9423712590804818,1.3881027860051833,0.867328185102916,0.950257344436708,0.9492779649050068,1.3732250891358218,0.8727949051239635,True,True,True,True
103,0.9402235211654636,1.3921666120484106,0.866786528892749,0.9615906477793816,0.9470641766874022,1.3776020433510678,0.872215415896321,True,True,True,True
104,0.9449504572092507,1.3820418773591625,0.8671965919875635,0.9401393904952644,0.9517477089730055,1.367223414159246,0.8721744087637845,False,True,True,False
105,0.9386240621076759,1.3925993588021421,0.8661616486394952,0.9630931856929287,0.9458443599845443,1.3768123658153544,0.8713606308904777,True,True,True,True
106,0.9435082929534516,1.3883672525439408,0.8671272466809922,0.9455435137557606,0.9503040403047206,1.3723382170258371,0.8723583336862409,False,True,True,False
107,0.9427170775206389,1.3826162879276196,0.8688953968866153,0.9488795922224738,0.9495114492996474,1.367496507204198,0.8745767872501952,True,True,True,True
108,0.9413465145934672,1.3899513441954026,0.8678082248262099,0.9551552425136173,0.9484169696963363,1.3746491289727207,0.8733754025311788,True,True,True,True
109,0.9442361619307732,1.3832669047742292,0.871335911188724,0.9425194689354175,0.9509428348304131,1.3680028684103982,0.8761248504644922,False,True,True,False
110,0.9444941673922448,1.378969625737463,0.8677432158599511,0.9411286182611401,0.9513991220711797,1.3635530896777661,0.8731958695357291,False,True,True,False
111,0.9434768272340244,1.390851166570483,0.8666263029984842,0.9455936908738994,0.9507680867908449,1.3768400698808554,0.8716146800044037,False,True,True,False
112,0.942343481428681,1.3831205217163227,0.868931662241837,0.9497522196034195,0.9491382411036493,1.3686529861401924,0.8743419146637695,True,True,True,True
113,0.9418336779676527,1.3881337994672756,0.8667469043529659,0.9514310169093464,0.9489244976574249,1.3730223944796893,0.8718078016288798,True,True,True,True
114,0.9464215112684936,1.3828733314794215,0.8639142001298729,0.9336716037998594,0.9537463378170014,1.3661812145843155,0.8687096368335083,False,True,True,False
115,0.9425877786213763,1.3884749305665651,0.8687808446844592,0.9489758312615841,0.94973883195085,1.372893312601337,0.8739575775400406,True,True,True,True
116,0.9465506117072886,1.3810250577407412,0.8708510343262698,0.9332635251604701,0.9540440132277629,1.3655607260983982,0.8761591310973019,False,True,True,False
117,0.9448275551368628,1.3751500354229975,0.8668304480001362,0.9402463529244812,0.9520712762869397,1.3597571349204356,0.8725482357398852,False,True,True,False
118,0.9449730926205399,1.386445998002568,0.8674611015065449,0.9391390486531169,0.9523411349287969,1.3721655730909352,0.8728566199674487,False,True,True,False
119,0.941097124901295,1.391291259385182,0.8678274298175277,0.9545880011020964,0.9483994577766587,1.3757448490903137,0.873146073060285,True,True,True,True
120,0.943651627248253,1.38851668577288,0.8666121791946364,0.9449176476647373,0.9503721964015778,1.3738205940995867,0.8721206364191293,False,True,True,False
121,0.945598137139196,1.394331321693463,0.8669786151469847,0.9371130757664685,0.9527944657980805,1.3792027312064898,0.8721873923149634,False,True,True,False
122,0.944695755573826,1.3872762361836632,0.8655771411786783,0.9401852349713804,0.9510570360037168,1.3730291696016428,0.87073816564008,False,True,True,False
123,0.9411457992844715,1.3878973486459663,0.867199790782156,0.9568813265725918,0.9479145916319659,1.3725782703156588,0.8722255903251876,True,True,True,True
124,0.9466961409014542,1.380463317723854,0.8668251418781454,0.9336301602305895,0.9538678307507434,1.3654328289290092,0.8722187092041321,False,True,True,False
125,0.9474034890789593,1.3894285679935559,0.8648723484340456,0.9321993604966942,0.9538233702695178,1.3741467659047606,0.8699453406319089,False,True,True,False
126,0.9438294361246309,1.3842487227124942,0.8663803408228233,0.9441427743141724,0.9513309633189435,1.369213313877801,0.8715162825496869,False,True,True,False
127,0.9461583098255337,1.3852652865368795,0.8686015200062681,0.9339439720179051,0.9532553674488974,1.369660182327638,0.8738667514271319,False,True,True,False
128,0.9437182286796392,1.3868104844818945,0.8659705443620396,0.9446221804354417,0.9511462029991932,1.3720301534729173,0.8714610591831032,False,True,True,False
129,0.9442776598304071,1.3829302202534068,0.868203834099882,0.9419425909830187,0.9513006604019587,1.3676697255578947,0.8734981659956002,False,True,True,False
130,0.9415761485187543,1.390621779457231,0.8694325733059954,0.9541885193340757,0.9487525883454139,1.3759498628036508,0.874733838121283,True,True,True,True
131,0.9439127771028606,1.3818239962787453,0.870113148161395,0.9439310064562689,0.9506002975200171,1.3668928282103447,0.8754392200510317,False,True,True,False
132,0.9427536897532651,1.3805790708422796,0.8683071942232637,0.9482987290111157,0.9498573162461379,1.3645687846971326,0.873489565899627,True,True,True,True
133,0.9471754219280828,1.3800543319638086,0.8667255039125413,0.928214084467838,0.9544087359986076,1.3645853635470395,0.872158889446875,False,True,True,False
134,0.9435142731633894,1.3830865786932733,0.8680385296244276,0.9455934609059502,0.9507607148668318,1.3673683795662017,0.8735237910001035,False,True,True,False
135,0.9431070957893672,1.3879456903980065,0.8688482641743712,0.9470843058610723,0.9501063395876029,1.3733123284463338,0.8743823608650256,False,True,True,False
136,0.9415789726391496,1.390265109737808,0.8684267965077233,0.9532058908022796,0.9485127712793632,1.374654848224505,0.8737015359368046,True,True,True,True
137,0.9465470470416352,1.3855022669311419,0.8688584661664387,0.9341536759232283,0.9535834093292412,1.3703011198149453,0.8745412341093588,False,True,True,False
138,0.9452370157319638,1.3961155017724285,0.8651945356492744,0.9391127111077933,0.9519769205166206,1.3822906325680508,0.8699409058799381,False,True,True,False
139,0.9433850198201261,1.3925404398929362,0.8651356749483959,0.9459634106089738,0.950274419096079,1.3778885215501746,0.8702536819420071,False,True,True,False
140,0.9439797008318963,1.387532288825049,0.8673745014201641,0.9436039744460626,0.9499265431689856,1.3723651981477818,0.8726873939486085,True,True,True,True
141,0.945632765430302,1.3791445574741286,0.8678513731825525,0.9373235396141687,0.9525394560831854,1.3635748630208708,0.873177729115729,False,True,True,False
142,0.9431894054267741,1.3845753978681352,0.8690037585454305,0.9470417937302025,0.9506062013896505,1.369083726949137,0.8745962560106987,False,True,True,False
143,0.9427479990675977,1.3804945448708026,0.8688774450766228,0.9487195843714852,0.9495745883734228,1.36527136217834,0.8741223897241075,True,True,True,True
144,0.9444214694149273,1.387948809897351,0.8670340317306527,0.9413334693092877,0.951371461335214,1.3724464082516925,0.8726815270312758,False,True,True,False
145,0.9410607910485508,1.3924363033764389,0.8654414233677472,0.9544814974826602,0.9486739083936749,1.3773045136357422,0.8706379017516676,True,True,True,True
146,0.9413338605332007,1.3870157798035057,0.8689431628445837,0.95351457927742,0.9480215597859439,1.3719498552782412,0.874505384824963,True,True,True,True
147,0.9414229081722287,1.3801457121232255,0.8674631714229499,0.9543694598025171,0.9485507030395884,1.3644445815805333,0.8729643690711069,True,True,True,True
148,0.9422967146982871,1.389726765820804,0.8668106971855658,0.9505077756852803,0.94930734050951,1.3743612827965974,0.8715344439700244,True,True,True,True
149,0.9450411724866465,1.3766743115388733,0.8681366810475387,0.9384199998012065,0.9525765837636251,1.3611080388880306,0.8735006503401835,False,True,True,False
150,0.9446612639254413,1.387019890260631,0.8653620303865696,0.9405560893040522,0.9515754702648659,1.371659503751874,0.8708491811188311,False,True,True,False
151,0.9424430751176233,1.3804575640542578,0.867058457260565,0.9493275547216095,0.949797453685807,1.3653121069096434,0.8720624448330814,True,True,True,True
152,0.9449240771841422,1.38414019309002,0.8679589700648943,0.9396959783480762,0.9518075400796542,1.368966147093944,0.8731940084740856,False,True,True,False
153,0.9431854307712387,1.3862392264771974,0.8659891988894156,0.9466831769037597,0.9503149250726676,1.3715662103065493,0.8714388132248668,False,True,True,False
154,0.9434164363369082,1.3810669828097213,0.8651163589228538,0.9455788284725718,0.9502093750348906,1.3661324529779757,0.869812442586637,False,True,True,False
155,0.9424819062765611,1.3864925662273677,0.867493597817836,0.9498143131768687,0.9494981565978577,1.3714888858123124,0.8726154212610254,True,True,True,True
156,0.9419569654912658,1.3898655032836795,0.8658234647374297,0.9517379808425896,0.9489574395212327,1.3743080527052192,0.8709047122557282,True,True,True,True
157,0.9419663782348279,1.3900216844878261,0.8677259843171332,0.9522584171207654,0.949084540946384,1.3752997041488988,0.8726213633349953,True,True,True,True
158,0.9462226771909193,1.3832623685020708,0.8668374417335069,0.9345929272137152,0.9531601492180095,1.3679239443890727,0.8717176716258332,False,True,True,False
159,0.9477688437093951,1.3836361255501215,0.8656933826010386,0.9268721723388548,0.9544681211407836,1.3682870429180076,0.8704448498568746,False,True,True,False
160,0.9443100554757162,1.3814290769719835,0.8703563799301829,0.9426241058085609,0.9514016616392497,1.36564002723094,0.8755481418800707,False,True,True,False
161,0.9455577217666311,1.395281492697137,0.8655135563358489,0.9371892869147916,0.9527139345391242,1.381037009815791,0.8713483981645266,False,True,True,False
162,0.9414634372991557,1.382844662972198,0.8672004324178237,0.9535469753573282,0.9479057047675449,1.367706136601294,0.8723787532728261,True,True,True,True
163,0.9434090682812833,1.3880165024012512,0.8664777624094542,0.9458539984955306,0.9502776827438277,1.3723016505368792,0.8717280094677596,False,True,True,False
164,0.9449743514140729,1.3889699358703353,0.8662551175701455,0.9399325257391038,0.951763714489151,1.3732297367689292,0.8711137693197644,False,True,True,False
165,0.940396772974879,1.3881929545297251,0.8683443015255758,0.9589021963471738,0.9473007012073693,1.37331537127626,0.873655043126359,True,True,True,True
166,0.9435862363474095,1.3901177557146156,0.8697970301963259,0.9451974648328113,0.9508016870019167,1.3754505463096474,0.8750996265243242,False,True,True,False
167,0.9441456090911675,1.3858640339023984,0.8678931361688179,0.9428370511015556,0.9517027304533926,1.3708258348601552,0.8734395602836169,False,True,True,False
168,0.9432792980067114,1.3839320600335563,0.8688998314331504,0.9466325945768872,0.9506377720442224,1.3677455366012727,0.8743175144729736,False,True,True,False
169,0.944624035265253,1.37887833478873,0.8705017684894386,0.9415097140956358,0.9510204621433099,1.3644534552158363,0.8755321452180498,False,True,True,False
170,0.9445826924435107,1.3882934824303432,0.8648411040453474,0.9410431343155184,0.9515600948151149,1.3731842773881024,0.869630433481163,False,True,True,False
171,0.9431825478240268,1.3911868376230128,0.8680839848150557,0.9465534201369665,0.9498186581325193,1.3756107208406256,0.8732550938484588,True,True,True,True
172,0.9406580668553434,1.3803118861687347,0.8667100524968545,0.9555050870241353,0.9480149604532679,1.3650269772220063,0.8723022355714924,True,True,True,True
173,0.9404987176484059,1.3916855269604984,0.8666051931177567,0.9576520388635099,0.9473937467706341,1.3769339898593993,0.871902776830366,True,True,True,True
174,0.9464951082969866,1.3886875565369337,0.8687166208124292,0.9316843194053335,0.9531998362579749,1.3730444200381795,0.8737795962385283,False,True,True,False
175,0.9437969270403573,1.3893193863807307,0.8681875792141952,0.9443805827300432,0.9510507410678144,1.3733530350724579,0.8736306324864506,False,True,True,False
176,0.9422455111979675,1.396304945460995,0.8658046050013126,0.9501308053969931,0.9500685649238149,1.3818486667636556,0.8708941074722284,False,True,True,False
177,0.9462854840898682,1.3794309274453167,0.8673520948237471,0.9351932442919922,0.9535351366207494,1.36457381746783,0.8727761382292502,False,True,True,False
178,0.9444842170444561,1.3901889320344256,0.8676366695388334,0.9413858599056841,0.9515128053159366,1.375683027745481,0.8726823138101635,False,True,True,False
179,0.9427164102136426,1.3881488182743413,0.8688841096827802,0.9494832548969467,0.9496837013333828,1.37306761095518,0.874136472266607,True,True,True,True
180,0.9418755480008523,1.3880853065884824,0.86689841605767,0.9526971492888939,0.9489603052613251,1.373679071722057,0.8725134810112494,True,True,True,True
181,0.9455810903398747,1.3808204023071293,0.8687114004339843,0.9368115290246785,0.9526582055948992,1.36582280565553,0.8741336369219652,False,True,True,False
182,0.9468938246844493,1.3841424535089824,0.867409082264438,0.9322998208306686,0.9538121771057663,1.3695139590729857,0.8726693855181732,False,True,True,False
183,0.9445726230656952,1.3831399317406143,0.8691991972231818,0.9410145211912347,0.9514121407256806,1.368261674437722,0.8744685936333738,False,True,True,False
184,0.9439987580310897,1.3848045070291244,0.8691710280531108,0.9434735639919516,0.9513122158825962,1.3694085875759192,0.8745872600330559,False,True,True,False
185,0.9423904544613027,1.3872264377233918,0.8685655588606647,0.9494225874341704,0.949387138755812,1.3730143010858096,0.8740572745130157,True,True,True,True
186,0.9463347930587243,1.3815513626834381,0.8673467704690901,0.9330870811344285,0.9534833463966107,1.367382014190141,0.872733918575453,False,True,True,False
187,0.944547149711519,1.3908188511994115,0.8666823087752229,0.9415375988083751,0.951780731371836,1.3748546592168758,0.8722687115229975,False,True,True,False
188,0.9455409989935498,1.3904402427800884,0.8658612195653267,0.9374933368082348,0.9528587273164213,1.3757203195755872,0.8710615287181512,False,True,True,False
189,0.9408573737573708,1.3861614653121699,0.8672747635533639,0.955444845182454,0.9479070344527117,1.3696680513171744,0.8725672766902571,True,True,True,True
190,0.9429712085340566,1.3862957095020052,0.8676038413556938,0.947746624729931,0.9501348802617807,1.370289963983747,0.8732320990061535,False,True,True,False
191,0.9395211995171253,1.393543388131075,0.8675590668802231,0.9625226940822753,0.9463384145924749,1.3788404345154321,0.8731321693581483,True,True,True,True
192,0.9464478492972519,1.3846444737294448,0.8649849790202845,0.9329140159243966,0.953568549198255,1.3690996894592276,0.8700476172315526,False,True,True,False
193,0.9452048054993613,1.3885895593869733,0.8683423151541281,0.9393167258086398,0.9517161950207765,1.3721619801688663,0.8732673523845687,False,True,True,False
194,0.9451980287385737,1.3906865795478116,0.8680405366213405,0.9385640840741005,0.9521993111464527,1.3759132553186717,0.8732817293224926,False,True,True,False
195,0.9448420797549084,1.3886739043746383,0.8671840874896867,0.9391950388494398,0.9516493943911354,1.3746949432362305,0.8719846028951415,False,True,True,False
196,0.9450120215297585,1.3922792498319307,0.8643328407600891,0.9394481668820157,0.951954996271879,1.3767815703176458,0.8691819082062717,False,True,True,False
197,0.9432048372831793,1.387598864035669,0.8667278305235322,0.9468490382183568,0.9501112669274713,1.372592129740263,0.8719509201897421,False,True,True,False
198,0.9435912473517339,1.3800831439237808,0.8663418297251402,0.9448917152948503,0.9512132150405176,1.365635822109002,0.871886344366513,False,True,True,False
199,0.9439042263172119,1.3884875086396853,0.8645799207791047,0.9438464222104122,0.9511417503062123,1.3741716009478193,0.8695408066287562,False,True,True,False
200,0.9453596434027294,1.3870583454410839,0.8663667339575466,0.9366367186430213,0.952471089468882,1.3714328248262304,0.871645466750025,False,True,True,False
201,0.9439101538931834,1.3876030303201496,0.8687286510518237,0.9438422592834614,0.9509689824722205,1.3731710172913572,0.8738550843022452,False,True,True,False
202,0.9417933421634396,1.38147820623211,0.8661424949674463,0.9528467065252838,0.9488329067770644,1.3657633567254026,0.8715351908335164,True,True,True,True
203,0.9442308733093459,1.380413684699382,0.8668426455492008,0.942712738728841,0.9512486362558702,1.3648938556518917,0.8721949923945757,False,True,True,False
204,0.9421825764753272,1.385798802785736,0.8681939273738791,0.9510278868301569,0.9491656036047863,1.3698007403858485,0.8732418648219765,True,True,True,True
205,0.9453864248344866,1.3830795201921133,0.8682359109682355,0.9385340647844935,0.952034494983439,1.3669812645938066,0.8730653940311097,False,True,True,False
206,0.9457419670777707,1.386537582484558,0.8668827875365602,0.9367994485128001,0.9527412928373029,1.3704965553423134,0.872341147291032,False,True,True,False
207,0.942098835688675,1.3943998752447455,0.8671637154395775,0.9516305496092057,0.9491317356816298,1.3808839872313445,0.8725580840632114,True,True,True,True
208,0.9382255967482307,1.394172979175964,0.8654178722272108,0.9678933166362231,0.9449997530864166,1.3791686174377933,0.8704811550799261,True,True,True,True
209,0.9458901209476385,1.3880361055733474,0.8649194139347522,0.9360386107626715,0.9533215875863486,1.3724365881185552,0.870198767248191,False,True,True,False
210,0.9422088883418408,1.3881627487088435,0.8672209210878827,0.9498446232548048,0.9494573822892253,1.373763413053319,0.8724611310657024,True,True,True,True
211,0.9426700147586833,1.3898399639355348,0.8681768238046391,0.9498984300335601,0.9491133027686633,1.3750155078216089,0.8733161451510537,True,True,True,True
212,0.9423743290039872,1.3877073203597858,0.8688617448686877,0.9514229208456418,0.9490899535638561,1.3724005789300415,0.8743854727288075,True,True,True,True
213,0.9416905588992073,1.3935730906306147,0.8645578823668659,0.9524317770852517,0.9484994525128037,1.378118719601682,0.8700221443409213,True,True,True,True
214,0.9457513994300023,1.3870650724196831,0.8694056917289428,0.936703378398228,0.9523918296777669,1.3717129490845674,0.8744416019598682,False,True,True,False
215,0.944055249707399,1.385275373235334,0.8644203157125623,0.9433250998328039,0.95137213720491,1.3701973445004023,0.8691445512079117,False,True,True,False
216,0.9454356261042818,1.3839622915999883,0.8663061805429998,0.9377802607183948,0.9524562445428614,1.3699881630047757,0.8718138083839388,False,True,True,False
217,0.9415991592914363,1.3828978950458461,0.8681151276768434,0.9538520252826709,0.9486379193017791,1.3683923302775731,0.8731979075745151,True,True,True,True
218,0.9391393443569814,1.388854809415557,0.8660841098832577,0.9606511523919676,0.9462681342474565,1.37272324135866,0.8714037198176668,True,True,True,True
219,0.9456328247422695,1.3858443646155543,0.8682741552519064,0.9368481436935011,0.9530559495864411,1.3695010143635094,0.8737252937842135,False,True,True,False
220,0.9491312983662408,1.3784941956105585,0.8666343912040871,0.9240318206675314,0.9566764090094629,1.3628287028475055,0.8719998578753926,False,True,True,False
221,0.9438440297008607,1.3848635661575426,0.8661230626879481,0.9441986766248127,0.9504554949997528,1.369520474124953,0.8714149457693096,False,True,True,False
222,0.944378501044664,1.3865165015159788,0.8680161366673509,0.9419657959956387,0.9509251338093682,1.3717319507010173,0.8729241830920641,False,True,True,False
223,0.9445471409650638,1.3827986754734831,0.8659039268850991,0.9413800340967892,0.9513202381802809,1.368140111666475,0.8709246966229721,False,True,True,False
224,0.9444649049304611,1.387650538467276,0.8695747451985694,0.9415018226236626,0.9513359843689795,1.3727041779046756,0.874802275510365,False,True,True,False
225,0.9475700889552664,1.382451600536707,0.8664901729696003,0.931299969456191,0.9543149377701248,1.3656622098114137,0.8714021002022211,False,True,True,False
226,0.9462280723177768,1.382542984799578,0.8684176331772665,0.9344651299918688,0.9531587531337481,1.3664216120716715,0.8738115867222419,False,True,True,False
227,0.945390627721492,1.3824574721369174,0.8661425184075877,0.9375352809342354,0.9526679681898419,1.367421884965917,0.8712705295409174,False,True,True,False
228,0.9438625762923265,1.3878808726984386,0.867371587247575,0.9440655385820583,0.9510795372440547,1.3723042331116242,0.8722816982195039,False,True,True,False
229,0.9444439657235925,1.3817751045845519,0.86739697659971,0.9417215999016887,0.9514399542951938,1.3670126302806356,0.872889918940747,False,True,True,False
230,0.9441586545845674,1.3745280554698074,0.8688574858988866,0.9433794754363727,0.9514326254369759,1.3583756502209987,0.8743389584921142,False,True,True,False
231,0.9418463112837006,1.3880994310091306,0.869629660644378,0.952331227213102,0.9481053035062086,1.3730854189413335,0.8750155221701343,True,True,True,True
232,0.9444877718531568,1.3883551902029796,0.8651282518763538,0.9418147959603921,0.951557533535412,1.3722249068718775,0.8702458589264315,False,True,True,False
233,0.9415920989399914,1.3955656740152615,0.8680206582776571,0.9541321766993649,0.9486781328281788,1.3815058253876236,0.8732345404208921,True,True,True,True
234,0.9437282516545172,1.3900611464679122,0.8670964846061249,0.9446128751357686,0.9505908070341614,1.3742578294375758,0.8724484965026957,False,True,True,False
235,0.9447558099883642,1.3817423292948985,0.8665168916790896,0.9405769469797689,0.9516544104384782,1.3665000601856387,0.8713890913904433,False,True,True,False
236,0.9418352510883191,1.390755704267967,0.8674148867645239,0.951567443403628,0.9490142596064386,1.374826339716507,0.8727654871727111,True,True,True,True
237,0.9438852780338436,1.3857620285396,0.8683152777246105,0.943942282256015,0.9506555304698522,1.3697715579933876,0.8736266924292158,False,True,True,False
238,0.9452301895093344,1.3903940108965858,0.8679634821601847,0.9382969090338837,0.9519987688996173,1.374735396491063,0.8735130957762853,False,True,True,False
239,0.9473578156217661,1.3817908873290867,0.8666101787339712,0.9299818988862258,0.9546208679282151,1.3674933097054824,0.8718370707174589,False,True,True,False
240,0.9418044141084234,1.386222482822222,0.8673637005765724,0.9534799126840293,0.9483945971934241,1.3714716597580603,0.8725866056762211,True,True,True,True
241,0.9441020668335675,1.3860667974124052,0.8668108345546776,0.9431092197817268,0.9516091351378074,1.3704649431412317,0.8716872810564515,False,True,True,False
242,0.942194501126741,1.3912035969564216,0.8657901933323942,0.951268846839414,0.9495009363962006,1.3750251938401346,0.8708689375312947,True,True,True,True
243,0.9421605164913792,1.3867701770349807,0.8645492450040698,0.95132461700066,0.9490672125060549,1.3723628556864726,0.8693781505392266,True,True,True,True
244,0.9462444148763495,1.385621654450511,0.8667961548873925,0.9355081689212327,0.9535633568612729,1.3697552685097054,0.8720974429637269,False,True,True,False
245,0.9444027699750177,1.3892429976848477,0.863629494681521,0.9421161219082184,0.9514460599944786,1.3741204417965838,0.8689026033297285,False,True,True,False
246,0.9434094010852564,1.3830913378363718,0.8670882940603378,0.9460532105838332,0.9506051998768289,1.3674653052656394,0.8726602777862102,False,True,True,False
247,0.9430888019576068,1.3854768703597944,0.867545765199075,0.9475800256254496,0.950284913226955,1.3702750794600576,0.8732580090933166,False,True,True,False
248,0.9436337918610443,1.388455941980641,0.8666321479609801,0.9450147602425678,0.9506913313585627,1.3737181101834173,0.8716719546663979,False,True,True,False
249,0.9420034682189675,1.3928249632474985,0.867252004562401,0.95093522416354,0.9487872700687305,1.3787234743297816,0.8726219514987364,True,True,True,True
250,0.9418006808698299,1.3867774817560523,0.868339173324535,0.9527381936822751,0.9488205326895703,1.3710137600508436,0.8735085995268923,True,True,True,True
251,0.9404083383625065,1.385519102940652,0.8658404710001888,0.9565641485483917,0.9472810013839046,1.3700745033367685,0.8714022381929432,True,True,True,True
252,0.9416138286909848,1.3923050085506259,0.868086364980775,0.9542372284232251,0.9485953640579328,1.3779013143358416,0.8736637795283712,True,True,True,True
253,0.9436284212533627,1.390517771852199,0.8663174176363736,0.9448865890815008,0.9508480795112316,1.374767644624474,0.871688888080631,False,True,True,False
254,0.9429222813920127,1.3807911607770922,0.866584382934133,0.9482818377840059,0.9501018817199783,1.3650191534031733,0.8716900712274365,False,True,True,False
255,0.943103352735382,1.392537996059668,0.8681244183941151,0.9471106927820433,0.9499661868751181,1.3768567131260232,0.8737844211599768,True,True,True,True
256,0.9419115473862762,1.386947041044798,0.8657348670373071,0.9517778328721832,0.9489107101116444,1.3715276934865157,0.8707052154604832,True,True,True,True
257,0.9424082942628202,1.396371686504514,0.867070494105245,0.9504573592632745,0.949380367056429,1.3818223697205012,0.8724911853671696,True,True,True,True
258,0.9437418589435451,1.3798252672721003,0.8654430938674176,0.9445171817875162,0.9507853334657841,1.3637542282557351,0.870563065562491,False,True,True,False
259,0.9441234979057055,1.3817997476827715,0.8683609318458485,0.9431478816570477,0.9514381092019524,1.3663315064197212,0.8738329375016537,False,True,True,False
260,0.9444736854864152,1.3902570931781044,0.8670598569456645,0.9415587585760846,0.9511815226807038,1.3757902611323396,0.8722283376945037,False,True,True,False
261,0.9416621452382017,1.3875135536152485,0.8680809759227421,0.9540175679051606,0.9484500351909952,1.3724768119920516,0.8733700516445719,True,True,True,True
262,0.9418718354769574,1.3917419636848856,0.8682772814057477,0.9526047141759683,0.9481614802956839,1.3775266366661676,0.873688526188372,True,True,True,True
263,0.9454796792592243,1.3775016055404161,0.8690095175692817,0.9379718675547168,0.9527506471906726,1.3623785036393847,0.8744003939941705,False,True,True,False
264,0.9413556724485892,1.384679750494447,0.8670210742946006,0.9541286926898662,0.9484215964397403,1.3698957923643622,0.8726113552204413,True,True,True,True
265,0.9476435862014498,1.3835084276148695,0.8649860855560979,0.9284492203058579,0.9546617874862809,1.368327547385698,0.8698614207787819,False,True,True,False
266,0.9427643384535068,1.3817713763199124,0.8675130455307992,0.9486583382573416,0.949773149314777,1.3661892276735348,0.8723881617818123,True,True,True,True
267,0.9447834057732584,1.3814163731024025,0.8667345584460573,0.9402904371809726,0.952108170709963,1.3656410867586677,0.872128195431401,False,True,True,False
268,0.9399117694580739,1.391012477822053,0.8659470897700755,0.9602543143545823,0.9473529649872585,1.375694645084929,0.8713281765667116,True,True,True,True
269,0.9459210649212936,1.38157383400906,0.8683672484078038,0.935817895531566,0.9530375931263906,1.3652924319442112,0.8738658972476654,False,True,True,False
270,0.9418812942623681,1.3878924955383174,0.8672480743522821,0.9516331953689758,0.9489870730851243,1.3731194520349699,0.8727250311307393,True,True,True,True
271,0.940941484771075,1.380899177170257,0.8674600298353996,0.9559372695792634,0.9479259217918308,1.365350527540706,0.8729642539422995,True,True,True,True
272,0.9434915384174785,1.3821925482170827,0.8672941877104029,0.9459635184218217,0.9505420066471194,1.366649297596931,0.8725303943401189,False,True,True,False
273,0.9472542299866223,1.385419911621843,0.867386751166945,0.9301412867926742,0.9540132974568233,1.3692197510081803,0.8721218428288087,False,True,True,False
274,0.9400208193907391,1.3956582468660501,0.8647107552699855,0.9593174470293787,0.9473239938458189,1.381005763070962,0.8695518993152297,True,True,True,True
275,0.9428960850604556,1.3839179785030014,0.8700940877412972,0.947930321366538,0.9496898192837715,1.3685487260323763,0.8752635315582491,True,True,True,True
276,0.9443542480519,1.3823116682648455,0.8683369005219657,0.9423157836750764,0.9514288334870663,1.367053198578643,0.873552518405999,False,True,True,False
277,0.9467421945757626,1.3834859535628312,0.8663042727366931,0.9339107967113766,0.9537454702587284,1.3688207466058306,0.8710568350474726,False,True,True,False
278,0.9442697573808445,1.3811647246866965,0.868776572995547,0.942587724337137,0.9507473173077119,1.3650437048758368,0.8738636297512556,False,True,True,False
279,0.9466214014120227,1.3809455191017452,0.8685299040416056,0.932647419490307,0.953394671081319,1.3652686854464318,0.8735909982208185,False,True,True,False
280,0.9454455308405184,1.38634444489123,0.8692917431496774,0.9374126685052678,0.9526569363767767,1.3712599526907578,0.8746759174591509,False,True,True,False
281,0.9446774660775326,1.3847205171777768,0.8680822444273636,0.9413066973568969,0.9517335711415504,1.3690691444719152,0.8733384860953916,False,True,True,False
282,0.9423574935624505,1.3902527408055034,0.8669389038522803,0.9505483281615666,0.9490057832191887,1.3744398427755,0.8719573177511627,True,True,True,True
283,0.9443628411066367,1.389259022238475,0.8694398631224372,0.9417645554779474,0.9512947489821457,1.374303542223071,0.8745706792808282,False,True,True,False
284,0.9425132376278142,1.3823002192196252,0.8666777212294374,0.9491916235116074,0.9493311583772086,1.3665406491418917,0.8713933148765568,True,True,True,True
285,0.9456075797870817,1.3910864423054403,0.8685730159264622,0.9375293745968347,0.9526190784070089,1.3752480855158826,0.8736783084060381,False,True,True,False
286,0.9429854408172571,1.3826836559608955,0.8698970997744127,0.947430336310763,0.9497566454871785,1.368074097132835,0.8751414176826857,True,True,True,True
287,0.9422650312400297,1.3860967105564985,0.8664388379078369,0.9511485070407304,0.9493698135917462,1.3701007514001837,0.8716423878103668,True,True,True,True
288,0.9398821339403598,1.391527124190813,0.8669908245856472,0.9584829791430689,0.9467965835497337,1.376935584174691,0.872352331274603,True,True,True,True
289,0.9452462558895321,1.3835821523698435,0.8698569417163518,0.9392981147379001,0.9522503761550529,1.3679137858299741,0.8753130054004665,False,True,True,False
290,0.9447611451300748,1.3825963107546289,0.8668037401886777,0.940490936060454,0.9515380920888811,1.3676154259642783,0.8716035719268727,False,True,True,False
291,0.9434330695802574,1.3808509163981568,0.8638289152898178,0.9459794320624707,0.9509235515934504,1.3656377626350118,0.8691072839105054,False,True,True,False
292,0.939580540965857,1.3868509618090339,0.8668392689023796,0.9652685866365657,0.9464517869702179,1.3713752690178997,0.8720086395975989,True,True,True,True
293,0.9439707050610753,1.3930878349333715,0.8678386729148067,0.9432965325625661,0.9512339502074131,1.3770316933450677,0.8734828413727646,False,True,True,False
294,0.9420988578805579,1.3799319789974507,0.867327727980177,0.9499113875044048,0.9483345762053434,1.3637720673656892,0.8730925870932791,True,True,True,True
295,0.9455268714669722,1.3842262902739968,0.8661950434397018,0.9365576256274817,0.9531512540373562,1.3687338259122253,0.8714253708505652,False,True,True,False
296,0.9398820653927499,1.3952814426456184,0.8656985122574624,0.9612312807385841,0.9465438677147058,1.3801795614396173,0.8709352334397411,True,True,True,True
297,0.9420002911413622,1.3818606392270807,0.8680314581425248,0.9508495125662599,0.9491254031259135,1.3656178501622092,0.8735406797605826,True,True,True,True
298,0.9466682789097778,1.379346564531105,0.8667418349187384,0.9329034833326755,0.9538335199562007,1.3649042804082467,0.8718291991085452,False,True,True,False
299,0.9461769606634298,1.3892138743351927,0.8694725279196078,0.9333499442245582,0.9531420452323975,1.3736942091633033,0.8746582819509133,False,True,True,False
300,0.9426868830738347,1.382993308881259,0.8689380234789719,0.9487175470580157,0.9490876223374823,1.3679678783289988,0.8742402168140996,True,True,True,True
301,0.9472555144260326,1.3864931890036787,0.8672764417167513,0.9313494164733183,0.9539942128070968,1.371361713456352,0.8725049819793431,False,True,True,False
302,0.9475385488530674,1.3812241550186255,0.8706287938770124,0.9278707569116852,0.9547292122895767,1.366960732431663,0.8760088433434498,False,True,True,False
303,0.9454170646440687,1.38659014689906,0.8678825092401764,0.938197059653418,0.9523093854940614,1.3715390634841407,0.8729286456018169,False,True,True,False
304,0.9429056070189163,1.3844104695343316,0.8635818225451055,0.9472280910313537,0.9496427477288166,1.368772895527134,0.8682337629327553,True,True,True,True
305,0.9442377339291851,1.3874428887251289,0.8672799507106588,0.9426222762052816,0.9515600089745264,1.3729457950033341,0.8725044639085647,False,True,True,False
306,0.946625617125902,1.3814022457936215,0.8670109161422128,0.9343756767548226,0.953751704638969,1.366650388380544,0.8718676023234454,False,True,True,False
307,0.9476243230387897,1.3885226832105466,0.866739491105015,0.9276961666738477,0.9545977845517482,1.3732520760123326,0.8720120932072822,False,True,True,False
308,0.9439717865583155,1.387657454189853,0.8682517177445741,0.943626312163875,0.9509716138394858,1.3724162132089142,0.8733095601873837,False,True,True,False
309,0.9453390205253621,1.381270286007483,0.869828165498704,0.9378652245255605,0.9516929904181227,1.3659846000345672,0.8749847347496114,False,True,True,False
310,0.9461589787875568,1.3811307496248302,0.8659480435485609,0.9358450373545656,0.9536137046283126,1.3653059152606624,0.8710805242591354,False,True,True,False
311,0.9422507578393682,1.3851041829483834,0.8659511026427836,0.9495351472177199,0.9495140577209702,1.3694651496541184,0.8709940830081938,True,True,True,True
312,0.9458634248705517,1.384265301530153,0.8678530644092869,0.9345561274722113,0.952566982108085,1.3679411712013996,0.8734285693826306,False,True,True,False
313,0.9440972635889641,1.3862298096169063,0.8678618049638395,0.9431032605258662,0.9512392723860991,1.3703583602720923,0.8733993945204703,False,True,True,False
314,0.9473729290982803,1.3848850485681992,0.8679968347743948,0.9290643846638047,0.9545928996088557,1.370163594732238,0.8731053251292015,False,True,True,False
315,0.9440982580998523,1.3890723610270597,0.8656575840936721,0.9430830397565513,0.9509855914233851,1.373418228474763,0.8708684226731384,False,True,True,False
316,0.9452485195068916,1.38272728333275,0.8688051566744849,0.9384686890797113,0.9518167181678665,1.36822033294405,0.8739880789022534,False,True,True,False
317,0.9412244589109442,1.3908610294160983,0.8687888264558067,0.954126863534142,0.9478170926104423,1.3760994912243465,0.8738906513004044,True,True,True,True
318,0.9416856025287245,1.384963038223032,0.8662568617034733,0.9527571324294181,0.9489343188939388,1.369058570861055,0.871683747168128,True,True,True,True
319,0.9452015775170867,1.3907364441007133,0.8684379634206624,0.9381648350501332,0.9520622998590487,1.3755828093956322,0.873795921625642,False,True,True,False
320,0.945721942921852,1.3861743411526208,0.8668117982809843,0.9364584830922248,0.9528893061596819,1.3711504079200667,0.8723401907640491,False,True,True,False
321,0.9448922067853803,1.3844332742409622,0.8660334389613337,0.9390779981765222,0.95190733633133,1.3685194990815672,0.871056412880248,False,True,True,False
322,0.9448926195915914,1.3814844825729973,0.8672862926215018,0.9394661911420766,0.9520438694805644,1.367056001615832,0.8728653653970955,False,True,True,False
323,0.9462767619274441,1.3803197660927276,0.8682197584204023,0.9344740091887584,0.9531504486982829,1.3656700661914256,0.8736548980686616,False,True,True,False
324,0.9466055694730021,1.3812749074133852,0.8623753415227986,0.9336349311876841,0.954206794802582,1.365314910355473,0.8671927978122785,False,True,True,False
325,0.9412629890679995,1.3910055023338719,0.8667763792283264,0.9534546965955125,0.9484330067777588,1.3756535997409884,0.872378759319178,True,True,True,True
326,0.9425522377385755,1.3911819833659098,0.8681702629095989,0.9497083357492333,0.9501399873900047,1.3759747615313804,0.873431195529433,False,True,True,False
327,0.9440986086915311,1.3845867244169665,0.8676651137758792,0.943131610134106,0.9511361351322757,1.369165372326292,0.8730634578396419,False,True,True,False
328,0.9450108114537977,1.3861199187715985,0.8640561681274149,0.9399300074334549,0.9522992986638795,1.3702114959527376,0.8693741927034325,False,True,True,False
329,0.942428114704481,1.3872778567877253,0.8672587023832841,0.9500063535696981,0.9496199114877669,1.3716023252748926,0.8726566278203508,True,True,True,True
330,0.9436646046778695,1.3875120076849183,0.8664434430150298,0.9448471845207009,0.9504358628494204,1.3724669013842021,0.8717867715119124,False,True,True,False
331,0.9464195375892268,1.381196492081697,0.8674841788741313,0.933673491085285,0.9533238453164307,1.3654086127102953,0.8727322650125796,False,True,True,False
332,0.945336294182077,1.3811561309447988,0.8668259657506969,0.9379552427752863,0.9523252051010969,1.3659457640437869,0.871891407430371,False,True,True,False
333,0.9431589482340292,1.3859625885766922,0.8671065606171837,0.9464337956577563,0.9494515987599192,1.3693756949158442,0.8722914894539333,True,True,True,True
334,0.9430720879370975,1.3824854305870466,0.8680602079436203,0.9466334913518528,0.9501059062062145,1.365721811048156,0.8736667446584964,False,True,True,False
335,0.9420702012334566,1.3850097961565717,0.8695001612383102,0.9505487516936302,0.9490252561325293,1.3699639447049827,0.8746509883912716,True,True,True,True
336,0.9439612309609513,1.3795116928099604,0.8678821962660423,0.9437717490220212,0.951105353891769,1.3631475982077474,0.873547503887675,False,True,True,False
337,0.9453699461814759,1.3932362832213303,0.8655690247874073,0.9374980293074348,0.9526090816327041,1.3781880673586213,0.87043148972109,False,True,True,False
338,0.944016171848425,1.3809892829680892,0.8710268177567044,0.9435061224948983,0.950629115543679,1.3649891883715102,0.8762525945764456,False,True,True,False
339,0.9431445167613828,1.389342155791215,0.864985308312816,0.9467929722244485,0.9506379950517475,1.3738284122601288,0.8707124364665927,False,True,True,False
340,0.9417125582603949,1.3882577632337443,0.8687808806382068,0.9527391292410589,0.9490751876487942,1.3726447696932684,0.8738374909389875,True,True,True,True
341,0.9437912706561825,1.390570407202712,0.8665708696898088,0.9444495039487881,0.9508157343257905,1.3752462660357063,0.8720768284787727,False,True,True,False
342,0.9441959015523006,1.3843406674760876,0.8648834811477759,0.9427409539766024,0.9518472177948413,1.368402312383866,0.8706306404930088,False,True,True,False
343,0.9446144176460135,1.3891882729759428,0.8657390850685168,0.9411688451220254,0.9517321706341432,1.3722105198658825,0.871116441698394,False,True,True,False
344,0.9409584210498849,1.3847754274123443,0.8676378885340855,0.9563705060715365,0.9480410925298876,1.3699223037790416,0.8729751167701505,True,True,True,True
345,0.9411068953349734,1.3805723115324042,0.8654811409286188,0.9543828278259548,0.9484166890121338,1.3659828437384547,0.8708437222101598,True,True,True,True
346,0.9447140576361597,1.3786545111600126,0.867332159431122,0.9405400060098544,0.9522327161627498,1.3627903858574293,0.8730302047760322,False,True,True,False
347,0.943339591643928,1.3825127803619952,0.8696137381947799,0.9462851450810151,0.9500834641307345,1.3673285055555822,0.8746967540901746,False,True,True,False
348,0.9447385547879925,1.3854605352533622,0.8677281102790069,0.9400083161562399,0.9515818708958143,1.3704754273780788,0.8727824255678747,False,True,True,False
349,0.9402458060933178,1.3858766642986458,0.8675207315359112,0.9600911563847939,0.947466144653692,1.3709557678643336,0.8727577022043026,True,True,True,True
350,0.9412692972913678,1.3933674860957939,0.8661046736766852,0.9537624516657224,0.9486995323325607,1.3776766577715445,0.8712626335168218,True,True,True,True
351,0.9453681845667652,1.3868233314508973,0.8670287250530829,0.9377948555540722,0.9527205322220738,1.3710323345300526,0.871998930331451,False,True,True,False
352,0.9428701581052201,1.3874060926738332,0.8668173918640577,0.9491642520988983,0.9497007354757894,1.3721110887906978,0.8716640115726315,True,True,True,True
353,0.9439832177196115,1.378464610758513,0.8675680851240977,0.9437075025281982,0.9506708882481751,1.3631508997649238,0.8729749188167313,False,True,True,False
354,0.9441378681444834,1.3849783044947876,0.8663207430234695,0.9429823837221716,0.9510608500148582,1.3691581906931622,0.871384967310673,False,True,True,False
355,0.9465057564479493,1.3824631364729825,0.8673402965389606,0.9340962292844113,0.9539733234303823,1.3661908675144552,0.8730880956066297,False,True,True,False
356,0.9447071212094266,1.3857641747820901,0.8679642681527618,0.9402239316118155,0.9521384788246993,1.37070026724058,0.8735620702364938,False,True,True,False
357,0.9453194940895037,1.3856536609359094,0.8698798065016757,0.937619175588451,0.9519858922481309,1.37098530950374,0.8750038556106372,False,True,True,False
358,0.9408113296880554,1.3897751411689803,0.86848741474609,0.9551902511873166,0.9475817058408074,1.3741155147286508,0.8738633211683855,True,True,True,True
359,0.9431599928870633,1.3827174356277074,0.8673681781075433,0.9465667308829167,0.9497461495400359,1.3678016553106205,0.8726659613322937,True,True,True,True
360,0.944240722966215,1.3811781157968963,0.8683335549940152,0.942795192724636,0.9516718291229925,1.36520261739334,0.8739995450819027,False,True,True,False
361,0.9439432182426108,1.3874937426998164,0.8707065761273391,0.943758212007194,0.9509998092975916,1.3719394233457436,0.8758944028004446,False,True,True,False
362,0.9426003804671783,1.388325239494852,0.8677389300657998,0.9493658129851469,0.9501197759895814,1.3727306712241907,0.8732161762372398,False,True,True,False
363,0.9468308256241068,1.3778250167822779,0.8690642562557429,0.933133077079188,0.9543282108017542,1.3608586099951536,0.8737826388398374,False,True,True,False
364,0.9430099985352962,1.3847810738688717,0.8671039214669639,0.946946679710462,0.9498725177230553,1.3686613582557126,0.872477960715093,True,True,True,True
365,0.9409168248602728,1.39001756004643,0.8645403312835095,0.9547926266818016,0.9485403471444438,1.3746183520554147,0.8699853887502245,True,True,True,True
366,0.9443805831023834,1.3812004367828437,0.8637298357482914,0.9420010201732782,0.9515817906493432,1.3650765265227907,0.8691838627398889,False,True,True,False
367,0.9421602084119527,1.3904869843668484,0.8649769923106447,0.9500067402188318,0.9488956482467112,1.3757715865500355,0.8698635037167247,True,True,True,True
368,0.9424421792323433,1.3893330082263673,0.8674837243119917,0.9498793333439567,0.9498330678738478,1.374683281753561,0.8729641856320142,True,True,True,True
369,0.9421315888871951,1.3906651708502782,0.8665988806910808,0.9509523819887371,0.9487591964411244,1.3759752826645049,0.8716201062029189,True,True,True,True
370,0.9454892166371778,1.3855139915061958,0.8673852432859135,0.9375181815104333,0.9522576077642871,1.370427839937284,0.8725192694837214,False,True,True,False
371,0.9452359313567698,1.3848395678130276,0.8682001712957298,0.9376382213512305,0.9523356764228461,1.3702021409289185,0.8733402069675137,False,True,True,False
372,0.9429465780266055,1.3873883238910354,0.8675593999234087,0.9479299363271279,0.9496065608852358,1.3730285215395042,0.8731428766562715,True,True,True,True
373,0.9405988194173602,1.3878562430177557,0.8677564931450542,0.9560760030147689,0.9476466239037806,1.3723476018527048,0.8733112484289924,True,True,True,True
374,0.9456807283821429,1.3861169448435946,0.8675898311031722,0.9345202274328647,0.9530873731365345,1.370014813962901,0.8731014904924034,False,True,True,False
375,0.9449978378491448,1.3858143238559184,0.8670981807119982,0.9396060934217679,0.9525517979527803,1.3704525538846248,0.872524494887988,False,True,True,False
376,0.9438572227921121,1.3924203843474885,0.8662008790920422,0.944422507969415,0.9507785677964434,1.3771554527300207,0.871697498622338,False,True,True,False
377,0.9462748541078713,1.3827070983608458,0.8683149668396347,0.9343233181051501,0.9529105903006501,1.3679200974629195,0.8732076819648331,False,True,True,False
378,0.941733563089491,1.3881270562203394,0.8665548051512227,0.9526973613509967,0.9484354701347665,1.3734429304002267,0.8711317347033259,True,True,True,True
379,0.9389563142213158,1.3909864543301778,0.8661176948152812,0.9654442421077043,0.9462420379563571,1.374280220624046,0.871518156789602,True,True,True,True
380,0.9470147104797656,1.3872023826439845,0.8693206262317517,0.929875675483826,0.9537648543915338,1.3724305667118875,0.874229468686276,False,True,True,False
381,0.9465373043798345,1.3860597798068441,0.8678100590982353,0.9324352659985867,0.9531429207836104,1.3712121878461594,0.8729074254150827,False,True,True,False
382,0.9432253971125897,1.3803765943580673,0.8698835709407906,0.94691709246116,0.9502353216798521,1.3650990758810209,0.8754807976761705,False,True,True,False
383,0.9449349606719362,1.3873178548372223,0.8670408794970978,0.939506069451233,0.9523411242750622,1.3713842314462479,0.8720269324907602,False,True,True,False
384,0.9457775969903277,1.3822459543907102,0.8708016329560215,0.9365228719127812,0.952371667113961,1.367367856261892,0.8758294947650961,False,True,True,False
385,0.9439994243715493,1.3918488861513192,0.8645121371555949,0.9436772573175823,0.9508421234205349,1.3770942012777065,0.8696433427340629,False,True,True,False
386,0.9445615263342682,1.3870008860433876,0.8672409174274115,0.9410186642523808,0.9517330181534251,1.3717785643987515,0.8723802075496286,False,True,True,False
387,0.9435324588166499,1.3895605740868127,0.8656237414418043,0.9454823037307608,0.9506315312950583,1.375223533394537,0.8706504802693507,False,True,True,False
388,0.9427099246848907,1.3866596423449526,0.8659208915530415,0.9486233065535543,0.949838913604804,1.371967988742357,0.87140658381667,True,True,True,True
389,0.9447082442304282,1.3842386541336587,0.8675737299252252,0.9404000584630547,0.9515755686990809,1.3678815666310118,0.8726408223746718,False,True,True,False
390,0.9427924098410321,1.382330648146516,0.8649128847290054,0.9481486950655168,0.9500377819656549,1.3665807072888443,0.8703054370217046,False,True,True,False
391,0.9441505656583079,1.383616896023128,0.8678928145654912,0.9429327900771323,0.9508432199454961,1.3677870530716125,0.8727722389746767,False,True,True,False
392,0.9442786746365242,1.3888052208835342,0.8697730969554573,0.942077186855296,0.9517374525402006,1.3738608500144105,0.8753399614767174,False,True,True,False
393,0.9419666838278592,1.3832867995584703,0.8693416515891168,0.9514366448166798,0.9492317004274675,1.3674277726817556,0.8750527022248802,True,True,True,True
394,0.944598996906456,1.3820848802932506,0.867230038953575,0.9412145021617395,0.9522693921783888,1.3670150345684577,0.8729094653789098,False,True,True,False
395,0.9448607148419028,1.3798523321552747,0.8663323591923485,0.9397944486756895,0.9515851516396955,1.3646026996008487,0.8716374085899684,False,True,True,False
396,0.9445729675636129,1.3794060099874428,0.8677929501429025,0.9415605803059118,0.9516998114454074,1.3640331131452572,0.872595074487824,False,True,True,False
397,0.9435690382875315,1.380233766686215,0.868548807780975,0.9457110947347664,0.9499925236778063,1.3651542206626808,0.8734232625745337,True,True,True,True
398,0.9406250832452808,1.38881729248433,0.8679503131788178,0.9567478446680018,0.947300730950013,1.3745931733886434,0.8731278773547729,True,True,True,True
399,0.945633851510541,1.3833502777574944,0.869604762020773,0.9355392123435524,0.9526841711306869,1.3680894981275378,0.8748309017655358,False,True,True,False
400,0.9438464498163428,1.3818922990935822,0.869228232914954,0.94424244754529,0.9497861307724051,1.3660474452930194,0.874368158973821,True,True,True,True
401,0.9458120146643685,1.3840322608560203,0.8678096238495399,0.9359475406864692,0.9531768004578898,1.3686852336323998,0.8730801869655909,False,True,True,False
402,0.9423817483062957,1.385315192480636,0.8692108591675531,0.950228423636743,0.9497094884222138,1.3699605320098218,0.8746085855532747,True,True,True,True
403,0.943319245991996,1.3927680437135697,0.866879176779599,0.9466114674920241,0.9498897992647829,1.3787093788413103,0.8725171775115138,True,True,True,True
404,0.9451564408771219,1.3880182781531216,0.868048149943448,0.9379526126900035,0.9519346499128929,1.37278509691874,0.8737406667176789,False,True,True,False
405,0.9452910790747385,1.3879645537571208,0.8664044431414704,0.937386750351449,0.952387195195192,1.3724103601223419,0.8716447562130962,False,True,True,False
406,0.9444225004710999,1.3834849339538382,0.8695672486801701,0.9419738352086381,0.9513311464255186,1.3674867373762682,0.8746536623307039,False,True,True,False
407,0.9447376134112949,1.3894178096236884,0.8653088762386675,0.9407260969932563,0.9522211320560288,1.3745776744396108,0.870237134930383,False,True,True,False
408,0.9423251000465257,1.3845621282316085,0.8671650373778034,0.9504078040699536,0.9492594655957612,1.3702448239684355,0.8727129906435485,True,True,True,True
409,0.9412601858154573,1.3925743445363366,0.8651124589335355,0.9543054546919909,0.9474922423711113,1.377877520500622,0.8700645542388631,True,True,True,True
410,0.9457791869460133,1.390520796512313,0.8670067407542358,0.9370453863047382,0.953168232477631,1.3745157417875404,0.8724784387901416,False,True,True,False
411,0.9464758172942755,1.3864827927471517,0.8664264682763925,0.9342154473514519,0.9537658381811088,1.3701452670544154,0.8719948051399414,False,True,True,False
412,0.9456518082322998,1.388099794784293,0.8652627469871512,0.9366423152436645,0.952593584780704,1.3727759248594273,0.8701770976884303,False,True,True,False
413,0.9449555626288275,1.3882282791913678,0.8668494870566468,0.9394081486577477,0.9517075109801877,1.3741741324593688,0.8720130432033688,False,True,True,False
414,0.9439140729550373,1.3860977804439112,0.8677347537504422,0.9438305903034171,0.9513117813668954,1.3700677417245453,0.8732741401817115,False,True,True,False
415,0.9454286151124308,1.3862796741524583,0.8680019335449024,0.9377565122042383,0.9520382077625983,1.3719678857781183,0.8732727541847045,False,True,True,False
416,0.9435590644687286,1.388519001124538,0.8687689347679834,0.9451267363294307,0.9508440903938312,1.3728499051080834,0.874289524607851,False,True,True,False
417,0.9437723587398742,1.3828660966320225,0.8665246415067115,0.9444074123576296,0.9508124626901585,1.3671110346813848,0.8717648848800282,False,True,True,False
418,0.9433686345007746,1.3896363819839215,0.8678124054462935,0.946466045014523,0.9504430955203955,1.3746580186776998,0.8728903826267557,False,True,True,False
419,0.9444399968504588,1.3896453415440757,0.8669393884685453,0.9414427788492541,0.951392615489889,1.3752420463449968,0.8720951020178487,False,True,True,False
420,0.9429518208640408,1.393636967420756,0.8692643139107258,0.947387467387373,0.9496948208242306,1.378737499868297,0.8744040867883832,True,True,True,True
421,0.947391577135541,1.3813822592108582,0.8688004912720377,0.9290139537204158,0.9544063841895507,1.3650366112338466,0.874018122711202,False,True,True,False
422,0.9451693814948934,1.3851013802552306,0.8681957582825796,0.939456292472318,0.9527511895216487,1.3693810757342821,0.8739414156630904,False,True,True,False
423,0.9443732391183157,1.3844439374528352,0.8672066795965537,0.9420660109659516,0.9516406339839458,1.3689301641005784,0.8726721587816084,False,True,True,False
424,0.9446399070848622,1.3809863194673806,0.8673866706946612,0.9413262899677665,0.9517128537206274,1.3652773282401414,0.8727792728175574,False,True,True,False
425,0.944002268809927,1.3885920972789034,0.8681869982091905,0.9435207181691102,0.9516288248712274,1.372878413391538,0.8735534391912004,False,True,True,False
426,0.9438946186486128,1.384272027660694,0.8656010091306273,0.9438590925172708,0.9514350212211572,1.3690354492999808,0.8710442129330894,False,True,True,False
427,0.9411633601266667,1.3908597422289612,0.8693124831020679,0.9530821193273175,0.9477449244338345,1.3764778662609076,0.87474138454707,True,True,True,True
428,0.9413325721566639,1.3885549540085118,0.8690860007049943,0.9531315845938957,0.9479170365071561,1.3727925738450748,0.8742872183821243,True,True,True,True
429,0.9405523992288158,1.3921033620118337,0.8658572151551281,0.9560304987725341,0.9473977650447237,1.3761315168879504,0.8711550944855694,True,True,True,True
430,0.9448591974838165,1.3806223262190078,0.8695961070143077,0.9403508346619602,0.9519757920449566,1.3658569321303822,0.8753949017457712,False,True,True,False
431,0.9441607066792073,1.383196247015056,0.8672220000163253,0.942670122396917,0.951250612101737,1.3682964572996887,0.8724742197905054,False,True,True,False
432,0.9467954704213194,1.3812153373976201,0.8657402995677146,0.9338434313805052,0.9536950097213357,1.3638428532441742,0.8709786259885766,False,True,True,False
433,0.9483838855781359,1.3794348767174853,0.865277197410948,0.9271659090646649,0.9558960913186653,1.3644195420216254,0.8705940429907852,False,True,True,False
434,0.9438333327263776,1.3823700436977886,0.8689881220117613,0.9439535554049509,0.950753171269486,1.3681258418018805,0.8741255633081891,False,True,True,False
435,0.949697891972755,1.3844276473236499,0.8675655090968217,0.9230087688540164,0.9567653892664985,1.3690905765722203,0.8725498980479834,False,True,True,False
436,0.9434823952148735,1.3855516829849008,0.8676142888976499,0.9453813494940202,0.950898209053848,1.3687761783664631,0.8726686260363176,False,True,True,False
437,0.9438131582578706,1.3857071581604203,0.8657169725003813,0.9441842836518731,0.9511227041852133,1.3701314482195055,0.871017987401941,False,True,True,False
438,0.9431468913011058,1.3819514049701034,0.8673677804455115,0.9470305918720759,0.9499872268211942,1.3659880334879195,0.8730752875000631,True,True,True,True
439,0.9415083116277526,1.3954697209119964,0.8658010685170601,0.9527983427357724,0.9482163381322818,1.3816306265424474,0.8704134657757111,True,True,True,True
440,0.9470700487297335,1.3842281782339392,0.8660225026481063,0.9308174945487516,0.9545165036324621,1.3689004054226073,0.8713956401521223,False,True,True,False
441,0.9429033267469973,1.39106722307152,0.8670462838812607,0.9476847786290896,0.9500575405117939,1.3757689824718577,0.8727464992132722,False,True,True,False
442,0.9427978530533878,1.3834326517138935,0.8682263999296739,0.9484194916020197,0.950007085190017,1.3684371750682671,0.8736767736137845,False,True,True,False
443,0.9435880836156046,1.3918102611535519,0.8671575665586413,0.9454551770384675,0.9509276656280167,1.37699828458684,0.8724074505918697,False,True,True,False
444,0.942791980338664,1.3921429550642832,0.8685670736928637,0.9478810376584542,0.9497691872674136,1.3764706354319032,0.8740035518449414,True,True,True,True
445,0.9463478188758849,1.384964270005655,0.864676477381463,0.9332454512624888,0.9531304101408025,1.3699370470408005,0.8694999555474162,False,True,True,False
446,0.9461736826773678,1.3862791640131997,0.8684746838614837,0.9344213593018974,0.9530020339671871,1.3716731356273673,0.873695212657029,False,True,True,False
447,0.9415793293641102,1.3878404600203507,0.867345851360856,0.9526380330435036,0.9489687357463183,1.3722977034681787,0.8725230604763616,True,True,True,True
448,0.9416106525976675,1.3900465644257054,0.8663727912470679,0.9534370199610184,0.9488921916146215,1.3741361148419458,0.8713983408486439,True,True,True,True
449,0.9451900099438644,1.3891754478547798,0.8682259520531997,0.9381009697004276,0.9521690482177073,1.3745223721173696,0.8732781572635512,False,True,True,False
450,0.9458594418348965,1.385978222857109,0.8666877648860055,0.9367996297075178,0.9530739972825409,1.3693733853435197,0.8720743663331002,False,True,True,False
451,0.9429929988291822,1.3874306966889858,0.86722520301925,0.9477578243296686,0.949221969982042,1.372254770004995,0.8720517477550909,True,True,True,True
452,0.9424719631181815,1.3865719352413528,0.8667665538107497,0.9501616485997741,0.9496260897710935,1.3704088344894731,0.8717519158561466,True,True,True,True
453,0.9462439065756458,1.3817252124808466,0.8690559752790041,0.9338954550005555,0.9530318341017475,1.3660149693754906,0.8744655966354498,False,True,True,False
454,0.9446880586729571,1.3843655387613534,0.8666311943825309,0.9406702476269605,0.9517531226159323,1.3676369605709093,0.8721789089030361,False,True,True,False
455,0.9386221069844004,1.3919993082975473,0.8663966773088853,0.9667776506684642,0.9453006747740478,1.3771382536087582,0.8715237959010628,True,True,True,True
456,0.9450265082437489,1.3791898781984704,0.868787225302937,0.9397733706339694,0.9518861722797706,1.363727596361482,0.8740326992717661,False,True,True,False
457,0.9464758807938013,1.3865234261886836,0.8661757396276696,0.9334795402471104,0.9532536656623655,1.3723660152535626,0.8712683375082371,False,True,True,False
458,0.9461623720885551,1.384831131721941,0.8681518940242784,0.9351830919318184,0.9534368042037781,1.3699463664866416,0.8735185444753076,False,True,True,False
459,0.9431766665463857,1.393518822777323,0.8672414606226124,0.9467388853939085,0.9501212890577314,1.377805154401532,0.8725359715110792,False,True,True,False
460,0.9445780862524257,1.3882587973401068,0.8685653904348398,0.940944300688503,0.9512644281991708,1.3732015973843668,0.8737024434298839,False,True,True,False
461,0.9410843261009763,1.3895395316539163,0.8661999630444642,0.9552243121571322,0.9481212936932498,1.3735059799859177,0.8714534925690297,True,True,True,True
462,0.9419230977276123,1.3878048921830541,0.8686284089343205,0.9520298531843551,0.9490051482714832,1.3723676352128602,0.8740982735910084,True,True,True,True
463,0.9384662928657671,1.392428637942767,0.8641305279764048,0.9637390474713732,0.944876569293173,1.3765816115341625,0.8696021319169958,True,True,True,True
464,0.9457160849004271,1.384247600700932,0.867721030834493,0.9365664580861822,0.9529387134756863,1.3685589636683033,0.8732520630965371,False,True,True,False
465,0.9439119516561119,1.383184014987386,0.865936549615276,0.9436593386916186,0.9512895878212266,1.366858218258405,0.8716755200760021,False,True,True,False
466,0.944555728933708,1.384787304513119,0.865864412701846,0.9411487146728373,0.9515159558947759,1.3699644763878345,0.8708721499796312,False,True,True,False
467,0.9436861091589542,1.381073492786993,0.8682658160552897,0.9448035900468221,0.9505653559362102,1.3645632809174475,0.8738143237320289,False,True,True,False
468,0.942993218718378,1.3833257266325039,0.8680192445832846,0.947673899299763,0.950183800085098,1.3676816008256325,0.8737908880238138,False,True,True,False
469,0.9463999405421221,1.383987767437971,0.8689568857623754,0.935118761391607,0.9532944116648793,1.3687403956720172,0.8740696616249047,False,True,True,False
470,0.9442403549778883,1.3908097797815155,0.8640035906642729,0.9426450734027003,0.9515662384820354,1.3752353978782246,0.8686417424256979,False,True,True,False
471,0.9449342885592307,1.3819232037477116,0.8694296340179042,0.9392632290593299,0.9517619179638573,1.3678415219743516,0.8746791165059058,False,True,True,False
472,0.9428715452105784,1.3943951768174583,0.8662325082950354,0.9486520012956575,0.9497177888678963,1.380989044297914,0.871791464390858,True,True,True,True
473,0.9421545548495631,1.3950268267449415,0.864624923466968,0.9500740073812756,0.9491030243175893,1.3796698284764275,0.8695601909939058,True,True,True,True
474,0.9455282656434791,1.3827272406201805,0.8685559330115025,0.9377627278637506,0.9523824741228235,1.3670419907253408,0.8740656453707242,False,True,True,False
475,0.942746074409185,1.3850745210207194,0.8677071688839205,0.9482667239179039,0.9498229015624798,1.370851533285898,0.873003445818325,True,True,True,True
476,0.945330801067792,1.3829478198713367,0.8658179066584519,0.9376420012208878,0.9524595558277082,1.366998988965817,0.8709317245128632,False,True,True,False
477,0.9429339302256724,1.3938593041547145,0.863871543264942,0.9484021382809755,0.9500803546347097,1.378737974897616,0.8687284852605761,False,True,True,False
478,0.9445759447983907,1.3878126951583065,0.8669377947775292,0.9413801796176575,0.9521345534909307,1.372120207130478,0.8723913933658521,False,True,True,False
479,0.9437643297747553,1.3868942907404447,0.8664253386211356,0.9444960605438669,0.9507623323065654,1.3713278574360102,0.87170217251776,False,True,True,False
480,0.9459780908417063,1.3902220321973409,0.8680845065609623,0.9363628814991676,0.9528450586526676,1.3758414614984704,0.8735509433843076,False,True,True,False
481,0.9460504220551901,1.3911619716236034,0.8676694721511914,0.935901556103387,0.9530196931977768,1.3768091996077136,0.8726421283964269,False,True,True,False
482,0.945398101709081,1.3849259437636383,0.8672511280648804,0.9385113089523661,0.9528813265899019,1.369828794342554,0.8728921316492001,False,True,True,False
483,0.9424017964143614,1.3946454588907382,0.8665557280655392,0.9505540286345057,0.9501248838059076,1.3787579938684817,0.8720129893793719,False,True,True,False
484,0.938656107366748,1.3877970403660538,0.8680498168989861,0.9657078529553452,0.9456577386003361,1.3735343123696149,0.8733063787102657,True,True,True,True
485,0.9452559233760013,1.384563149421923,0.8667923794383514,0.9386436422570106,0.9527119315924198,1.3689326220095166,0.8719453859032534,False,True,True,False
486,0.9422243006396771,1.3830150068212823,0.8687094122482532,0.9513652275094994,0.9492817383876383,1.3671927352708153,0.8740251393623755,True,True,True,True
487,0.9449612713250513,1.3849899640129695,0.8655755839879258,0.9400476585046754,0.9519854340963172,1.3696787605585352,0.871215531623953,False,True,True,False
488,0.9448003860625617,1.3832525209429969,0.8660559100703982,0.9402568817607433,0.9522388692715494,1.3671348608032057,0.8710813383155962,False,True,True,False
489,0.9467529044664283,1.3844686869623688,0.8668288373534079,0.932295191970014,0.9540568382243987,1.3690194423098283,0.8716489320434327,False,True,True,False
490,0.9445006816823711,1.3883471363583344,0.8662695445418113,0.941579300068652,0.9513681113127999,1.3735385943290488,0.8715524740151874,False,True,True,False
491,0.9452210743185971,1.3868643972334243,0.8677239222693768,0.9376304767793007,0.95239595939704,1.3720521169203415,0.8729114527456796,False,True,True,False
492,0.942917405286748,1.3870205953813666,0.8663416989997217,0.9484479721139407,0.9495867974514591,1.371364753157771,0.8711021912306162,True,True,True,True
493,0.9442721985269306,1.3874381692977402,0.8692729022229898,0.9422670091565587,0.951819628452249,1.3726796661562026,0.8747062477744288,False,True,True,False
494,0.9455549723919969,1.3855140186915889,0.8688827993254638,0.9373346072896659,0.9523489977421876,1.3704682660227843,0.8741378982927204,False,True,True,False
495,0.9440929602519273,1.3834892949322903,0.8671025218509737,0.9430271468277519,0.9512790345902156,1.3684546724330213,0.8728168906534131,False,True,True,False
496,0.9477928758715869,1.3875431726559702,0.8669175248291306,0.9278720447088042,0.9547688005600866,1.3723596820637536,0.8717172854138785,False,True,True,False
497,0.9409885762670639,1.3918168349850373,0.8656844908673765,0.9549639733033839,0.9478768502504789,1.3773329001274395,0.8710290965309064,True,True,True,True
498,0.9435072380532978,1.3869418558115603,0.8671091141432046,0.9456331763791485,0.9509575730619144,1.3720610728385851,0.8721580730303455,False,True,True,False
499,0.9423105361609141,1.3904306108257514,0.8641817578159475,0.9503043545073343,0.9495092483157249,1.374860515121212,0.8692649239786379,True,True,True,True
500,0.9424960112286123,1.3868169427180963,0.8661001338870744,0.9491179575174123,0.9499962267323054,1.3706437494371142,0.8712162504533939,True,True,True,True
501,0.9418526777847284,1.3880769500151753,0.8682081556794577,0.9520596539867704,0.9485250695481136,1.372431639807942,0.8735877416005697,True,True,True,True
502,0.9443753468206157,1.3894859255725192,0.8652940696771092,0.942014838306293,0.9517599466324096,1.3730571398243425,0.8705563076942091,False,True,True,False
503,0.9433380843227795,1.3889630695776325,0.8679731326885622,0.9462413034489701,0.9499059041169119,1.3729079439726894,0.8727313043747764,True,True,True,True
504,0.9419322968196173,1.3931705542672668,0.8667142624020888,0.9529698321897565,0.9494187317434835,1.379087970057387,0.8719530175438762,True,True,True,True
505,0.9433588065187715,1.3838043209460218,0.8676953194807727,0.9464708731158493,0.9506146890985753,1.3696918655746841,0.8731598987317394,False,True,True,False
506,0.9463608848514037,1.3879061382204845,0.8671344003508002,0.9332470370704484,0.9534445699734662,1.3722980415611543,0.8721917657535241,False,True,True,False
507,0.9473677369281434,1.381266589083738,0.8668279766252739,0.9291281493953746,0.9542190842151749,1.3664831794026506,0.8714970474603365,False,True,True,False
508,0.9448621328128243,1.3901997288951635,0.8656808205045212,0.9394417484538017,0.9519409244046696,1.374931197316916,0.8708658920696907,False,True,True,False
509,0.9456671514171123,1.3855315192249191,0.8690538821940621,0.9363013698445426,0.9532285937421644,1.3697084908888844,0.8746452818679413,False,True,True,False
510,0.9439205886259165,1.3889996676636756,0.8655085194743048,0.9439507956463751,0.9515180679567138,1.3726856085432213,0.8708627707952243,False,True,True,False
511,0.944056130170709,1.3908244420657665,0.8656559554448481,0.9435028909484077,0.9514040418361033,1.3760035360220357,0.870896357084253,False,True,True,False
512,0.9410722928016553,1.3830037215170825,0.8686525440042854,0.9558407928385384,0.9486344402605467,1.3673668344517684,0.8741278130220339,True,True,True,True
513,0.9388207402958383,1.3895698943427284,0.8677816938124335,0.9651460193163532,0.9453343725125392,1.373041664588221,0.8732437945951688,True,True,True,True
514,0.9437569457733205,1.3883323546682325,0.8647354641695533,0.9444936356632844,0.9501247648287874,1.374295963777871,0.8699722581049036,False,True,True,False
515,0.9432641628250585,1.3843344203972725,0.8682346188771052,0.9461733987846547,0.9498259675918734,1.3687567617698835,0.873176144707161,True,True,True,True
516,0.9478537908055709,1.3786160435181452,0.8655327914014224,0.9285832524933324,0.9549770055476982,1.3634178996701276,0.8711411159148362,False,True,True,False
517,0.9452530805296608,1.3844094278279717,0.8691122050869878,0.9383882450922747,0.952496093453597,1.3681629959797963,0.8743245589543087,False,True,True,False
518,0.9437233028011067,1.3852922219920356,0.8679489043514383,0.9446872913358582,0.9513501928910036,1.370764348051875,0.8731857437620896,False,True,True,False
519,0.9442746194918035,1.3779815010910963,0.8677362792257692,0.9424926783079922,0.9512255578084425,1.3631276124030376,0.8726930475352546,False,True,True,False
520,0.9450777423437748,1.3883950227645983,0.8656257761425872,0.939386075396147,0.9519996854729451,1.3723037266418197,0.8707198893805833,False,True,True,False
521,0.941329893028789,1.390569891513014,0.8674727806115282,0.9571060358135046,0.9480627593372669,1.3762339118452138,0.872779146160943,True,True,True,True
522,0.9457741278802188,1.3795530283610262,0.8687075576877598,0.936478530908946,0.9530320944565281,1.363974953566388,0.8739139640399193,False,True,True,False
523,0.9442269359603034,1.3892823108483647,0.8676302667356712,0.9424573242789487,0.9516176009902982,1.3734282107654507,0.8731576939128485,False,True,True,False
524,0.9459752226200933,1.3781116963705895,0.8671370167240424,0.9370130726092434,0.9532782625975603,1.3619883137561486,0.872560021797774,False,True,True,False
525,0.9439234743804923,1.3843274694613632,0.8672410120276604,0.9437499703155079,0.9509733370171247,1.369160303785668,0.8727389921867819,False,True,True,False
526,0.941966955568385,1.3945906660437108,0.8653877969690954,0.9524044445653641,0.9488134681549808,1.3799078967148524,0.8705765032437911,True,True,True,True
527,0.9440671012700804,1.386172790720649,0.8668743239957406,0.9432188043762623,0.9512325576662471,1.3712268165698285,0.8723294186966118,False,True,True,False
528,0.9419564569509481,1.3919789142932777,0.8687861749627914,0.952235276664279,0.9492745814272578,1.3778644364360382,0.8743222361709326,True,True,True,True
529,0.9444276955918407,1.390176292615317,0.8669049732310399,0.9415477266979624,0.9517441277074854,1.3751184363616327,0.8720304688371823,False,True,True,False
530,0.9448845155486664,1.3793425639887644,0.868657917019475,0.9402738348005678,0.9520853119855961,1.3635776958000885,0.8741924029495263,False,True,True,False
531,0.9453050507345268,1.37602195817156,0.8700835393402097,0.9387580083451706,0.9520861632255452,1.3604364644773494,0.8747862009560861,False,True,True,False
532,0.9455554962295657,1.3832630057635718,0.8678882683439563,0.9372418664107957,0.952983915798341,1.3668438930748241,0.8732027601422273,False,True,True,False
533,0.9433389236140138,1.3865029959665198,0.864688868896979,0.9461515809320018,0.9504547497653616,1.3709505053268092,0.8699302296563498,False,True,True,False
534,0.9447367325376045,1.3850725936965154,0.8674414206157403,0.9405623746775558,0.9521541008533535,1.369558680376319,0.8724694925051925,False,True,True,False
535,0.9444779798785131,1.3886717200901912,0.8670447127937336,0.9412222909147572,0.9519185437214421,1.3740631880478684,0.8725154714425688,False,True,True,False
536,0.9449139493234399,1.3840574553131932,0.8697043838938713,0.9402302963625776,0.9520701523660805,1.369525506475905,0.8751960280550408,False,True,True,False
537,0.9424912075499096,1.3804804612800288,0.8640179872169498,0.9498439665448108,0.9492186605363575,1.3647568298094523,0.8688376847849024,True,True,True,True
538,0.944863773949927,1.3880162988758988,0.8654724975571875,0.9404492265581522,0.9519254070097415,1.3720685672449542,0.8708088806307319,False,True,True,False
539,0.942158747666163,1.3861706737243973,0.8653715367101333,0.9508021060416862,0.9499368061873679,1.3705134621654496,0.8705727656632635,True,True,True,True
540,0.9415128448007235,1.3859967079416606,0.8673762005453921,0.954245418580478,0.9487190930959849,1.3703980029694791,0.8730860538207613,True,True,True,True
541,0.9425078617892959,1.384622304315494,0.8660966810029322,0.9487329607016883,0.9499052974642272,1.3685761391411337,0.8717682066782254,True,True,True,True
542,0.9444764926889564,1.389088029098589,0.8650080033111324,0.9417185883021846,0.9515497885401267,1.373691811071713,0.8699442788163743,False,True,True,False
543,0.9440446227535445,1.3884376100481277,0.8657603503521275,0.9433487285061937,0.9510550243684771,1.373633666389061,0.8714281566149504,False,True,True,False
544,0.9461533916152881,1.388612843533685,0.865753593682522,0.9340421715959564,0.9529175177388366,1.374024860825903,0.8705351078613836,False,True,True,False
545,0.9463436260604703,1.3847553922569231,0.8665552921329451,0.9328180721998156,0.9537150239932095,1.3701973937943324,0.8718684771831822,False,True,True,False
546,0.9428385854020784,1.391088052645173,0.8656508577194753,0.9491309142259807,0.9499237418131619,1.3764632991649015,0.870345632409729,True,True,True,True
547,0.9437064797441789,1.388326114092763,0.8666697051560402,0.9447517408096252,0.9506680139102179,1.3734763363518168,0.8720719306963245,False,True,True,False
548,0.9425434452296041,1.38595267922566,0.867435256798356,0.9489679421892756,0.9499259781819726,1.3708818206724156,0.8726800404072567,True,True,True,True
549,0.9432304485873259,1.3850801032987836,0.8654444828778969,0.9464548207019724,0.95065466162065,1.368300996789688,0.8708635767450812,False,True,True,False
550,0.940990967757331,1.3912519158339967,0.8644292149704306,0.9546368382284821,0.9482302322937939,1.3746095332359358,0.8695362090767902,True,True,True,True
551,0.9424997566875578,1.390303023154319,0.8663425766850346,0.9492005410745962,0.9492663705023009,1.3738767847893112,0.8709632373919219,True,True,True,True
552,0.9441648183707123,1.3814686507152987,0.868109784355253,0.9429626103946803,0.9510034023827696,1.3651631465192675,0.8733859872115998,False,True,True,False
553,0.9431250871957682,1.3865996246104042,0.8654728196976471,0.9472746241384264,0.9502003385386959,1.3713412037586603,0.8708211204915908,False,True,True,False
554,0.9442658212278402,1.3849481471158647,0.8679484975661704,0.9424134313840169,0.950925681115526,1.3703730753070476,0.8734338738449173,False,True,True,False
555,0.9425732862811911,1.3917688276274687,0.867088005886073,0.9495621728190271,0.94990093656977,1.3766320475850606,0.8721635055830702,True,True,True,True
556,0.9468473694543221,1.3894357280805654,0.8648156080190145,0.9326499434690468,0.9539282966978938,1.374332527972834,0.869754415208703,False,True,True,False
557,0.9449716580309357,1.3844352244543294,0.8667902553380746,0.9393425901345417,0.9516473172579079,1.3692264711706235,0.8718307996632327,False,True,True,False
558,0.9469073204592439,1.388984003153479,0.8664051811408506,0.9323782968144946,0.9541308771420656,1.3739557556792625,0.8716635104417682,False,True,True,False
559,0.9442557716573898,1.3906344359722544,0.8681177301395326,0.942490994992899,0.9512858948432094,1.3753795520152126,0.8731869296630074,False,True,True,False
560,0.9456412886526995,1.3886206490469541,0.8655617612257342,0.9354779633617218,0.9528062288503006,1.373947955776681,0.8702891158901055,False,True,True,False
561,0.9431035431772836,1.3838564124313752,0.8661127404449855,0.9468396366455694,0.9502140289713863,1.3682646060493502,0.8714848873610502,False,True,True,False
562,0.9426113961621863,1.393060847345486,0.8651309998075639,0.9498128597414021,0.9494459337164697,1.3783506559415963,0.8703246156293716,True,True,True,True
563,0.9406229608877742,1.3970634176819743,0.8676580202742994,0.9577651911079588,0.9475855853765334,1.3829184455874834,0.8730388273835411,True,True,True,True
564,0.9428103793809426,1.381427796386281,0.8689345462462168,0.9481073467535823,0.9495567981140184,1.3662146856310666,0.8740585323329945,True,True,True,True
565,0.9436110708806128,1.3829975583507874,0.8664890034263625,0.945087569289559,0.9508113939202446,1.3671046429109044,0.8718393815818871,False,True,True,False
566,0.9436812832383165,1.391983933438531,0.8670379408709417,0.9446095128935178,0.9509242593627356,1.3773863995317537,0.8724088948496967,False,True,True,False
567,0.9452299296631,1.3797364932809215,0.8689370442301242,0.9382074299088593,0.9522605879680318,1.3647059648855955,0.8743380837512856,False,True,True,False
568,0.9468886348565877,1.3790817835458673,0.8673117113025781,0.9319729993744238,0.9536568200108366,1.3640029403687775,0.8726748047550207,False,True,True,False
569,0.9436657245956854,1.3811583280190156,0.8634715156399536,0.9448525282064099,0.9512255160032919,1.365630629384801,0.8685891922800844,False,True,True,False
570,0.9456292272875061,1.388750625094491,0.865481160160617,0.9370549499078361,0.9520921516277199,1.3737799476284671,0.8702009446416972,False,True,True,False
571,0.9459075671025025,1.3778314778055867,0.8687080852201075,0.9355815082862832,0.9532303685096836,1.3624726873745145,0.8741118611967217,False,True,True,False
572,0.9427843257335052,1.3875255129768964,0.867880597274749,0.947686538836653,0.9493332962381824,1.3711681115570422,0.8732946585061245,True,True,True,True
573,0.944463403461216,1.3862711603022646,0.8659789403423799,0.9418651783139061,0.9515949653439043,1.370916602663919,0.8710544480240582,False,True,True,False
574,0.946129163627233,1.3779986784267533,0.8673797014427487,0.9344889999526053,0.9534662481386752,1.362588574257256,0.8727835965034951,False,True,True,False
575,0.9451249219819714,1.389403428302608,0.866934715903079,0.9393547835032136,0.9522928287530017,1.3739902381709803,0.8727086032805522,False,True,True,False
576,0.9436523415881238,1.384465943971714,0.8677312528064661,0.9452825259929324,0.9504646646930526,1.369046398048739,0.8733152258236918,False,True,True,False
577,0.9422065370115295,1.3878835608447089,0.8667947257587921,0.9507260153441647,0.9494212834124887,1.3721559618398356,0.871743875467176,True,True,True,True
578,0.9438718360430965,1.379242327551198,0.8691006982417767,0.9440516679607641,0.9508038756580641,1.3633735404259368,0.8742005413291617,False,True,True,False
579,0.9419746408898109,1.385284939099653,0.8669866473893691,0.9518370600052849,0.9489404176498568,1.3697662656219034,0.8724548126184407,True,True,True,True
580,0.9471982604304727,1.3836833745667538,0.8672751790118716,0.9317234734698979,0.9541803958632473,1.3684139051121347,0.8725162924032596,False,True,True,False
581,0.9420367191411383,1.383418581026893,0.8674653784219002,0.9507176753047087,0.9497145204085934,1.368475507394113,0.872817129859781,True,True,True,True
582,0.9446891675738005,1.3792868799990774,0.867604880047496,0.9407898028792391,0.9515181776377605,1.3630776929740687,0.8729213314537618,False,True,True,False
583,0.9409928107689212,1.3811752874767296,0.8657290831473335,0.9546498996765364,0.9483710350823796,1.3642357789664212,0.8708410401570273,True,True,True,True
584,0.9427640984284087,1.3938685060346745,0.8653105248398301,0.947951187274678,0.9501095428157444,1.3780602808427311,0.8703967081301721,False,True,True,False
585,0.9451356914704714,1.379885094121944,0.8694410016175451,0.938666613921859,0.9518410540834857,1.3648073701839052,0.8747158571028306,False,True,True,False
586,0.9440631390532225,1.3902181190316782,0.8654305967438048,0.9431746012984288,0.9506512251539065,1.3752240865265914,0.8703645946628845,False,True,True,False
587,0.9466459468683959,1.3813770438118407,0.8689659259760987,0.9332863342723996,0.9538597050794503,1.3647396504536855,0.8744503052078819,False,True,True,False
588,0.9456517754073253,1.3919298777642997,0.8655505138743993,0.9370298679749752,0.9522528551546937,1.3780755252781847,0.870304280955511,False,True,True,False
589,0.9457821768250422,1.3847006076133432,0.8667875151060549,0.9360791759004904,0.9529225879053365,1.370511030108764,0.8719055931502374,False,True,True,False
590,0.9424272730035674,1.3826551558642064,0.8652405746189072,0.9500126429397768,0.9496934909418991,1.3659691269916907,0.8706179295871421,True,True,True,True
591,0.9401508566841716,1.3907437560052243,0.8667885702938511,0.9601419752328397,0.9472018507046249,1.3749927452009916,0.8719412110901894,True,True,True,True
592,0.9457293788689289,1.3901492034153458,0.867613548465324,0.9364655371674523,0.9530121382271616,1.3745898382933186,0.8729861527427939,False,True,True,False
593,0.9418132111769046,1.393446258294526,0.8649005973949662,0.9536478614585064,0.9486685143020835,1.3793477140810821,0.869732860120374,True,True,True,True
594,0.9400240133840132,1.3919170039331927,0.8700611014644695,0.961640352433876,0.9465038887078028,1.3773864808965415,0.8752034994330363,True,True,True,True
595,0.9443749863782539,1.385153526298111,0.8648005686094155,0.9419361357914137,0.951529096568588,1.3703300262596187,0.8699002492178317,False,True,True,False
596,0.9442516513748171,1.3867079889807163,0.8672982789897009,0.9425030512601191,0.9512937317552658,1.372560696100804,0.8727120716634321,False,True,True,False
597,0.9437620434727247,1.3848262108262108,0.8677403029168398,0.9445811608642907,0.9502472663227703,1.3701336100719894,0.872977228018997,False,True,True,False
598,0.9429875345850968,1.390056567543723,0.8688652438139091,0.9478106440240356,0.9489010952541818,1.3749490144795804,0.8738989533648318,True,True,True,True
599,0.9460317975838188,1.3882831636978012,0.8675580073272413,0.9355885587927606,0.9526085119033159,1.3731839850161174,0.8723883309268553,False,True,True,False
600,0.9422381961896152,1.392644656675132,0.8675499240170373,0.9498765510866698,0.9490006795836011,1.3802281471492197,0.8727454408622676,True,True,True,True
601,0.9457987544678456,1.3792278783737615,0.8690418711662881,0.9363525039385451,0.9530368892136215,1.3632024662779787,0.8744448194290816,False,True,True,False
602,0.9401936148802131,1.3875915548563111,0.8666448675918533,0.9580319582583917,0.9470381966998003,1.372337399917751,0.8718611024447451,True,True,True,True
603,0.943073950111914,1.388517276604586,0.8654416074018962,0.9474132912801319,0.9503342666303368,1.3723241355627995,0.8707398607895798,False,True,True,False
604,0.9436743098754605,1.3903347428977435,0.8670645060252881,0.9449178143890204,0.9506152123037596,1.3758965842046558,0.8725166430170483,False,True,True,False
605,0.9467759582638393,1.3829875758451315,0.8668134678221339,0.9321109264427371,0.9537014420445118,1.3691439853734255,0.8718164300169273,False,True,True,False
606,0.9436136332778479,1.3845275929275016,0.8678300128086439,0.9449367967942187,0.9499785278083959,1.369566974132412,0.8728935662550248,True,True,True,True
607,0.9458390320471525,1.3831239969917153,0.8662807624462674,0.9368272470273792,0.9528879408907811,1.3672717021527747,0.8716678524095782,False,True,True,False
608,0.9416286187925847,1.3845997679814386,0.8647787017448315,0.9532342053314493,0.949165617093021,1.3688414518266825,0.8697161718396595,True,True,True,True
609,0.9415871864589496,1.3886807437973723,0.8701039814665158,0.9538914860317094,0.9482889739538678,1.373095332700851,0.8754514102590699,True,True,True,True
610,0.9441045126269184,1.3863008053299448,0.8669127422564636,0.9429979251625151,0.9516048319796571,1.3709590530830702,0.872048482571568,False,True,True,False
611,0.94559544990425,1.3835666891428635,0.8683572505078304,0.9361360293905789,0.9523782958533874,1.367652884269302,0.8734822175960893,False,True,True,False
612,0.9434654718669795,1.3889835988478043,0.8684569155239547,0.9455721800875955,0.9507017863505681,1.373234075563623,0.8742066815538507,False,True,True,False
613,0.9440830842749115,1.3862162101075852,0.8668022679933314,0.9430354644420905,0.9507526532336886,1.3711170446501797,0.8717300434942329,False,True,True,False
614,0.9450096727861891,1.3863402934034683,0.8675908201326704,0.9398376363236498,0.9521271384404887,1.3712063095697093,0.8730229716358195,False,True,True,False
615,0.9459215572441979,1.3930191366372655,0.8648541837598209,0.9368117279830602,0.9532576128300231,1.3767796936585017,0.8697946069289019,False,True,True,False
616,0.9417188900203228,1.385666233074133,0.8666909277378481,0.9532685850928758,0.9482549200232732,1.369995785284758,0.8718368312203185,True,True,True,True
617,0.9447057997398202,1.3799206556047838,0.8673236410032569,0.9407183405160181,0.9517585263878621,1.3645788763958113,0.8728811134679887,False,True,True,False
618,0.9484821565511279,1.3831533527292077,0.86828613485439,0.9253938762438608,0.9553497502100813,1.3681780011441593,0.8736471646561711,False,True,True,False
619,0.9435971571747533,1.3810183601995212,0.8660626993241657,0.945025930559203,0.9511529620204057,1.3658709332864725,0.8715764211384629,False,True,True,False
620,0.945899620815885,1.3868643896582178,0.868379540412638,0.9354464224712004,0.9526980507293056,1.3725194855423974,0.8737897769688413,False,True,True,False
621,0.9417102656004268,1.397587051305023,0.8649646578175881,0.952271303186305,0.9488027708287223,1.3815995442883173,0.8702422773041476,True,True,True,True
622,0.9471321323780852,1.3871410386668068,0.8661764024936963,0.9313086815398918,0.9540360142198465,1.3722373516121726,0.8715140868681456,False,True,True,False
623,0.9437049217270616,1.3907344257792833,0.8699247532573323,0.9447758494044481,0.949940688297553,1.3757582356228304,0.8749963758588437,True,True,True,True
624,0.9415879723747561,1.3968591900739418,0.8678936069093234,0.954555217902609,0.9482499454900446,1.3826653371692363,0.8733711563429533,True,True,True,True
625,0.9496511298156941,1.3834553969485084,0.8670800754920464,0.9231150082010745,0.9563160171919503,1.36813475675351,0.8721563409262721,False,True,True,False
626,0.9444092117083499,1.3878493679674544,0.8647968148573838,0.9416905997227494,0.9515779554176249,1.3732715195343896,0.8701123703041368,False,True,True,False
627,0.9448959934150295,1.3879507309615022,0.8650766146000941,0.9396236706945559,0.9519744062248202,1.3726891454348265,0.8697728583368847,False,True,True,False
628,0.9418444233942855,1.3901933352436495,0.867896923549477,0.9539944723285171,0.948922395592408,1.3747629949109046,0.8732900596257765,True,True,True,True
629,0.9409224155787246,1.3967461209543786,0.8685941842618327,0.9562689105623896,0.9479931627482435,1.381495312246507,0.8738841683306123,True,True,True,True
630,0.9426606621676746,1.3871317296544652,0.8677009790127553,0.9489119326104267,0.9500560722543884,1.3722898738167209,0.8731471312544052,False,True,True,False
631,0.9449247181703851,1.3856112663514994,0.8669417574240682,0.9399342167379451,0.9518916056369875,1.3700377241579138,0.8720984330694852,False,True,True,False
632,0.9441564349248354,1.3872525714020665,0.8663782834931979,0.9428315734232046,0.9512285924383383,1.3717927259670306,0.8712307735204677,False,True,True,False
633,0.9427679480188502,1.3847996869638504,0.8670251612791041,0.9479113018573175,0.949745905834524,1.3699724697416487,0.8726664358546072,True,True,True,True
634,0.9426852837341125,1.3936170212765957,0.8675162783938383,0.9499475095909831,0.9493211268015069,1.3791101365868976,0.8726732951787906,True,True,True,True
635,0.945088130635568,1.386620742717688,0.8645662191511221,0.9398398400594322,0.9521604056385417,1.370532398359803,0.8696327361980409,False,True,True,False
636,0.9420126427340095,1.3909046562677847,0.8672545311071308,0.9517197137441639,0.9486000693524679,1.3756336269649194,0.8726136253449821,True,True,True,True
637,0.9431041928822308,1.3844814331640498,0.8654683431417503,0.9471723554658509,0.9507996281848589,1.3684618467461525,0.8704563172489754,False,True,True,False
638,0.9442848688568896,1.3831155627080634,0.8662345736056388,0.9423210272386985,0.951542565961885,1.367109004140425,0.871306408061155,False,True,True,False
639,0.9465446444746234,1.3899666739197654,0.8676161011118847,0.9325296382979663,0.9528928217868284,1.3756713832121767,0.8719835928476902,False,True,True,False
640,0.9447888940565703,1.3905422773526395,0.8684013041579575,0.9403654595452783,0.9514218127451627,1.3763649168788346,0.8735622816417642,False,True,True,False
641,0.9423390254016936,1.395692807340283,0.8657079511014381,0.951429106362685,0.9493047833991617,1.3814794238162893,0.870682397704428,True,True,True,True
642,0.9423773093505077,1.383410301547747,0.8669762484145641,0.9510459733347879,0.9499084525588677,1.367676589968423,0.8718991531301619,True,True,True,True
643,0.9461207395183432,1.3848268029528676,0.8693350501090754,0.933776141615841,0.9527451284193061,1.3711346635602453,0.8743025745973926,False,True,True,False
644,0.9433439409067071,1.387835083868945,0.8673937690090406,0.9461862256408289,0.9502928500772138,1.3714312347392197,0.8725782484960035,False,True,True,False
645,0.9458627911742848,1.383948560572848,0.867781161434201,0.9362651708890513,0.9533565747271173,1.3685068331442665,0.8735284074980568,False,True,True,False
646,0.9419306188763121,1.3904348232763157,0.8667031049633165,0.9517091370451852,0.9486351646723943,1.3749740785434235,0.8719219396911665,True,True,True,True
647,0.9431961725175764,1.3835276043273064,0.866415135608049,0.9467549542455241,0.9505783029026749,1.367638694668954,0.8715714653354356,False,True,True,False
648,0.9443210463302926,1.3852203815144404,0.8687362144300846,0.9421881143356503,0.9515348744968153,1.3695964908051896,0.8742046450956276,False,True,True,False
649,0.9466151548340035,1.3877837905792672,0.8665722356274037,0.9319690261268343,0.9540265467048482,1.3728642876073074,0.8722312555656295,False,True,True,False
650,0.9428929754829127,1.3845880532119264,0.8653502381314834,0.947217950477584,0.9500435626059148,1.368775166457588,0.8702243105229074,False,True,True,False
651,0.949402367572385,1.3805494852227975,0.86795615186016,0.9227408793596591,0.9561049392174737,1.3668360912327464,0.8731454808852951,False,True,True,False
652,0.9432993657832338,1.387171815922449,0.8677543846242024,0.9461706473129415,0.9501553902480371,1.372335574480275,0.8729117304378057,False,True,True,False
653,0.944775682360632,1.3917580994537577,0.8669742813278465,0.9406106340458171,0.9519460821000033,1.3767765158760608,0.8724088280369728,False,True,True,False
654,0.9450820930941038,1.383203213561135,0.8676389005631672,0.9392185615378418,0.9521325684561711,1.3671893838682574,0.8729566679159941,False,True,True,False
655,0.9467691359635645,1.3888360845083978,0.8681719936414157,0.93427016593812,0.9540118700609395,1.373442389614854,0.8734371605566488,False,True,True,False
656,0.9447254669834935,1.38749327579924,0.8685726673170081,0.9404815962975851,0.9517360290316353,1.3737987458950647,0.873930340003113,False,True,True,False
657,0.944760247884091,1.3910077699851584,0.8669643006577515,0.9403466009158591,0.9520995374805525,1.3766252568629267,0.8718465451996507,False,True,True,False
658,0.9455515177874144,1.3875917201340813,0.8655581474502121,0.9370862655671148,0.9524319829312512,1.3733996727258517,0.8703802937750492,False,True,True,False
659,0.9433464881593728,1.378527657776108,0.8688733995580289,0.9459902345541368,0.9507835707590604,1.3626250128100679,0.8743613142013356,False,True,True,False
660,0.9405494191873833,1.3966241516498947,0.8666672252221306,0.9575314607384376,0.9477293766063352,1.3815466008156352,0.8723169147076855,True,True,True,True
661,0.9464250242344413,1.381686827569506,0.8691395736050777,0.9334821380892897,0.9535667326254665,1.3656807198625498,0.8741130120577416,False,True,True,False
662,0.9462338694672752,1.384438627453303,0.8664402313404743,0.9354185639819858,0.9529736262109733,1.3683878983806956,0.8717192461694758,False,True,True,False
663,0.9444897066572162,1.3837455789005224,0.8673536319586974,0.9416322084011228,0.9508629929465124,1.367835964398443,0.872485438453286,False,True,True,False
664,0.9444235982030333,1.3884200534990077,0.8656383102139578,0.9416361546100179,0.9519995671206899,1.3733905401440378,0.8712340517162747,False,True,True,False
665,0.9444991010239593,1.389230385242714,0.8662728024801745,0.941509661943776,0.951534260762359,1.374171502009994,0.8715706316459274,False,True,True,False
666,0.9420337163811806,1.3896822735822787,0.8680016847890538,0.9524975533239147,0.9494974412822277,1.3742079402865586,0.8735714772034854,True,True,True,True
667,0.9456125189574894,1.384221241940957,0.8672688941730199,0.9359630056981452,0.9529394963451862,1.3685795414586235,0.8727503401790331,False,True,True,False
668,0.9436032158595132,1.3845461702845574,0.8673179699858908,0.9449719856282208,0.9505129908518396,1.3685413925705063,0.8725875803269185,False,True,True,False
669,0.9479958509328784,1.380108088154715,0.8669586549592735,0.9270596919285361,0.9551925820850106,1.3645611459487779,0.8721929746266043,False,True,True,False
670,0.9441431236333941,1.3902570199275361,0.8681746920492721,0.9426349424556751,0.9512572778052907,1.3754935878949042,0.8732901614514491,False,True,True,False
671,0.9483225988535269,1.382738248137683,0.8686817084086265,0.9266485327814212,0.95504105433557,1.36785358216054,0.8737630112242458,False,True,True,False
672,0.9432240465915719,1.389368129118113,0.8661100633595389,0.9465503546521207,0.9502317732364501,1.3736643425256687,0.8711237400889056,False,True,True,False
673,0.9476505805741541,1.3801447629860915,0.8662656177695511,0.9302223528329558,0.9546092921070696,1.3644148252341899,0.8715290446530526,False,True,True,False
674,0.9401943552349232,1.3919132309039983,0.8694321842316642,0.9598693285884156,0.9469321703189564,1.3764156998420594,0.8748243409497742,True,True,True,True
675,0.9472549923179433,1.3804803371440546,0.8687347413782198,0.9306964370644998,0.9542869726032187,1.3652990644626883,0.8741274078617788,False,True,True,False
676,0.9465750951847448,1.3887681890217547,0.8664735710788178,0.9328626993531548,0.9539721754464386,1.3736428735753698,0.8714613990830511,False,True,True,False
677,0.9447220491731407,1.3847697349508423,0.8674004475759073,0.9403927363870095,0.9517219470282642,1.3685663831510908,0.8725807486818928,False,True,True,False
678,0.9428965331601009,1.3876407115777194,0.866832555031083,0.9478972350574736,0.9499515063732519,1.3720067504689477,0.8725671658920802,True,True,True,True
679,0.9452150757360634,1.3874841202164871,0.8661005823895112,0.9386318878864132,0.9516542298284496,1.372581615293885,0.8710988104945759,False,True,True,False
680,0.9439173867216586,1.3795817483829123,0.864847121807008,0.9441320197722619,0.9511106855112796,1.3639550824519726,0.8701630550283879,False,True,True,False
681,0.9436073299778479,1.3852208826244288,0.8664129314996811,0.945222795513059,0.9508423266519621,1.37029346870313,0.8718531411268063,False,True,True,False
682,0.9445721261270023,1.3871616689370556,0.8711801340034889,0.9409612636775944,0.9513228498197818,1.37266701898145,0.8765832160005954,False,True,True,False
683,0.9420095602262522,1.3918419472922232,0.8687394027036055,0.9511783931727706,0.9488742653449821,1.377315868411186,0.8740555816163469,True,True,True,True
684,0.9432161729295248,1.3842456669349446,0.8689380415022029,0.9470674698295237,0.9507965835358704,1.3693247189486135,0.8742418649374832,False,True,True,False
685,0.9441177849872826,1.3968075268384865,0.8669915289086274,0.943033418778633,0.9508810270943604,1.38324350456463,0.8719017388644585,False,True,True,False
686,0.9402468678612903,1.3904608743999187,0.8682394520618624,0.9570816061651822,0.9472577084211042,1.3755155903417375,0.8738378121305014,True,True,True,True
687,0.9423008842470579,1.3861745516154187,0.8689328050443771,0.9518763153086823,0.949466807504953,1.371016805303905,0.8741536878313437,True,True,True,True
688,0.9454370224036,1.3830474592607136,0.8679494459357148,0.9384150751608827,0.9523397336223204,1.368138779962565,0.8734345696528591,False,True,True,False
689,0.9417737530589481,1.3949078802118076,0.8658166029048312,0.9521225785084528,0.9488946315635046,1.3794365630935523,0.8710799448170001,True,True,True,True
690,0.9452302643620671,1.3834921853826,0.8689178930871514,0.9376581446805965,0.9522221294068957,1.368699711882742,0.8740091745064014,False,True,True,False
691,0.9434329103031609,1.3880259535981125,0.8687792419893093,0.9458370122764174,0.9502747264010961,1.3730541232572864,0.8735989702391637,False,True,True,False
692,0.945292541866793,1.3916066636401772,0.8658523492150013,0.9380679113735146,0.9518549158817053,1.3762205506772573,0.8708003609504233,False,True,True,False
693,0.9415473777709326,1.385596006260582,0.8681159481147723,0.9535371857263675,0.9487138063867393,1.3706157195239508,0.8737763876850099,True,True,True,True
694,0.9424639508840178,1.390061904542735,0.8659271982285868,0.9500847626397156,0.9493293725710669,1.3747710538009468,0.871180586119122,True,True,True,True
695,0.9444311949891171,1.388000022783325,0.8691477181794679,0.9414447668144785,0.9518349358263617,1.372542093322089,0.8744136996303156,False,True,True,False
696,0.9436480975434481,1.386188889785473,0.8691606271907393,0.9449806151875721,0.9511124307124452,1.37063512109095,0.8744272102236397,False,True,True,False
697,0.9432113112936128,1.3775589483030781,0.8691446552704257,0.9461292569868613,0.9498744284670007,1.3613282059505862,0.8744382093053715,True,True,True,True
698,0.9437921052868724,1.3849363765846998,0.8670429095359719,0.9443628077687279,0.9501547109488789,1.3696502580686614,0.871969655133468,False,True,True,False
699,0.9462152160226025,1.3853331298779834,0.8660438551759306,0.933310183254326,0.9535363416245131,1.3700826961495378,0.8710027677955288,False,True,True,False
700,0.9423337546994337,1.3854475374233628,0.866758842119419,0.9502097108463957,0.9500324038984961,1.3701084792754272,0.8722496955663951,False,True,True,False
701,0.9424889727676405,1.3949768123603334,0.8663072358420284,0.9488179562486515,0.9487047770997225,1.380400487959562,0.8708841818102107,True,True,True,True
702,0.9437216369579371,1.3915418668173685,0.8639078787058345,0.944592933827032,0.9506949796172192,1.3764500294377238,0.8689344642119093,False,True,True,False
703,0.9421180269944758,1.387035639606219,0.8698896954997757,0.9515795879658491,0.9493913665531044,1.3712786328487374,0.8753571706077973,True,True,True,True
704,0.9444465683445054,1.3884300829282241,0.8700441163749604,0.9415354447635802,0.9514876319945355,1.3738411305672489,0.8756309036240434,False,True,True,False
705,0.9440260025959668,1.3863039286575078,0.8675582754888709,0.9434669868098737,0.9512137451729157,1.3709157352476125,0.8727694458486429,False,True,True,False
706,0.9450281962343061,1.3833202294633238,0.8679748908526753,0.939509738834616,0.9524844914720846,1.3678213860191148,0.8735028927230827,False,True,True,False
707,0.9476463464112223,1.3805376881822415,0.8699660237833516,0.9282124588590753,0.9544910007202273,1.3651819539613355,0.8750783394318359,False,True,True,False
708,0.9466161596743508,1.381809189207627,0.8679683867968386,0.9317449634850679,0.953995133225861,1.3664203789864566,0.8732512382250884,False,True,True,False
709,0.9437724075037109,1.3910882535879656,0.8680938797646796,0.9444727258633746,0.9507724669809096,1.3756256520282524,0.8736688840022994,False,True,True,False
710,0.9419589226913059,1.3938071090274122,0.8672075442555711,0.9509090961265804,0.9487059410753642,1.3777621688618504,0.8724744062564722,True,True,True,True
711,0.9408653241812859,1.3899073642748057,0.8686792837051839,0.9554721840005679,0.9481169779229424,1.3746794937064177,0.874100849686083,True,True,True,True
712,0.9460878986073031,1.3934550726638821,0.8669168710415274,0.9347773142909038,0.9531427344982318,1.3785880612860262,0.8723897520985915,False,True,True,False
713,0.9440404801517381,1.380281024356232,0.8696981112690286,0.9434888072134195,0.9508874034641016,1.366170840593165,0.8751136362840664,False,True,True,False
714,0.9452581882284639,1.3839164195962164,0.8649824326585244,0.9375139067238659,0.952354876618853,1.3693337135873016,0.8701169066416542,False,True,True,False
715,0.9438433048149217,1.3903927159233576,0.8623279521346172,0.9442399184340123,0.9510650271240456,1.3752274333134145,0.8676402049726321,False,True,True,False
716,0.9444041337713153,1.3845993527583034,0.8661808116538304,0.941845952635887,0.9515752887609406,1.3692845413753645,0.8717915972441099,False,True,True,False
717,0.9435789605765755,1.3815095749538895,0.8669906330222455,0.9453260569304694,0.9506464954384197,1.3659045726038255,0.8722186329352167,False,True,True,False
718,0.9421533080031388,1.381500679559669,0.8654068925571966,0.9505860713380951,0.9495994036877219,1.3663277581549118,0.8709824138707193,True,True,True,True
719,0.9391757047740307,1.389683338123982,0.8679772133789525,0.960779591769128,0.9460705581960159,1.3739408034984097,0.8733306021191101,True,True,True,True
720,0.9465435191366687,1.3817659104780702,0.868954242969666,0.932281201329557,0.9538205391064665,1.3668483215586926,0.8743208203513796,False,True,True,False
721,0.9427130242485872,1.3858430181194321,0.866896710564197,0.9492847670795656,0.9497123191012692,1.3711086977682319,0.8720514747456988,True,True,True,True
722,0.9443991584587893,1.387824768765209,0.8671624446150877,0.9416003015838416,0.9517264894931372,1.372382365930544,0.8722229680725271,False,True,True,False
723,0.9443050099404868,1.38582208101668,0.8670380890570872,0.9423008556171645,0.951257520693237,1.3702245516789455,0.8722242829527131,False,True,True,False
724,0.9458001762511489,1.3875987688349871,0.8703453869774295,0.9358763830179182,0.9528386156009298,1.3731153898674642,0.8757698942646069,False,True,True,False
725,0.9452763917557023,1.3869836566348799,0.8681968159696445,0.9377873712963547,0.9522876359736,1.371766971786835,0.8733688509392222,False,True,True,False
726,0.9430485930918292,1.3918545066793044,0.8684752630324492,0.9471168557093219,0.9500409063179561,1.37616590597442,0.8738782947653998,False,True,True,False
727,0.9445034606217663,1.3861999033144285,0.8692255348105303,0.9416498119751827,0.9516632817695712,1.3689308482031208,0.8748410463775248,False,True,True,False
728,0.9423106315047658,1.3881818960349406,0.8688077582696887,0.9509933930531959,0.9489743892174409,1.3738664694549383,0.8743405018345208,True,True,True,True
729,0.9434077925090163,1.3845402833073177,0.8665270429469613,0.9458751580152887,0.9506026748408902,1.3689256161182097,0.8718560512887553,False,True,True,False
730,0.9440213806010821,1.3846871703318997,0.8682609915065156,0.943400294096576,0.9510136339526917,1.3691047305791315,0.8735942898926057,False,True,True,False
731,0.9444731591356822,1.3854356889363608,0.8686421533882954,0.9414446656994162,0.9512228488118631,1.3694952060804364,0.8740663440311213,False,True,True,False
732,0.944147604928837,1.3868553289681749,0.8633699324324324,0.9429582998156668,0.9511893039507331,1.3721265794284088,0.8687251070013104,False,True,True,False
733,0.9427106486104011,1.389175091196391,0.8646913809944649,0.9485483779170969,0.9500748771075759,1.3739492378097964,0.8697256398234172,False,True,True,False
734,0.9429520336310607,1.3858432905354328,0.8660662184447545,0.947587047581389,0.9502716720070706,1.3701823625108502,0.8715533114361218,False,True,True,False
735,0.943046125210342,1.3897658526310863,0.867304324397144,0.9472616324092781,0.9502521623254828,1.3746802595541618,0.8729086556752023,False,True,True,False
736,0.9419705267201897,1.3826011176079187,0.8681192318667138,0.9510765656315109,0.9491619025512583,1.3674366105876397,0.8735108805139234,True,True,True,True
737,0.942829258904101,1.3888983334017246,0.8656680510534847,0.9480820127376012,0.949502295165426,1.375309198516487,0.8709951862639643,True,True,True,True
738,0.9423863307295647,1.3876973905252548,0.8671589693924904,0.9515212628618732,0.9491312837849708,1.372652440444239,0.8721891399431471,True,True,True,True
739,0.9450001267456988,1.3861244790347464,0.8671592079471079,0.9392489471962235,0.9520124196684945,1.3705280312053048,0.8723567613871206,False,True,True,False
740,0.9461524843065949,1.3907417032135996,0.8677147368067453,0.9349946963509849,0.9532540854066732,1.3757564536609521,0.8728690662499026,False,True,True,False
741,0.9448207818515711,1.3906104073373404,0.8663047502604593,0.9407574441255749,0.9516681181287174,1.374755625766603,0.8712878630110534,False,True,True,False
742,0.943840363430574,1.3856813591812052,0.868106305453198,0.9441932726213232,0.9512849806715772,1.3696477503618798,0.8732656752156763,False,True,True,False
743,0.9431315054126004,1.3920305416368408,0.8690184536401415,0.9468694913987297,0.9500720837122983,1.3757578543810505,0.8742508604122713,False,True,True,False
744,0.9433694601166318,1.3856717664873897,0.868125426553282,0.9460384370988576,0.9500355650880838,1.3706242229140209,0.8733471436336485,False,True,True,False
745,0.9446121572637748,1.3937502897139944,0.8673146558354362,0.9412093051264563,0.951459269159477,1.3787042552040984,0.8726433226062154,False,True,True,False
746,0.9419908349187929,1.3878112571697654,0.8658433387704043,0.9527471946301966,0.9492409901399056,1.3727030829506626,0.8710966840558664,True,True,True,True
747,0.9492155158338285,1.3793056987533976,0.8697149749631561,0.9237394576824023,0.9561626343850635,1.3640779759940187,0.8748181337807522,False,True,True,False
748,0.9448371845270505,1.38110724461675,0.8674797607220613,0.9403679342978496,0.9521788283871293,1.3660465278092317,0.8726692377639491,False,True,True,False
749,0.9414900467499744,1.387475868164585,0.8656703281965743,0.9536514564394117,0.9483312595219758,1.372969467383256,0.8708386619259378,True,True,True,True
750,0.9417371435092278,1.3834380978409402,0.8683842097126071,0.951958183137537,0.9488090199782971,1.3686170318567215,0.8740209845574716,True,True,True,True
751,0.9419221637535264,1.3871000260917006,0.8684051899194152,0.9512137516900108,0.9489545745251277,1.3716563419891254,0.8732423030450017,True,True,True,True
752,0.9418803111829208,1.379053446104013,0.8665648841680368,0.9511032661485369,0.948978388578554,1.364533738364865,0.8720166786027743,True,True,True,True
753,0.943845595677468,1.3860363146385104,0.8667830064265765,0.9441729884048402,0.9508457909904431,1.3708187883956002,0.8718205491382964,False,True,True,False
754,0.9413808421380291,1.38917473081641,0.8692650142876415,0.9555628684795753,0.947745034773697,1.3747258168568417,0.8743793149199778,True,True,True,True
755,0.9428003957894191,1.3815108618182028,0.868990046850686,0.9484318271766408,0.9499693568103448,1.3649937659239515,0.874379229510215,True,True,True,True
756,0.9426616413343358,1.3899322261886284,0.8657369496348131,0.9492534113032479,0.9497075545575734,1.3738047383954517,0.8711867610421269,True,True,True,True
757,0.9441066342294745,1.386430660712351,0.866704867577411,0.9431883698060705,0.9511672499260979,1.3705078995252227,0.872048164772376,False,True,True,False
758,0.9427014547779045,1.3851390565512118,0.8655228039301951,0.9488403835102582,0.949815783658499,1.3691076921463707,0.8703692108777817,True,True,True,True
759,0.9412525478864061,1.3911438015544504,0.8673944687045124,0.9535416977331876,0.9486907083340285,1.375463851432558,0.872877364625029,True,True,True,True
760,0.9460449918400923,1.388505377147554,0.8664020068883296,0.9347082075256027,0.9535200594971118,1.3720265209711366,0.8714109944388617,False,True,True,False
761,0.9426301487763913,1.3904983285481671,0.867914925311375,0.9493915243196901,0.9492707707165589,1.375150874783996,0.8731195172276957,True,True,True,True
762,0.9454507892077387,1.3863545891434406,0.8663343057249033,0.9373798494626444,0.9526146552985658,1.3712822723374685,0.8711050297738927,False,True,True,False
763,0.9411755290420704,1.3850164524299884,0.8676659730204377,0.9541443810281182,0.9478213223756429,1.369771041302161,0.8732818438945513,True,True,True,True
764,0.9432398686044022,1.3839699576829303,0.8691362824547122,0.9473878139548874,0.9500818190690371,1.3680550448057345,0.8743549059634497,False,True,True,False
765,0.9437616864753414,1.3791408494582713,0.8680203470374647,0.9448565737868826,0.9509279589402857,1.363293550900154,0.8734705317794976,False,True,True,False
766,0.9421354615677594,1.379979498780531,0.8674214287543864,0.9506779796442133,0.9490985982103375,1.3648312937441742,0.8728361494568914,True,True,True,True
767,0.9452732650100215,1.3852559192098755,0.866965815934553,0.9385947280666266,0.9525914415485283,1.3692053315801689,0.8722652148743273,False,True,True,False
768,0.942894746401252,1.3870686017068368,0.8677808531766993,0.9478270842327507,0.9497748858885902,1.3722860048932037,0.8727561727905623,True,True,True,True
769,0.9433936816981736,1.3907851632674628,0.866444630178389,0.9459010540234438,0.9506945548220415,1.375409953324367,0.8715318157094526,False,True,True,False
770,0.9422078261617689,1.393020445876472,0.8675975373312017,0.9502444812162596,0.9493601447666307,1.378819904878428,0.8725278324993067,True,True,True,True
771,0.9435031766298951,1.389291162875424,0.8670785973596007,0.945679836286506,0.9506835412341228,1.3747879845506203,0.8722050785309547,False,True,True,False
772,0.9442970719442123,1.3843720637069805,0.8645155306735017,0.9422604066328147,0.9514425564441674,1.3680488125823649,0.8696497531225734,False,True,True,False
773,0.9465583823443633,1.3852309866619557,0.8663792920211025,0.9338951381026268,0.9537344637555807,1.3705059963937947,0.8715622023403105,False,True,True,False
774,0.9457848755394472,1.3844561373242474,0.8660768431983386,0.9359078719650804,0.9523451370417871,1.3696629782744096,0.8709876510939508,False,True,True,False
775,0.9428867322086475,1.3981199039654832,0.8671154635839876,0.9478719601252557,0.9503258279242139,1.383266332023296,0.8723998212094534,False,True,True,False
776,0.9421682508055416,1.3907254808766012,0.8676691605486265,0.9515658021418234,0.9489875793571979,1.3755353591531216,0.872673145222643,True,True,True,True
777,0.9434496471029747,1.3833959758599021,0.8672617568158248,0.9455693043519019,0.9502724672928627,1.3674952414169945,0.8729172563993419,False,True,True,False
778,0.944965425324953,1.3877025230848503,0.868558963020473,0.9396368436259142,0.9518541901037547,1.3729340881939527,0.8740174764426706,False,True,True,False
779,0.9433443235389423,1.3812725717544194,0.8673217510965855,0.9460374159629328,0.9506361022980192,1.3649558159191508,0.8720566097336827,False,True,True,False
780,0.9467536612882406,1.3815376780898811,0.865203696102003,0.9322938412088894,0.9537921395601593,1.3658293229158713,0.8700103677545432,False,True,True,False
781,0.9439422474420565,1.3908197060055907,0.8663777805290743,0.943713417247631,0.9511558214770018,1.3752173002877623,0.8718215087830976,False,True,True,False
782,0.9456646717423985,1.3825202052306576,0.868196018703636,0.935873750860107,0.9529132860299145,1.3672663373137415,0.8739522975812766,False,True,True,False
783,0.9405336112887387,1.3879154286896505,0.8668113139577734,0.9587259297641236,0.9474770787246083,1.3724529796159357,0.8724966249172398,True,True,True,True
784,0.9455257391914683,1.3889845697571912,0.866448101212618,0.9376137591905986,0.9525501446170004,1.3740736635912267,0.8716401847250644,False,True,True,False
785,0.9411226329514898,1.3899243821358018,0.8695155569677868,0.9539385722216696,0.9481955512239956,1.375282881633928,0.8746122314197671,True,True,True,True
786,0.9460328837598014,1.3807081807081807,0.8666718766709718,0.9343225333424503,0.9534496188295786,1.3653015138144615,0.8720508066629312,False,True,True,False
787,0.9411886566507905,1.3905336569689926,0.8672304924871029,0.9562598936168523,0.947537429014417,1.3758333822562305,0.8725146054791532,True,True,True,True
788,0.94481044588113,1.3827311349840752,0.8660810722351324,0.9395089122104063,0.9518232248085882,1.3683630193428447,0.8712315957640324,False,True,True,False
789,0.9453993430272633,1.386655364495035,0.8670151494358987,0.9376335164932204,0.9522921606067275,1.3707662431951486,0.8723217200029858,False,True,True,False
790,0.9421924590498214,1.3843563256188414,0.8685669820207232,0.9519373488845182,0.9493926791402795,1.3685648045039431,0.8737723587337781,True,True,True,True
791,0.9416651338397913,1.392561094376373,0.8653143207979085,0.9544790703795916,0.9486684780896373,1.3766678600545161,0.8700679226357306,True,True,True,True
792,0.9410793963000096,1.3886663084614306,0.8687445588859963,0.9550609477324377,0.9480072612896222,1.3728938881175115,0.8738647448333382,True,True,True,True
793,0.9414389875091811,1.3912462720081067,0.867364674722728,0.954499930135428,0.9485909484701786,1.37718574883959,0.8728776955573503,True,True,True,True
794,0.942972007717612,1.3884485100675756,0.8691402057429699,0.9479557328777491,0.9501056252084431,1.373764798935971,0.8746317027931569,False,True,True,False
795,0.9434844581523838,1.3819458905767206,0.8667834161440091,0.9458800662529174,0.950786699884644,1.3669707370915218,0.8723216908307543,False,True,True,False
796,0.9442624636418006,1.3872413692473808,0.8685433960358966,0.942439082726996,0.9510329429411626,1.3723579738181786,0.8738415181658327,False,True,True,False
797,0.9443607990637229,1.391574618658251,0.8676336677891554,0.9424702287987808,0.9517028894873256,1.3769185120388567,0.8731892709927289,False,True,True,False
798,0.9450828635901604,1.387368408159766,0.8668591254601796,0.9401386313422718,0.9519001013753832,1.3713466759163906,0.8720435109259087,False,True,True,False
799,0.9440827692157363,1.3871232860855323,0.8655904332333318,0.9431592762455476,0.9512880374661152,1.3717805283466888,0.8706567565309629,False,True,True,False
800,0.9436754798626585,1.3878403882448098,0.8634372954367886,0.9448356601527556,0.9509048131055164,1.3721174410394235,0.8682865026957728,False,True,True,False
801,0.9421611918854882,1.3852618007470976,0.8674015473212727,0.9514710885603704,0.9493988705397396,1.369662008730753,0.8731756087163323,True,True,True,True
802,0.9451617988433887,1.3828502690869287,0.8659111241203317,0.9382470651591645,0.9524197955034711,1.3670019033935383,0.8714752115308695,False,True,True,False
803,0.9429259200149008,1.38467527411925,0.8673678022848672,0.947635831651988,0.9498674897888872,1.3696735093651249,0.8722629990728845,True,True,True,True
804,0.9445600969910594,1.3820080139962752,0.8668765671068859,0.9408862617916267,0.9515335247884715,1.366475531118323,0.8722906558011382,False,True,True,False
805,0.9421115522542957,1.3887076221550487,0.869340158335665,0.9518830391198344,0.9492249785471188,1.3737626159190868,0.8747210143654297,True,True,True,True
806,0.9415642005540428,1.3859886110884678,0.8658701551853065,0.9532835195593826,0.9477551073304301,1.3701332617311481,0.8712372150254499,True,True,True,True
807,0.9415702775972355,1.3849668709329477,0.8643293922316221,0.9523922305745964,0.9488162586380994,1.3692206585939968,0.8699975718444108,True,True,True,True
808,0.9424811035649953,1.3861845611920929,0.8667981827376797,0.9497078216803648,0.9495617745208885,1.371110032873861,0.8719765421124583,True,True,True,True
809,0.9446657519446411,1.3920930287025868,0.8650893796004206,0.9410947073692535,0.9521611292049097,1.3759526673713272,0.8705872223820124,False,True,True,False
810,0.9420605958878252,1.38339841366687,0.8681126758078672,0.9497829677827268,0.9489995222217962,1.3687425006685794,0.8737996995790737,True,True,True,True
811,0.9454878012424722,1.388275192107452,0.866339558445803,0.9376750021402858,0.9526205719008207,1.372705749793794,0.8715446000232653,False,True,True,False
812,0.9426259586263434,1.3874471937235968,0.8659868839294677,0.9491190078099244,0.9498963449263174,1.3715155128021808,0.8716095954800185,True,True,True,True
813,0.9439455791059469,1.3845591157547936,0.867345028558592,0.9436128234313198,0.9508072486166362,1.368907146805743,0.872132869033945,False,True,True,False
814,0.9451294877050687,1.3822929113330626,0.8686042327560892,0.9385672558095483,0.9519223905955148,1.36803665230969,0.8734855629457688,False,True,True,False
815,0.9463960267261734,1.3833572682304134,0.8669473441374935,0.9328574962176686,0.9538451646220039,1.3676359335646169,0.8723975738895633,False,True,True,False
816,0.943555681919174,1.3889022202415642,0.8654717928044295,0.9454765586057465,0.9505092310912993,1.3734903743288092,0.8708797570437005,False,True,True,False
817,0.9441501413050016,1.389382283063695,0.8661808114325266,0.9427656879377085,0.9516675303347472,1.3750330959261232,0.8709085713843432,False,True,True,False
818,0.9422581364533675,1.3884825998258192,0.8645561245532032,0.9498007455054392,0.9494084284868095,1.372242997611439,0.8694005563575348,True,True,True,True
819,0.9456440118981877,1.3845506483654553,0.8696632964925648,0.9375322214547087,0.9532661700332004,1.3683952578130711,0.8752259599444941,False,True,True,False
820,0.9473667309903576,1.3858527153954399,0.8703482036719059,0.9288596859084668,0.9541756591582561,1.3709409597651991,0.8756669328856245,False,True,True,False
821,0.9430680151699145,1.3866962252989226,0.8690884019563484,0.946879751517569,0.950221710729859,1.3707386690941874,0.8748001860824683,False,True,True,False
822,0.945847135227852,1.3785816701741402,0.8686866992388181,0.9359878721091184,0.9526107143186087,1.3639640209447144,0.8735991699834164,False,True,True,False
823,0.9432196628592481,1.3915012670129454,0.8640045485633296,0.9469302594055905,0.9504169817439422,1.3765658589241552,0.868741709526916,False,True,True,False
824,0.9412520554138791,1.3953881486144628,0.8660888090563515,0.9546667412838621,0.9481749371666175,1.3797705496552948,0.8712719997923449,True,True,True,True
825,0.9457978874085146,1.381824484044004,0.8698201736169653,0.9354435206543142,0.9527675101845002,1.3656365408854614,0.8752714993575005,False,True,True,False
826,0.9440856887474475,1.3866442635988017,0.8691424357807858,0.9432441280645936,0.9508598735444543,1.3725872112758994,0.8745484393988117,False,True,True,False
827,0.942983728542953,1.3868999727951008,0.8662590513553556,0.9477196553150863,0.9506121077908349,1.3709966181299607,0.8717213292579404,False,True,True,False
828,0.9431912109667177,1.3830057869707213,0.8658648747182819,0.946986435098206,0.9508272798819437,1.36721464512649,0.8710324088452279,False,True,True,False
829,0.9424511301359965,1.3839125913026653,0.8687286184282388,0.948983415663795,0.9496540985990929,1.3692265379805924,0.873586420140574,True,True,True,True
830,0.9446244627947578,1.392179128978036,0.8649518463930223,0.9406660718901867,0.951449894128508,1.377959175458185,0.8703494012696024,False,True,True,False
831,0.9403857110894188,1.3918645795672093,0.8696483473432297,0.9570490322294112,0.9470833691473848,1.3771415839908583,0.8749871395928726,True,True,True,True
832,0.9427503860038062,1.3896305789929628,0.8652134927412468,0.9481599492572623,0.9501525279329003,1.3727417586510802,0.8702214608799616,False,True,True,False
833,0.9457986384782615,1.3841407137447936,0.8684949541147153,0.9369351758380688,0.9532525460573003,1.3686273653183874,0.873901584408319,False,True,True,False
834,0.9445966625199214,1.3867227687292651,0.8648511220032676,0.9410436148991344,0.951629856129198,1.3699776228598908,0.8702072306398473,False,True,True,False
835,0.9466487397167119,1.3823532841948125,0.8671922786502824,0.9331198771657139,0.9544590485085599,1.366124732367486,0.8728390432410078,False,True,True,False
836,0.9455127898884023,1.387789092711377,0.867423849172567,0.9372190769325389,0.951981269177254,1.3733607872533695,0.8725541216383655,False,True,True,False
837,0.9429504169759181,1.3899442385700758,0.8677249789739276,0.9476505683682586,0.9504485906990245,1.3752926021093008,0.873217872990582,False,True,True,False
838,0.9464288922753809,1.380754632216149,0.867725088433558,0.9333632669026378,0.9528382730616635,1.365147526391566,0.8728872394538586,False,True,True,False
839,0.9419821465042828,1.3885749306116195,0.8668884767672309,0.9511938865005546,0.9491315598747616,1.3726248935229555,0.8722996403638239,True,True,True,True
840,0.9464286003063999,1.3869377162629757,0.8666749828478763,0.9333816530324879,0.9532710833990286,1.3717688457505084,0.8720844112234578,False,True,True,False
841,0.9428024956260557,1.382039995840987,0.8652907346106262,0.9485036012520303,0.949999218880996,1.367034354233909,0.8704332891418177,True,True,True,True
842,0.9431565613120662,1.383145990716301,0.8665863308464873,0.9472244858969883,0.9506682763539815,1.367733257037579,0.8718636755947193,False,True,True,False
843,0.9449908184949617,1.385546506952488,0.866243638332431,0.9401487846952881,0.9518689823859209,1.3700127248360463,0.8709589663583113,False,True,True,False
844,0.9456460564530472,1.38043019100572,0.8675714681520629,0.9362436827780541,0.9520191537593933,1.3663078111236517,0.8726758500878418,False,True,True,False
845,0.945032389844017,1.38468395415308,0.8666627902630278,0.939095048369111,0.9521097835457775,1.3699949403492717,0.8716620771475052,False,True,True,False
846,0.944246125968934,1.3865025726121953,0.8678025265957446,0.942420610262723,0.9516439250050277,1.3722718228524724,0.8730815619389273,False,True,True,False
847,0.943795275568229,1.3837952228691695,0.8680419177189274,0.9443833758637177,0.9502940859964987,1.3681073248283309,0.8733220248571726,False,True,True,False
848,0.9419006434912425,1.3830973175845926,0.8670896289312984,0.9517442291972826,0.9485247682735692,1.3673232074039796,0.8724974073995093,True,True,True,True
849,0.9445757013151062,1.382275628989861,0.8689002648736757,0.941352905567406,0.951488529080359,1.366554456088681,0.8740820615630662,False,True,True,False
850,0.9422786332726052,1.3922996693254952,0.8666624103513588,0.9499298849457978,0.9495505748926337,1.3773889657221006,0.872032978856636,True,True,True,True
851,0.9423605519151241,1.3897810555693304,0.8677703095178824,0.9504258475928862,0.9499833676919147,1.3741223285721231,0.8732565158641584,True,True,True,True
852,0.9439652887935746,1.3920389065597196,0.8666280321218643,0.9435983076823624,0.9512025658378901,1.3768632821773754,0.8720464312004662,False,True,True,False
853,0.9418562363113365,1.3926534776940083,0.8674850820993333,0.9535103118582159,0.9488634246537038,1.3780791532010916,0.8731874032194811,True,True,True,True
854,0.9477974805844778,1.3851261777377966,0.8665325027131883,0.9296060354098884,0.954814593762266,1.3701268486403737,0.8720434707220202,False,True,True,False
855,0.9424345339082323,1.3795489375328804,0.8666611398963731,0.9505471430150915,0.9494405109959239,1.3643054375877697,0.8723972633422624,True,True,True,True
856,0.942919666316205,1.3866578426394491,0.8673164590293435,0.9482806165250797,0.9501840921759201,1.371604344918174,0.8727090161089938,False,True,True,False
857,0.9436789216583663,1.3859118202913805,0.8677469468778319,0.9446702812535871,0.9508843515997841,1.3707889958360004,0.8733290773048934,False,True,True,False
858,0.9436510049363761,1.3921074039176211,0.8676871205878891,0.9449427198827707,0.9506661864356776,1.3772846497555575,0.8730292100080311,False,True,True,False
859,0.9425372529705248,1.3913942857142858,0.8667400428757999,0.9499196937347961,0.9496579081198456,1.3760970510168744,0.8720034888011968,True,True,True,True
860,0.9403029893796874,1.3917327124456629,0.8684698494325908,0.9598049148115033,0.9468616126780436,1.376042579658756,0.8735747755671179,True,True,True,True
861,0.943339412628153,1.3844512229822785,0.8684029875900737,0.9463878684553673,0.9508010227825954,1.3694435231604287,0.8735694044170668,False,True,True,False
862,0.9442828817280111,1.387769775405501,0.8652473239139788,0.9426724542287199,0.9517091233197338,1.3715946786103146,0.8709191128431786,False,True,True,False
863,0.9445935674510775,1.3873190395579384,0.8687958602339229,0.9406666708757715,0.9519297698675169,1.3720365694634544,0.8741953606354821,False,True,True,False
864,0.9444333644418847,1.3830168704323476,0.8691194929728172,0.941472623836637,0.951341591904016,1.3673462061687578,0.8745844040253999,False,True,True,False
865,0.9441683114991294,1.3882623598980341,0.8685753306019119,0.9428159599810635,0.951236052699525,1.3728250703292906,0.874136381061938,False,True,True,False
866,0.944302159175861,1.390497884803124,0.8680528095418708,0.9416791981723917,0.9513153322430907,1.3760407029154287,0.8729637675290897,False,True,True,False
867,0.9450400084312813,1.3920641936690354,0.8682770748864247,0.9386094708180045,0.9518523714662294,1.377817620800774,0.8736090801551762,False,True,True,False
868,0.943547695369343,1.3888005328158284,0.8670448062310344,0.9454414340598989,0.9501950448845461,1.3738155470269489,0.872002383618704,False,True,True,False
869,0.9448188402209102,1.3823771648418737,0.8651184494496246,0.9400553464573601,0.9520676168736154,1.367535764552849,0.870337648693966,False,True,True,False
870,0.9436528873994384,1.3873205488471623,0.8698990618087513,0.9448294095017056,0.9510257071750845,1.3713104001741079,0.8753470087937955,False,True,True,False
871,0.9441486433003167,1.379574625441359,0.8674650353429455,0.9429061917129614,0.9502908328226366,1.3644130619960535,0.8727701868433032,False,True,True,False
872,0.9448671091265954,1.387130637411823,0.8661571534901514,0.939893901798947,0.9517264862783033,1.3724249796346595,0.8715139488215277,False,True,True,False
873,0.9422226050907739,1.3905042652236583,0.8679576342834322,0.9501536710240379,0.9492613078081469,1.3756697748092903,0.8734296444073909,True,True,True,True
874,0.9469118904451049,1.3809642579552441,0.8666084231837063,0.9318146259464378,0.9541871469488019,1.3650153340961884,0.8713895162101507,False,True,True,False
875,0.947416817379977,1.3820810190845472,0.868464840409623,0.9300475766151816,0.9546356127015152,1.3665597528382438,0.8739120582441812,False,True,True,False
876,0.9406853487497727,1.3915369793109138,0.866266070430408,0.9562550778891873,0.9478928977060654,1.3761024489864522,0.8717932525560185,True,True,True,True
877,0.9453073935686515,1.3899968765544926,0.8687492457690243,0.9382777882887907,0.9523009283481173,1.3746769720811178,0.8739508579721864,False,True,True,False
878,0.9443802759546712,1.387065592635213,0.8681099422579146,0.9418400730549006,0.9515733076005084,1.3711588577757325,0.8732122011472783,False,True,True,False
879,0.9439132722943993,1.392026868138904,0.865889200637249,0.9442553464650172,0.9507949600162109,1.3777311420971405,0.8709337726965918,False,True,True,False
880,0.9450658316069077,1.3851598051921155,0.8658202107025983,0.9396072843246956,0.9525834612674797,1.3696300847005503,0.8711456695895721,False,True,True,False
881,0.9463746312104772,1.3836823689903366,0.8690974642867456,0.9330491488584199,0.9533427102539849,1.367364932537382,0.8746459335448389,False,True,True,False
882,0.9492405479359527,1.3786680260629072,0.8658755827939257,0.92371306286616,0.956301701882049,1.364225465114471,0.8705017341777648,False,True,True,False
883,0.942393399054334,1.38316477158203,0.8660909071427041,0.9494594573840761,0.9497748972979185,1.3672979873754971,0.8714496750467834,True,True,True,True
884,0.9457562123671397,1.3868141866473809,0.8682852564776536,0.9365161667671773,0.9529163073588878,1.3712269030769602,0.8735435124488803,False,True,True,False
885,0.9467608722106446,1.3812482430626072,0.8673597381668355,0.9317134227057031,0.9531061573112565,1.3658107370533181,0.8726460609622565,False,True,True,False
886,0.9469138440279262,1.3856156535534858,0.8660537464325243,0.9326279297372141,0.9540186060427085,1.36948809910259,0.8708689534978564,False,True,True,False
887,0.9450287867759455,1.3883455945658691,0.8673557978111461,0.9397224908446292,0.9521411336801978,1.373096794367977,0.8724456073178177,False,True,True,False
888,0.9450259167267157,1.3894374438977832,0.8662446946836437,0.938756843021094,0.952181059327356,1.3743204770748354,0.8712085073482422,False,True,True,False
889,0.9449535123485708,1.388188754858675,0.8683996112248485,0.9393469076250964,0.9519887833745249,1.3733338048968697,0.8734842915518014,False,True,True,False
890,0.9453122957215153,1.3955801042181648,0.8665051508611914,0.9379382831693466,0.9523470306631606,1.380255419620187,0.8715834886466225,False,True,True,False
891,0.9463796245215769,1.3796982959197497,0.8674721427656577,0.9346452485198704,0.9535488711122917,1.3644716254280445,0.8730302910353638,False,True,True,False
892,0.9439036485126516,1.3916116677695727,0.8686798550706342,0.9440174669517786,0.9508334447329696,1.3756362690172037,0.8740944442484654,False,True,True,False
893,0.9411950660496786,1.3834814287215533,0.8691063463461773,0.9550415186003922,0.9483905226058846,1.3678774598864472,0.8745086123932927,True,True,True,True
894,0.9461017027014517,1.3843580261181094,0.8657216677727828,0.9348532817097985,0.953353233990068,1.3697249079160017,0.8711218017345269,False,True,True,False
895,0.940911609089843,1.3856690647482015,0.8683253032065127,0.9568914443667756,0.9482091483545553,1.3694355997348429,0.8739393624836506,True,True,True,True
896,0.9437097326469412,1.3833628841607566,0.8653151902249375,0.9445765323524926,0.9515342173898012,1.3682641401626385,0.8700494631796788,False,True,True,False
897,0.9471595313946781,1.3851264941427897,0.8680153470526683,0.9294018662077395,0.954136690077086,1.370115351670441,0.8733644082088402,False,True,True,False
898,0.946852573074873,1.3824337910954327,0.8674087962534788,0.9321247015353136,0.9536673336487439,1.3666539735867724,0.8723582547230364,False,True,True,False
899,0.9433007962175117,1.3882315600148118,0.8688141449039731,0.9461973820494826,0.9511759214648848,1.372718625532674,0.8741210808787165,False,True,True,False
900,0.945241688769534,1.3801984536528271,0.8669788581478217,0.9384338085430701,0.9527079111013363,1.3638254285852907,0.8724490592436261,False,True,True,False
901,0.9443515943737525,1.3898727732424598,0.8649485694780353,0.9420234086788538,0.9518314633182648,1.3748354281012585,0.870031296626953,False,True,True,False
902,0.940010237841915,1.3955799130279383,0.8665761751096996,0.958270469787967,0.9467601803088078,1.380181713249933,0.8720821868336817,True,True,True,True
903,0.9435994942992948,1.3824455940579752,0.8661621440816156,0.9450344049163428,0.9511927179727621,1.3673371132525818,0.8715245202979839,False,True,True,False
904,0.9432808030026707,1.383352302366387,0.8671314587386337,0.9463388252939111,0.9504798093775101,1.366826231637781,0.8724062045124046,False,True,True,False
905,0.9443643868474509,1.3893887770968627,0.8685623531638434,0.9416831993753519,0.951660559947422,1.374342280541822,0.873859695575029,False,True,True,False
906,0.9425722195969564,1.3835193102380583,0.8661163498327961,0.94862840710289,0.9501281912303761,1.367749253519074,0.8717720280793442,False,True,True,False
907,0.9423499397184946,1.3852344608439997,0.8673041054775431,0.9494122648561966,0.9490017548456628,1.3696098485932977,0.8725071942494083,True,True,True,True
908,0.9462278902974465,1.387297314253449,0.866744230982696,0.9334381407236334,0.9533403387743555,1.373087100470553,0.8723936584414536,False,True,True,False
909,0.9457597750471143,1.3820968571377905,0.866918428356977,0.9370613586459895,0.9526179302285986,1.3669692195086518,0.8716110706942134,False,True,True,False
910,0.941286633052591,1.386412989107087,0.8652653561923519,0.9538481636198307,0.9485739758936705,1.3716212852933964,0.8708594053520028,True,True,True,True
911,0.9442262274217116,1.3890900925280838,0.8663021806982711,0.9426200892553442,0.9511880594672585,1.3749367782249937,0.8716481089399245,False,True,True,False
912,0.9440696044109494,1.3803430717150742,0.8695180861938206,0.9432792772463103,0.9516294640287942,1.3648902547010497,0.8749613667826741,False,True,True,False
913,0.9409927457924573,1.390518575618334,0.8652905841132627,0.953966405205746,0.9478524304383047,1.3741630319244766,0.8703354559316121,True,True,True,True
914,0.9417934976520935,1.3851212565806508,0.8682567572619537,0.9528227953300359,0.9488029062697372,1.3688792906949065,0.8735246793414806,True,True,True,True
915,0.9457414620626473,1.385288757261647,0.8679844919808082,0.9356544975607062,0.9525385264082572,1.3721051238164863,0.8734377941351459,False,True,True,False
916,0.9422282559791514,1.3862868587423387,0.8673118597749366,0.9495845397813395,0.948966052096626,1.3727557555102456,0.8724647836830987,True,True,True,True
917,0.9455227889348742,1.3911615091140315,0.8655612266490609,0.9377663524389188,0.9521079906979575,1.3763208572389372,0.8710338702639104,False,True,True,False
918,0.9487059148633179,1.3910306478124526,0.865240856826791,0.9256243027463501,0.9555788878225919,1.3746601283382376,0.8706115943311751,False,True,True,False
919,0.9455619301400666,1.3835139940182781,0.8676797978321973,0.937921593387572,0.9527210623988186,1.3684428742878374,0.8730323780100906,False,True,True,False
920,0.9492674736846722,1.377960925455899,0.8668813490105327,0.9236767709183213,0.9563364264486904,1.3624758540053141,0.8716585792183116,False,True,True,False
921,0.9438570430875284,1.3899513645117079,0.8655788041556237,0.9441631879353545,0.9510258836549446,1.375049813023218,0.8707793289018511,False,True,True,False
922,0.9466262485572202,1.3896066108007448,0.8674400100506722,0.9330691467565972,0.9537731091263886,1.3748552837220496,0.8727500144023022,False,True,True,False
923,0.9442812584895975,1.379736594767587,0.8679281889437876,0.942554972339497,0.9509270386935423,1.3651818898836874,0.8732268906893421,False,True,True,False
924,0.9420851002902557,1.392340928521836,0.8671477377159977,0.9518406282833708,0.9490009689855946,1.3770433125402153,0.8724611637515549,True,True,True,True
925,0.9431841143463623,1.3928405904572103,0.865723044160036,0.9471445924545087,0.9499549318668941,1.3781280134953668,0.8709279404406615,True,True,True,True
926,0.9447452796473335,1.383137622456107,0.8649606367183453,0.9409001668983987,0.9517365240306273,1.3678435707282526,0.8700444240802037,False,True,True,False
927,0.9427612298958515,1.3890478938257358,0.8704813020829006,0.948667055735638,0.9501032301181896,1.3736446313861452,0.8758301275670106,False,True,True,False
928,0.943505823194129,1.3863245737030168,0.867370576096443,0.9457268865186783,0.9507930562950452,1.3716765386854137,0.8727442833027753,False,True,True,False
929,0.9437235859392076,1.3926671198199887,0.8652400207012333,0.9447467598295981,0.9509742264188404,1.3772544943502372,0.8708358235806184,False,True,True,False
930,0.9420629767463777,1.3861145663233725,0.8648778537647579,0.9508478615157036,0.9494549251218534,1.3686945275871754,0.8704237955202,True,True,True,True
931,0.9446635785512715,1.3927342726081258,0.8673892494801184,0.9412760190043452,0.9515961458188643,1.3776879831689381,0.8731980596808965,False,True,True,False
932,0.9431054033527014,1.3881847602235953,0.8673375098549521,0.9469619888159745,0.9503787327397711,1.3730474561557535,0.8721991822356482,False,True,True,False
933,0.9439363915550705,1.3855755728839891,0.8650957594994028,0.9437616941533815,0.9510144896631394,1.3709997763721842,0.870509002581031,False,True,True,False
934,0.9434386529405349,1.389385510508333,0.8664785062961354,0.9457856081404579,0.9507949216239177,1.3741522756790492,0.871404398387115,False,True,True,False
935,0.9426743685172094,1.3910103236283493,0.8666057922430974,0.9490686799206115,0.9497961996183146,1.376478343239719,0.8719617659300448,True,True,True,True
936,0.944975263012662,1.384717862513365,0.8670839819475356,0.9391954448840703,0.9522481630688316,1.3688601593343488,0.8724240562212013,False,True,True,False
937,0.9443395485010289,1.385157939528892,0.8692367902772401,0.9421682111125648,0.951361693116164,1.3692470238341685,0.8743841319420131,False,True,True,False
938,0.9438915058088075,1.3838251133283623,0.8663336697514498,0.9440535600906356,0.9507732211086914,1.3675372143559448,0.871377558413026,False,True,True,False
939,0.944966180492491,1.3870053795576809,0.8655783767011713,0.9402623399700263,0.951941329058716,1.3725314492054002,0.8708265864178311,False,True,True,False
940,0.9424431409962496,1.393170316035536,0.865334545604827,0.9502706110429946,0.9496759451689789,1.3783415256076939,0.8705799393499,True,True,True,True
941,0.9430944972108171,1.3881485897301025,0.8664758015283245,0.9470601808881767,0.9504833194024908,1.3720735423086778,0.8719021105119583,False,True,True,False
942,0.9446902136266548,1.3787203546005324,0.869606999488929,0.9413275894812932,0.9521710352084897,1.3631292472797296,0.8750763266627385,False,True,True,False
943,0.9462703404519427,1.385854156215299,0.8646644676100105,0.93277670662287,0.9535939879760603,1.3713093626273527,0.8696433742467817,False,True,True,False
944,0.9435874938900054,1.3825200690749557,0.8692013925519569,0.9449253663580555,0.9503046445168828,1.3660373165230397,0.8745221699654414,False,True,True,False
945,0.9452614096085256,1.386420618055274,0.8657862754187914,0.9384001776781744,0.9524570373125985,1.3704187053469903,0.8708694290736544,False,True,True,False
946,0.9470812225565262,1.38151775769615,0.8687861031459087,0.9304464842641788,0.954384413010298,1.3652678356149561,0.8745134957429443,False,True,True,False
947,0.9439157767121036,1.3933908028998694,0.8678582029427978,0.9438137643866839,0.9508598049175035,1.3792032189821084,0.8731341003646471,False,True,True,False
948,0.9403447583309735,1.3810932148751043,0.8684905927045814,0.957494235518405,0.9471964149275222,1.364880349728414,0.8737280212594168,True,True,True,True
949,0.9415596856735533,1.3904402698193952,0.8674013215093027,0.9518456385161975,0.9478616661350954,1.375429305247228,0.8725660482576212,True,True,True,True
950,0.9439494056662064,1.386770595736274,0.8683831084172992,0.9437124430162175,0.950874896545236,1.3724907056653732,0.8735954920613932,False,True,True,False
951,0.9403640873806262,1.3915096523309105,0.8676683412069998,0.9588029535202964,0.9473309961680026,1.3768266493282377,0.8729402545455295,True,True,True,True
952,0.9444033877750762,1.3841047762949976,0.8679005504143733,0.9417018816054208,0.9514083169054832,1.3696304299777793,0.8730025660149023,False,True,True,False
953,0.9426366950524931,1.3924702727497265,0.8657637340360835,0.9490101448738828,0.9503649808787712,1.376886742708216,0.8711816081016577,False,True,True,False
954,0.9448868971814265,1.3828197343898352,0.868032804255229,0.9400977738569338,0.9524272275442177,1.367725155319799,0.8734618553460672,False,True,True,False
955,0.9458749408212593,1.3800311500942701,0.8668844668844669,0.936325332504484,0.9531620040994631,1.3644691554667876,0.8721154551832463,False,True,True,False
956,0.9409049346949606,1.3877344000733576,0.867107453033951,0.9571401271589804,0.9485910714757104,1.3722709046432036,0.8722601812646174,True,True,True,True
957,0.9421594296753174,1.3854941265222545,0.8678315265450496,0.9519037254969197,0.9489858863187852,1.3698995757307657,0.8725130136861117,True,True,True,True
958,0.9448228677195304,1.3827503260397045,0.868539858064462,0.9402135985400017,0.9515252539661889,1.3682345121449564,0.8735081660434388,False,True,True,False
959,0.9428864558571524,1.3897984635622804,0.8663224749026839,0.9485709542336814,0.9501938475567054,1.3744954040366375,0.8715627979000876,False,True,True,False
960,0.9419125930443695,1.3809328450507086,0.8695186791966482,0.9507801816231327,0.9492889435514283,1.3653628947172742,0.875043630467183,True,True,True,True
961,0.9446593528432654,1.383251876216066,0.8648308082605256,0.9407401659106166,0.9515554678982102,1.3680685034311562,0.8700057408587007,False,True,True,False
962,0.9452533141237104,1.387844578475678,0.868365036996993,0.9385467308630806,0.9521436910764852,1.3717382648633007,0.8734641142473036,False,True,True,False
963,0.9397090603730384,1.3838688446119787,0.8686950355836497,0.9591307818288237,0.9466010711122409,1.3673775263912256,0.8741062127651503,True,True,True,True
964,0.9432631457626233,1.3888515271840516,0.8668014063453967,0.946317910368774,0.9504936629729912,1.3737181306022215,0.8718251115692859,False,True,True,False
965,0.943740934375304,1.389171517980455,0.8667623098671902,0.9446762749925476,0.9510584267389341,1.3734573805955907,0.8721128360532228,False,True,True,False
966,0.940935184906976,1.382741053039941,0.8679586254131063,0.9572928488806972,0.9481163135038407,1.3659891491289176,0.873543569887114,True,True,True,True
967,0.9427958580898534,1.3915302024891065,0.8656673652498527,0.9490098518192481,0.9502201827742005,1.3767830121363094,0.8711787005224406,False,True,True,False
968,0.9439549161496202,1.3865567630989488,0.8657874155401796,0.94369807013996,0.9512279291954172,1.3704748564119875,0.8714635868584464,False,True,True,False
969,0.9428619406637427,1.383477929369361,0.8666435645217856,0.9482787051947971,0.9497011504716322,1.370034800160922,0.8719223361614477,True,True,True,True
970,0.9413537198460639,1.3902678733349323,0.8664343932910024,0.9539978108278467,0.94840717467159,1.374229616734832,0.8720585342713415,True,True,True,True
971,0.9448537219039898,1.3911848714104091,0.8673786360022622,0.9396931891290796,0.9520930812744297,1.3758374826197508,0.872681032532501,False,True,True,False
972,0.9418242967955578,1.3853848046971136,0.86505771337453,0.9519963978476831,0.9488874351549927,1.3690243184324533,0.8701651012533721,True,True,True,True
973,0.9425135717200404,1.384405469504875,0.867259145206592,0.9491676691997672,0.949559105503099,1.3687367164835524,0.8726545675860988,True,True,True,True
974,0.9427208407316918,1.3821492264941313,0.8671525024113171,0.9481758454595796,0.9499176459014502,1.3654210509702442,0.8725602807795512,True,True,True,True
975,0.9448846793173632,1.3876506345313,0.8643559790962189,0.9403567511147386,0.952171507982353,1.3715980550002624,0.8694345828673556,False,True,True,False
976,0.945253390899596,1.386373064159292,0.8676141794456219,0.9381925668643216,0.9520703793874216,1.370927451548134,0.8728026102430626,False,True,True,False
977,0.9439078163629802,1.3840141995830282,0.8677474645897542,0.9437837210394466,0.9511582767366078,1.3674039920085748,0.8732424129911506,False,True,True,False
978,0.9449092514333829,1.3855291385210007,0.8657803142754773,0.9401465930056208,0.9526748859283344,1.3708610294876198,0.870732459078165,False,True,True,False
979,0.94412148092418,1.3899417869183701,0.8689643243955574,0.9428612874113348,0.951161131625773,1.3745467340250188,0.874388621399275,False,True,True,False
980,0.9456690740939673,1.382858812007079,0.8643820694739545,0.936213324677037,0.9526674570868612,1.367873300218228,0.8696432194019789,False,True,True,False
981,0.9435010352650249,1.385460486011844,0.8654558011631384,0.9454322756676498,0.9506341368020182,1.3695160301782774,0.8707548574309958,False,True,True,False
982,0.9442539256953714,1.3824151363383417,0.8670968944783665,0.9424206366816782,0.951378648471913,1.366542142283891,0.8724244371213937,False,True,True,False
983,0.9447072883985176,1.3864074145633172,0.8693648990485522,0.940746192689534,0.9512962306926924,1.3714665152658412,0.874635542044481,False,True,True,False
984,0.9446833722466512,1.3877471051570514,0.8660007284125926,0.9403498477467528,0.9514897563437424,1.3726875909366514,0.8711766497299199,False,True,True,False
985,0.9407875749194397,1.3973763781530582,0.8658543649151841,0.9570365457304576,0.9474232445990136,1.382205350873499,0.8705179775761219,True,True,True,True
986,0.9433294234832753,1.3822628560900905,0.8671737029755756,0.9461148821287229,0.9504394753485661,1.3665978592529144,0.8725087325815217,False,True,True,False
987,0.9421875203451189,1.3937666401838835,0.866052546842229,0.9499086286742504,0.9485712842221268,1.3783673999485875,0.871411379251324,True,True,True,True
988,0.9468481891937968,1.3778532600570503,0.8687317170559794,0.9338946841510751,0.9537353967043735,1.3635869732596086,0.8740415358423064,False,True,True,False
989,0.9438539827845142,1.387224788126093,0.8667997349409274,0.9441168744241557,0.9511342586864143,1.3721277746102587,0.8719161813743806,False,True,True,False
990,0.9452964969898637,1.3895224951059935,0.8653548051948052,0.9380662634197944,0.952593476154608,1.3741996439698516,0.8700186299008662,False,True,True,False
991,0.9423849767069996,1.3890066279595394,0.8664888716071716,0.94977020063477,0.9499028709276622,1.3736161252352326,0.8715370619737259,True,True,True,True
992,0.9424999417632133,1.3838721339770952,0.8676740138966724,0.9494692183602599,0.9490166780031352,1.369250675674801,0.8730976631811785,True,True,True,True
993,0.9446417021039807,1.3839517625231912,0.8644765064682619,0.9408266573549932,0.9517427996902971,1.36866033347425,0.8696512367833958,False,True,True,False
994,0.9445911413830238,1.3848855805297897,0.8651874123407436,0.9410893689564854,0.9521845088329326,1.3691738872894228,0.8707578011060715,False,True,True,False
995,0.9406579797935438,1.3938211250879156,0.8664667562816668,0.9579336778775098,0.9474441408072779,1.3785399492400356,0.8717995116418363,True,True,True,True
996,0.9405513656223035,1.390281646549056,0.8664376081587393,0.9573121891016162,0.9478440164153512,1.3749091399886668,0.8719187696238573,True,True,True,True
997,0.9446963133427585,1.3874742151883375,0.8664326228729917,0.9406279542354885,0.9518518730861563,1.3722790024333358,0.8716071867515294,False,True,True,False
998,0.9447183611631257,1.3864094057388976,0.8692018018547517,0.940635733558823,0.9520716437943896,1.3705507715308345,0.8743691496146404,False,True,True,False
999,0.944371864465561,1.3815348467571957,0.8686400053356009,0.9421542698428923,0.9514690611976783,1.3655674398527016,0.8740386317086141,False,True,True,False
